handle,name,category,reviews,rating,reviews_gained,rank_now,rank_change,days_observed,elapsed_days,reviews_per_day
judgeme,Judge.me Product Reviews App,store-design-site-optimization-seo,42398,5.0,0,1,0,1e-09,0.0,
tiktok,TikTok,marketing-and-conversion-advertising-ads,15188,4.8,0,3,0,1e-09,0.0,
flow,Shopify Flow,store-management-operations-workflow-automation,11375,4.7,0,1,0,1e-09,0.0,
loox,Loox ‑ Product Reviews App,marketing-and-conversion-social-trust-product-reviews,8785,4.9,0,8,0,1e-09,0.0,
pop-convert,"Pop Convert ‑ Pop Ups, Banners",store-design-notifications-pop-ups,8557,4.9,0,6,0,1e-09,0.0,
shop,Shop,sales-channels-selling-online-marketplaces,8154,4.8,0,7,0,1e-09,0.0,
subscriptions-by-appstle,Appstle℠ Subscriptions App,selling-products-payments-subscriptions,7962,5.0,0,1,0,1e-09,0.0,
ecomsend,SendWILL Popup Email Marketing,store-design-notifications-pop-ups,7458,4.9,0,2,0,1e-09,0.0,
dsers,DSers: Dropship+AliExpress+AI,finding-products-sourcing-options-dropshipping,5831,5.0,0,9,0,1e-09,0.0,
pagefly,PageFly Landing Page Builder,store-design-storefronts-page-builder,5654,4.9,0,10,0,1e-09,0.0,
inbox,Shopify Inbox,store-management-support-chat,5462,4.6,0,3,0,1e-09,0.0,
booster-apps-seo-optimizer,BOOSTER AI SEO + AEO OPTIMIZER,store-design-images-and-media-image-editor,5233,4.9,0,7,0,1e-09,0.0,
google,Google & YouTube,marketing-and-conversion-advertising-ads,5026,4.5,0,2,0,1e-09,0.0,
bundle-deals,Kaching Bundles App & Upsells,marketing-and-conversion-upsell-and-bundles-product-bundles,4947,5.0,0,2,0,1e-09,0.0,
facebook,Facebook & Instagram,marketing-and-conversion-advertising-ads,4872,3.7,0,5,0,1e-09,0.0,
product-options-pro,"Globo Product Options, Variant",selling-products-custom-products-product-variants,4669,4.9,0,2,0,1e-09,0.0,
yotpo-social-reviews,Yotpo: Product Reviews App,store-design-site-optimization-seo,4391,4.8,0,32,0,1e-09,0.0,
google-shopping-feed,Simprosys Google Shopping Feed,sales-channels-selling-online-marketplaces,4334,4.9,0,1,0,1e-09,0.0,
avada-seo-suite,Avada AI SEO Image Optimizer,store-design-images-and-media-image-editor,4325,4.9,0,10,0,1e-09,0.0,
printify,Printify: Print on Demand,finding-products-sourcing-options-dropshipping,4246,4.7,0,5,0,1e-09,0.0,
smile-io,Smile: Loyalty Program Rewards,store-design-notifications-pop-ups,4147,4.9,0,1,0,1e-09,0.0,
shopify-messaging,Shopify Messaging,marketing-and-conversion-marketing-sms-marketing,4037,4.7,0,7,0,1e-09,0.0,
freegifts,BOGOS: Free Gift Bundle Upsell,marketing-and-conversion-upsell-and-bundles-product-bundles,3995,5.0,0,7,0,1e-09,0.0,
privy,"Privy ‑ Email, SMS & Pop Ups",marketing-and-conversion-marketing-sms-marketing,3975,4.5,0,23,0,1e-09,0.0,
gempages,GemPages Landing Page Builder,store-design-storefronts-page-builder,3935,4.9,0,4,0,1e-09,0.0,
17track,17TRACK Order Tracking,orders-and-shipping-shipping-solutions-shipping,3777,4.9,0,1,0,1e-09,0.0,
cartbite,"Back In Stock,Notify Me: Kbite",marketing-and-conversion-upsell-and-bundles-stock-alerts,3764,5.0,0,1,0,1e-09,0.0,
printful,Printful: Print on Demand,finding-products-sourcing-options-dropshipping,3661,4.8,0,9,0,1e-09,0.0,
affliate-by-secomapp,UpPromote Affiliate Marketing,marketing-and-conversion-advertising-affiliate-programs,3556,4.9,0,1,0,1e-09,0.0,
preorder-back-in-stock,Notify Me! Back in Stock Alert,marketing-and-conversion-upsell-and-bundles-pre-orders,3444,4.9,0,2,0,1e-09,0.0,
back-in-stock-restock-alerts,"Preorder, Back In Stock ‑ STOQ",marketing-and-conversion-upsell-and-bundles-pre-orders,3421,5.0,0,3,0,1e-09,0.0,
product-reviews-addon,Stamped Reviews & Loyalty,marketing-and-conversion-social-trust-product-reviews,3410,4.7,0,64,0,1e-09,0.0,
ecomposer,EComposer Landing Page Builder,store-design-storefronts-page-builder,3356,4.9,0,2,0,1e-09,0.0,
qbconnector,QuickBooks Online,store-management-finances-accounting,3165,4.8,0,1,0,1e-09,0.0,
pumper-quantity-breaks-product-bundles-discounts,Pumper Bundles Quantity Breaks,marketing-and-conversion-promotions-discounts,3159,4.9,0,1,0,1e-09,0.0,
air-reviews,AG Product Reviews App & UGC,marketing-and-conversion-social-trust-product-reviews,2970,5.0,0,2,0,1e-09,0.0,
subscription-payments,Recharge Subscriptions App,selling-products-payments-subscriptions,2936,4.8,0,12,0,1e-09,0.0,
omnisend,Omnisend Email Marketing & SMS,store-design-notifications-pop-ups,2935,4.8,0,4,0,1e-09,0.0,
klaviyo-email-marketing,Klaviyo: Email Marketing & SMS,marketing-and-conversion-marketing-sms-marketing,2919,4.7,0,1,0,1e-09,0.0,
seal-subscriptions,Seal Subscriptions App,selling-products-payments-subscriptions,2904,4.9,0,3,0,1e-09,0.0,
gdpr-cookie-consent,Pandectes GDPR Compliance,store-design-internationalization-cookie-consent,2875,5.0,0,2,0,1e-09,0.0,
parcelpanel,CWILL Order Tracking,orders-and-shipping-shipping-solutions-shipping,2842,5.0,0,3,0,1e-09,0.0,
easify-product-options,Easify Custom Product Options,selling-products-custom-products-product-variants,2828,4.9,0,1,0,1e-09,0.0,
vitals,"Vitals: Reviews, Bundles & 40+",marketing-and-conversion-upsell-and-bundles-product-bundles,2786,4.9,0,18,0,1e-09,0.0,
free-shipping-bar,Hextom: Free Shipping Bar,store-design-notifications-banners,2781,4.9,0,6,0,1e-09,0.0,
reconvert-upsell-cross-sell,Upsell.com ‑ ReConvert Upsell,marketing-and-conversion-checkout-cart-customization,2773,4.8,0,23,0,1e-09,0.0,
variant-swatch-king,Color Swatch King: Variants,selling-products-custom-products-product-variants,2741,5.0,0,11,0,1e-09,0.0,
section-factory,Section Store: Theme Sections,store-design-storefronts-page-builder,2664,4.9,0,1,0,1e-09,0.0,
order-printer-pro,Order Printer Pro: PDF Invoice,orders-and-shipping-orders-invoices-and-receipts,2643,4.9,0,1,0,1e-09,0.0,
cucheng,CJdropshipping: Much Faster,finding-products-sourcing-options-dropshipping,2505,4.9,0,6,0,1e-09,0.0,
releasit-cod-order-form,Releasit COD Form & Upsells,selling-products-payments-pay-later,2491,4.9,0,3,0,1e-09,0.0,
transcy-multiple-languages,Transcy: AI Language Translate,store-design-internationalization-currency-and-translation,2487,4.5,0,15,0,1e-09,0.0,
bundler-product-bundles,Bundler ‑ Product Bundles App,marketing-and-conversion-upsell-and-bundles-product-bundles,2457,4.9,0,11,0,1e-09,0.0,
upsell-cross-sell-kit-1,Upsell & Cross Sell — Selleasy,marketing-and-conversion-upsell-and-bundles-product-bundles,2449,4.9,0,3,0,1e-09,0.0,
google-seo-schema-meta-data,"Tapita AI SEO Optimizer, Speed",store-design-images-and-media-image-editor,2437,5.0,0,5,0,1e-09,0.0,
custom-options,Infinite Product Options,selling-products-custom-products-product-variants,2407,4.7,0,15,0,1e-09,0.0,
seo-booster,"SearchPie: SEO, Speed & Schema",store-design-images-and-media-image-editor,2324,4.9,0,8,0,1e-09,0.0,
form-builder-contact-form,Powerful Contact Form Builder,store-design-notifications-forms,2290,4.9,0,1,0,1e-09,0.0,
automizely-messages,"AfterShip Email Marketing,SMS",marketing-and-conversion-marketing-sms-marketing,2265,4.8,0,26,0,1e-09,0.0,
seolab,SEOLab: All in #1 SEO — AI SEO,store-design-images-and-media-image-editor,2232,5.0,0,3,0,1e-09,0.0,
smart-image-optimizer,Tiny SEO Speed Image Optimizer,store-design-images-and-media-image-editor,2231,5.0,0,1,0,1e-09,0.0,
product-options-by-bss,"OPTIS Product Options, Variant",selling-products-custom-products-product-variants,2228,4.9,0,1,0,1e-09,0.0,
quick-announcement-bar-always-keep-your-customers-informed,Hextom: Quick Announcement Bar,store-design-notifications-banners,2221,4.9,0,21,0,1e-09,0.0,
essential-post-purchase-upsell,Essential Upsell & Cross Sell,marketing-and-conversion-checkout-cart-customization,2187,5.0,0,1,0,1e-09,0.0,
product-filter-and-search,Smart Product Filter & Search,store-design-search-and-navigation-search-and-filters,2167,4.9,0,1,0,1e-09,0.0,
eu-widerrufsbutton,EU Withdrawal Button & Form,store-management-security-legal,2165,4.9,0,1,0,1e-09,0.0,
cowlendar,Appointment Booking Cowlendar,selling-products-digital-goods-and-services-event-booking,2135,4.9,0,2,0,1e-09,0.0,
pushowl,"Brevo PushOwl: Email,Push,SMS",marketing-and-conversion-marketing-sms-marketing,2007,4.8,0,2,0,1e-09,0.0,
fera,Fera Product Reviews App,marketing-and-conversion-social-trust-product-reviews,1976,4.8,0,39,0,1e-09,0.0,
quicksync-etsy,Etsy Integration by QuickSync,orders-and-shipping-inventory-inventory-optimization,1924,4.9,0,5,0,1e-09,0.0,
marketplace-connect,Shopify Marketplace Connect,sales-channels-selling-online-store-data-importer,1921,4.3,0,17,0,1e-09,0.0,
timesact-discount-pre-order,Preorder Now Presale Timesact,marketing-and-conversion-upsell-and-bundles-pre-orders,1921,5.0,0,4,0,1e-09,0.0,
instafeed,Instafeed ‑ Instagram Feed,store-design-images-and-media-image-gallery,1913,4.9,0,1,0,1e-09,0.0,
data-export,Data Export IO: Reports,store-management-operations-analytics,1905,5.0,0,9,0,1e-09,0.0,
form-builder-by-hulkapps,Hulk Contact Form Builder,store-design-notifications-forms,1876,4.9,0,2,0,1e-09,0.0,
shogun,Shogun ‑ Landing Page Builder,store-design-storefronts-page-builder,1871,4.8,0,48,0,1e-09,0.0,
gdpr-backpack,Consentmo GDPR Compliance,store-design-internationalization-cookie-consent,1865,5.0,0,1,0,1e-09,0.0,
report-pundit,Report Pundit: Custom Reports,store-management-operations-analytics,1853,5.0,0,2,0,1e-09,0.0,
pre-order-pro,PreOrder Globo | Back in Stock,marketing-and-conversion-upsell-and-bundles-pre-orders,1793,4.9,0,5,0,1e-09,0.0,
bon-loyalty-rewards,BON Loyalty Program & Rewards,store-design-notifications-pop-ups,1792,5.0,0,3,0,1e-09,0.0,
click-and-collect,Zapiet ‑ Pickup + Delivery,orders-and-shipping-shipping-solutions-delivery-and-pickup,1782,4.9,0,7,0,1e-09,0.0,
chatty,Chatty AI Chatbot & Live Chat,store-management-support-faq,1779,4.9,0,1,0,1e-09,0.0,
microsoft-clarity,Microsoft Clarity: AI Insights,store-management-operations-analytics,1738,4.6,0,5,0,1e-09,0.0,
seo-master,SEOWILL: AI SEO & AI Blog Post,store-design-content-blogs,1714,4.9,0,1,0,1e-09,0.0,
joyio,Joy Loyalty Program & Rewards,marketing-and-conversion-promotions-discounts,1690,4.9,0,7,0,1e-09,0.0,
trendsi,Trendsi: Fashion Dropshipping,finding-products-sourcing-options-dropshipping,1669,4.9,0,14,0,1e-09,0.0,
globo-color-swatches,GLO Color Swatch Variant Image,selling-products-custom-products-product-variants,1660,5.0,0,3,0,1e-09,0.0,
pinterest,Pinterest,marketing-and-conversion-advertising-ads,1619,4.2,0,7,0,1e-09,0.0,
aris-product-options,"Aris Product Options, Variants",selling-products-custom-products-product-variants,1616,4.9,0,9,0,1e-09,0.0,
track123,Track123 Order Tracking,orders-and-shipping-shipping-solutions-shipping,1549,4.9,0,2,0,1e-09,0.0,
essential-countdown-timer,Essential Countdown Timer Bar,store-design-notifications-banners,1536,5.0,0,2,0,1e-09,0.0,
appointly,Appointment Booking App Apntly,selling-products-digital-goods-and-services-event-booking,1530,5.0,0,1,0,1e-09,0.0,
multi-seasonal-effects,Dakaas AI 3D Seasonal Effects,store-design-design-elements-animation-and-effects,1520,4.9,0,1,0,1e-09,0.0,
blockify,"Blockify Fraud Filter, Blocker",store-management-security-fraud,1501,4.9,0,1,0,1e-09,0.0,
avada-boost-sales,Avada Boost Sales Trust Badges,store-design-design-elements-badges-and-icons,1496,5.0,0,19,0,1e-09,0.0,
product-filter-search,Boost AI Search & Filter,store-design-search-and-navigation-search-and-filters,1496,4.7,0,9,0,1e-09,0.0,
sealapps-product-review,CWILL(Trustoo) Product Reviews,marketing-and-conversion-marketing-email-marketing,1492,4.9,0,10,0,1e-09,0.0,
aov-bundle-upsell,AOV.ai Bundles Upsell,marketing-and-conversion-upsell-and-bundles-product-bundles,1491,5.0,0,12,0,1e-09,0.0,
product-labels,DECO Product Labels & Badges,store-design-design-elements-badges-and-icons,1487,5.0,0,1,0,1e-09,0.0,
globo-mega-menu,"Globo Mega Menu, Navigation",store-design-search-and-navigation-navigation-and-menus,1478,4.9,0,1,0,1e-09,0.0,
custom-pricing-discounts-by-appikon,Shopacado ‑ Volume Discounts,selling-products-pricing-pricing-optimization,1444,4.7,0,33,0,1e-09,0.0,
ultimate-sales-boost,Hextom: Upsell Sales Boost,marketing-and-conversion-upsell-and-bundles-countdown-timer,1428,4.8,0,6,0,1e-09,0.0,
referralcandy,Referral Candy & Affiliate,marketing-and-conversion-advertising-affiliate-programs,1404,4.9,0,11,0,1e-09,0.0,
translate-and-adapt,Shopify Translate & Adapt,store-design-internationalization-currency-and-translation,1394,4.5,0,11,0,1e-09,0.0,
returns-center-by-aftership,AfterShip Returns & Exchanges,orders-and-shipping-returns-and-warranty-returns-and-exchanges,1392,4.7,0,5,0,1e-09,0.0,
rivo-loyalty,"Rivo: Loyalty Program, Rewards",marketing-and-conversion-customer-loyalty-loyalty-and-rewards,1391,4.7,0,15,0,1e-09,0.0,
ali-reviews,Ali Reviews: AI Product Review,marketing-and-conversion-marketing-email-marketing,1389,4.8,0,17,0,1e-09,0.0,
google-reviews-trust-badge,Google Reviews by Reputon,marketing-and-conversion-social-trust-social-proof,1387,4.9,0,3,0,1e-09,0.0,
customer-back-in-stock-alert-user-notification-app,Appikon ‑ Back In Stock,marketing-and-conversion-marketing-sms-marketing,1363,4.7,0,30,0,1e-09,0.0,
swym-relay,Swym Wishlist Plus,marketing-and-conversion-customer-loyalty-wishlists,1340,4.8,0,11,0,1e-09,0.0,
excel-export-import,Matrixify,store-management-operations-bulk-editor,1334,4.9,0,1,0,1e-09,0.0,
layout-hub,LayoutHub ‑ Easy Page Builder,store-design-storefronts-page-builder,1329,5.0,0,9,0,1e-09,0.0,
okendo-reviews,Okendo: Reviews & Loyalty,marketing-and-conversion-social-trust-product-reviews,1308,4.9,0,22,0,1e-09,0.0,
aftership,AfterShip Order Tracking,orders-and-shipping-shipping-solutions-shipping,1305,4.6,0,16,0,1e-09,0.0,
mailchimp,Mailchimp Email SMS Marketing,marketing-and-conversion-marketing-sms-marketing,1303,4.8,0,6,0,1e-09,0.0,
product-labels-by-bss,TA AI Product Labels & Badges,store-design-design-elements-badges-and-icons,1303,4.9,0,9,0,1e-09,0.0,
rez-back-in-stock-notify-me,"REZ Preorder, Back In Stock",marketing-and-conversion-upsell-and-bundles-pre-orders,1284,5.0,0,1,0,1e-09,0.0,
rapi,Rapi Bundles Volume Discounts,marketing-and-conversion-upsell-and-bundles-product-bundles,1280,5.0,0,28,0,1e-09,0.0,
product-personalizer,Zepto Product Personalizer,selling-products-custom-products-product-variants,1270,4.9,0,22,0,1e-09,0.0,
order-delivery-date-time,Pickup Delivery Date Pickeasy,selling-products-digital-goods-and-services-event-booking,1254,5.0,0,6,0,1e-09,0.0,
tidio-chat,Tidio ‑ Live Chat & AI Chatbot,store-management-support-helpdesk,1240,4.8,0,5,0,1e-09,0.0,
autods,Auto DS: AI Dropshipping & POD,finding-products-sourcing-options-dropshipping,1222,4.5,0,23,0,1e-09,0.0,
appstle-loyalty,Appstle Loyalty Program Reward,marketing-and-conversion-customer-loyalty-loyalty-and-rewards,1221,5.0,0,4,0,1e-09,0.0,
bixgrow-affiliate-marketing,BixGrow Affiliate Marketing,marketing-and-conversion-advertising-affiliate-programs,1219,4.9,0,2,0,1e-09,0.0,
essential-announcement-bar,Essential Announcement Bar,store-design-notifications-banners,1218,5.0,0,16,0,1e-09,0.0,
product-options,SC Product Options,selling-products-custom-products-product-variants,1195,4.6,0,16,0,1e-09,0.0,
bss-banner-pop-up,"TA Banner Slider, Sales Pop up",store-design-notifications-pop-ups,1187,5.0,0,7,0,1e-09,0.0,
essential-pre-order,Essent Preorder Back in Stock,marketing-and-conversion-upsell-and-bundles-pre-orders,1181,5.0,0,6,0,1e-09,0.0,
etsy-marketplace-integration,Etsy Integration ‑ CedCommerce,sales-channels-selling-online-store-data-importer,1181,4.6,0,10,0,1e-09,0.0,
translate-my-store,Hextom AI Translate & Currency,store-design-internationalization-currency-and-translation,1180,4.7,0,9,0,1e-09,0.0,
growave,Growave: Loyalty & Wishlist,marketing-and-conversion-customer-loyalty-loyalty-and-rewards,1174,4.8,0,4,0,1e-09,0.0,
discounty-bulk-discount-sales,Discounty: Bulk Discount Sales,selling-products-pricing-pricing-optimization,1168,4.9,0,2,0,1e-09,0.0,
shipping-rates,ShipX ‑ Shipping Rates & Rules,orders-and-shipping-shipping-solutions-shipping-rates,1159,5.0,0,6,0,1e-09,0.0,
product-labels-badges-samita,Sami AI Product Labels & Badge,store-design-design-elements-badges-and-icons,1146,5.0,0,5,0,1e-09,0.0,
zendrop,Zendrop: AI Dropshipping & POD,finding-products-sourcing-options-dropshipping,1146,4.5,0,11,0,1e-09,0.0,
faire-buy-wholesale,Faire: Buy Wholesale,finding-products-sourcing-options-wholesale,1143,4.9,0,1,0,1e-09,0.0,
postscript-sms-marketing,Postscript SMS Marketing,marketing-and-conversion-marketing-sms-marketing,1143,4.7,0,11,0,1e-09,0.0,
product-customizer,PC ‑ Custom Product Options,selling-products-custom-products-product-variants,1141,4.7,0,43,0,1e-09,0.0,
product-options-by-hulkapps-1,Hulk Product Options,selling-products-custom-products-product-variants,1139,4.8,0,3,0,1e-09,0.0,
ebay-integration-sync,eBay Integration ‑ DPL,orders-and-shipping-inventory-inventory-sync,1136,4.9,0,3,0,1e-09,0.0,
betterreports,BR ‑ Better Reports,store-management-operations-analytics,1135,5.0,0,14,0,1e-09,0.0,
vify-order-printer,Vify Order Printer PDF Invoice,orders-and-shipping-orders-invoices-and-receipts,1122,4.9,0,80,0,1e-09,0.0,
bucks-currency-converter,BUCKS Currency Converter PRO++,store-design-internationalization-currency-and-translation,1120,4.9,0,1,0,1e-09,0.0,
pendora-digital-download,Digital Downloads PDF Pendora,selling-products-digital-goods-and-services-digital-products,1096,5.0,0,1,0,1e-09,0.0,
cart-upsell,Kaching CartDrawer Cart Upsell,marketing-and-conversion-checkout-cart-customization,1092,5.0,0,2,0,1e-09,0.0,
kiwi-sizing,Kiwi Size Chart & Recommender,selling-products-custom-products-product-variants,1085,4.8,0,1,0,1e-09,0.0,
junip,Junip Product Reviews App & AI,marketing-and-conversion-social-trust-product-reviews,1075,4.8,0,6,0,1e-09,0.0,
reputon-store-reviews,Reputon Customer Reviews App,marketing-and-conversion-social-trust-product-reviews,1070,4.9,0,7,0,1e-09,0.0,
b2b-solution-custom-pricing,BSS B2B Wholesale Pricing,selling-products-pricing-pricing-optimization,1068,4.9,0,3,0,1e-09,0.0,
searchanise,Searchanise Search & Filter,store-design-search-and-navigation-search-and-filters,1067,4.7,0,6,0,1e-09,0.0,
amazon-by-cedcommerce,CedCommerce Amazon Channel,sales-channels-selling-online-marketplaces,1065,4.7,0,2,0,1e-09,0.0,
bundle-builder,Easy Bundles: Bundle Builder,marketing-and-conversion-upsell-and-bundles-product-bundles,1055,4.9,0,5,0,1e-09,0.0,
doubly-currency-converter,Beast Currency Converter,store-design-internationalization-currency-and-translation,1053,4.6,0,18,0,1e-09,0.0,
frequently-bought-together,Frequently Bought Together CBB,marketing-and-conversion-upsell-and-bundles-product-bundles,1027,4.9,0,29,0,1e-09,0.0,
essential-icon-badge-banners,Essential Trust Badges & Icons,store-design-notifications-banners,1020,5.0,0,3,0,1e-09,0.0,
bulk-product-edit,Hextom: Bulk Product Edit,store-management-operations-bulk-editor,1018,4.9,0,9,0,1e-09,0.0,
automizely-loyalty,AfterShip Referral & Affiliate,marketing-and-conversion-advertising-affiliate-programs,1005,4.9,0,22,0,1e-09,0.0,
affiliatery,Affiliate Marketing ReferrLy,marketing-and-conversion-advertising-affiliate-programs,1000,5.0,0,3,0,1e-09,0.0,
gifter-cart-auto-include,EG Auto Add to Cart Free Gift,marketing-and-conversion-promotions-discounts,997,5.0,0,5,0,1e-09,0.0,
announcement-bar-maker-by-apphero,"Attrac Popup, Announcement Bar",store-design-notifications-pop-ups,995,5.0,0,1,0,1e-09,0.0,
recent-sales-popup-notifications-1,SP Sales Pop up Social Proof,store-design-notifications-pop-ups,986,4.9,0,20,0,1e-09,0.0,
preorder-now,PreOrder Now Backorder WOD,marketing-and-conversion-upsell-and-bundles-pre-orders,980,4.5,0,19,0,1e-09,0.0,
one,"ONE: AI, Pop Up, SMS Marketing",marketing-and-conversion-marketing-sms-marketing,976,4.9,0,35,0,1e-09,0.0,
kite-free-gift,"Kite Discount, Free Gift, BOGO",marketing-and-conversion-promotions-discounts,969,4.9,0,4,0,1e-09,0.0,
appstle-bundles,Appstle℠ Bundles App & Upsells,selling-products-pricing-pricing-optimization,966,5.0,0,1,0,1e-09,0.0,
multiple-google-shopping-feeds,Multifeed Google Shopping Feed,sales-channels-selling-online-product-feeds,964,4.9,0,2,0,1e-09,0.0,
gelato-print-on-demand,Gelato: Print on Demand,finding-products-sourcing-options-dropshipping,959,4.8,0,13,0,1e-09,0.0,
live-chat-and-cloud-api,"Pushdaddy Many Chat ,Cloud API",marketing-and-conversion-marketing-abandoned-cart,958,4.3,0,83,0,1e-09,0.0,
auto-currency-switcher,MLV Auto Currency Switcher,store-design-internationalization-currency-and-translation,938,4.8,0,27,0,1e-09,0.0,
digital-downloads,Digital Products,selling-products-digital-goods-and-services-digital-products,937,4.7,0,7,0,1e-09,0.0,
b2b-wholesale-lock-hide-price,"Sami B2B Lock,Password Protect",store-management-security-accounts-and-login,920,4.9,0,1,0,1e-09,0.0,
content-translation,T Lab ‑ AI Language Translate,store-design-internationalization-currency-and-translation,920,4.9,0,2,0,1e-09,0.0,
easy-order-form,EasySell COD Form & Upsells,selling-products-payments-pay-later,919,4.9,0,2,0,1e-09,0.0,
wholesale-sami,Sami B2B Wholesale Pricing,marketing-and-conversion-promotions-discounts,918,4.9,0,10,0,1e-09,0.0,
cash-on-delivery-cod-order-confirmation,COD King‑Part COD & OTP Verify,selling-products-payments-pay-later,914,5.0,0,1,0,1e-09,0.0,
tepo-product-options,Qikify Custom Product Options,selling-products-custom-products-product-variants,897,4.9,0,24,0,1e-09,0.0,
rivyo-product-review,Rivyo ‑ Product Reviews App,marketing-and-conversion-social-trust-product-reviews,892,4.9,0,26,0,1e-09,0.0,
swell,Yotpo: Loyalty Rewards Program,marketing-and-conversion-customer-loyalty-loyalty-and-rewards,891,4.8,0,42,0,1e-09,0.0,
subi-subscriptions-memberships,Subi Subscriptions App,selling-products-payments-subscriptions,889,4.9,0,11,0,1e-09,0.0,
litcommerce,LitCommerce eBay Etsy Amazon +,sales-channels-selling-online-marketplaces,884,4.9,0,5,0,1e-09,0.0,
goaffpro,GOAFFPRO ‑ Affiliate Marketing,marketing-and-conversion-advertising-affiliate-programs,882,4.6,0,7,0,1e-09,0.0,
shoppop,SalesPop: Order & Sales Popup,store-design-notifications-pop-ups,882,4.7,0,43,0,1e-09,0.0,
vajro,Superfans ‑ Mobile App Builder,store-design-storefronts-mobile-app-builder,880,4.9,0,11,0,1e-09,0.0,
etsy-integration-sync,Etsy Integration ‑ DPL,sales-channels-selling-online-marketplaces,879,4.9,0,10,0,1e-09,0.0,
facebook-multi-pixels,Omega Facebook Pixel Meta Feed,marketing-and-conversion-advertising-ads,876,4.8,0,3,0,1e-09,0.0,
appointo-appointments-and-bookings,Appointment Booking App ointo,selling-products-digital-goods-and-services-event-booking,874,4.9,0,8,0,1e-09,0.0,
ecc-quickbooks-integration-for-shopify,Webgility ‑ QuickBooks Online,store-management-finances-accounting,869,4.9,0,28,0,1e-09,0.0,
aftersell,Aftersell Post Purchase Upsell,marketing-and-conversion-upsell-and-bundles-upsell-and-cross-sell,866,4.8,0,8,0,1e-09,0.0,
ebay-integration,CedCommerce eBay Integration,sales-channels-selling-online-marketplaces,865,4.8,0,41,0,1e-09,0.0,
packlink-pro,Packlink PRO Shipping Platform,orders-and-shipping-shipping-solutions-delivery-and-pickup,862,4.8,0,4,0,1e-09,0.0,
digital-download-products,BIG Digital Downloads File PDF,selling-products-digital-goods-and-services-digital-products,859,5.0,0,8,0,1e-09,0.0,
omnise,Omnise ✧ AI Page Builder,store-design-storefronts-page-builder,852,4.9,0,7,0,1e-09,0.0,
smart-seo,Sherpas: Smart SEO,store-design-images-and-media-image-editor,847,4.9,0,2,0,1e-09,0.0,
essential-estimated-delivery,Essent Estimated Delivery Date,orders-and-shipping-shipping-solutions-shipping-rates,846,5.0,0,2,0,1e-09,0.0,
avada-cookie-bar,Avada GDPR Cookies Consent,store-design-internationalization-cookie-consent,845,5.0,0,4,0,1e-09,0.0,
essential-order-value-booster,Essent FreeShipping Upsell App,marketing-and-conversion-checkout-cart-customization,844,5.0,0,7,0,1e-09,0.0,
upcart-cart-builder,Upcart—Cart Drawer Cart Upsell,marketing-and-conversion-checkout-cart-customization,839,4.7,0,28,0,1e-09,0.0,
back-in-stock,Amp Back in Stock | Preorder,marketing-and-conversion-upsell-and-bundles-pre-orders,820,4.9,0,9,0,1e-09,0.0,
appstle-memberships,Appstle℠ Memberships,selling-products-payments-subscriptions,819,5.0,0,4,0,1e-09,0.0,
eu-cookie-bar,Nova: GDPR Cookie Consent,store-design-notifications-banners,819,4.7,0,49,0,1e-09,0.0,
avada-size-chart,MP Size Chart & Size Guide,selling-products-custom-products-product-variants,816,5.0,0,3,0,1e-09,0.0,
stock-sync,syncX Stock Sync Inventory CSV,sales-channels-selling-online-store-data-importer,804,4.8,0,4,0,1e-09,0.0,
lucky-orange,Lucky Orange Heatmaps & Replay,store-management-operations-analytics,802,4.7,0,70,0,1e-09,0.0,
trueprofit,TP: True Profit Analytics,store-management-operations-analytics,801,5.0,0,6,0,1e-09,0.0,
kaching-subscriptions,Kaching Subscriptions App,selling-products-payments-subscriptions,800,5.0,0,2,0,1e-09,0.0,
webrex-seo-schema,"Webrex: Schema, AEO, AI SEO",store-design-site-optimization-seo,798,4.9,0,14,0,1e-09,0.0,
super-trust-badges,Hoppy Trust Badges & Icons,store-design-notifications-banners,797,4.9,0,2,0,1e-09,0.0,
avada-upsell,AOV Free Gift BOGO Buy X Get Y,marketing-and-conversion-promotions-discounts,787,5.0,0,13,0,1e-09,0.0,
weglot,Weglot: AI Translation & SEO,store-design-internationalization-currency-and-translation,784,4.5,0,34,0,1e-09,0.0,
ez-label,EZLabel: Australia Post Ship,orders-and-shipping-shipping-solutions-shipping,782,5.0,0,4,0,1e-09,0.0,
bulk-product-editor,Ablestar Bulk Product Editor,store-management-operations-bulk-editor,779,4.9,0,4,0,1e-09,0.0,
loloyal,CWILL: Loyalty Program Rewards,marketing-and-conversion-customer-loyalty-loyalty-and-rewards,779,4.9,0,23,0,1e-09,0.0,
optis-color-swatch-variants,OP Color Swatch Variant Images,selling-products-custom-products-product-variants,775,5.0,0,13,0,1e-09,0.0,
dondy-marketing-ai,Dondy: WhatsApp Marketing+Chat,store-management-support-chat,765,4.8,0,1,0,1e-09,0.0,
aov-cart-drawer,AOV.ai Cart Drawer Cart Upsell,marketing-and-conversion-checkout-cart-customization,764,5.0,0,10,0,1e-09,0.0,
bloy-loyalty,BLOY Loyalty Points & Rewards,marketing-and-conversion-customer-loyalty-loyalty-and-rewards,761,5.0,0,18,0,1e-09,0.0,
profitkoala-upsell-bundle,Koala Bundles Volume Discounts,marketing-and-conversion-promotions-discounts,753,4.9,0,38,0,1e-09,0.0,
automizely-reviews,AfterShip Product Reviews,marketing-and-conversion-social-trust-product-reviews,752,4.9,0,83,0,1e-09,0.0,
essential-cart-drawer,Essent Cart Drawer Cart Upsell,marketing-and-conversion-checkout-cart-customization,749,5.0,0,4,0,1e-09,0.0,
doofinder,DOOFINDER ‑ Search & Discovery,store-design-search-and-navigation-search-and-filters,742,4.7,0,40,0,1e-09,0.0,
rebuy,Rebuy Personalization Engine,marketing-and-conversion-checkout-cart-customization,741,4.7,0,21,0,1e-09,0.0,
ap-speed-optimizer,Avada Image & Page Speed Up,store-design-images-and-media-image-editor,734,5.0,0,4,0,1e-09,0.0,
auto-currency-switcher-1,Nova: Multi Currency Converter,store-design-internationalization-currency-and-translation,730,4.9,0,5,0,1e-09,0.0,
simple-bundles,Simple Bundles & Kits,marketing-and-conversion-upsell-and-bundles-product-bundles,727,4.8,0,10,0,1e-09,0.0,
slashcart-tiktok-shop-sync,TikTok Shop Integration — SPL,sales-channels-selling-online-marketplaces,721,4.9,0,1,0,1e-09,0.0,
transtore-language-and-currency,TS ‑ AI Language Translate,store-design-internationalization-currency-and-translation,721,4.6,0,12,0,1e-09,0.0,
shopify-subscriptions,Shopify Subscriptions,selling-products-payments-subscriptions,720,3.7,0,9,0,1e-09,0.0,
return-prime,Return Prime:Return & Exchange,orders-and-shipping-shipping-solutions-shipping,719,4.8,0,7,0,1e-09,0.0,
event-promotion-bar,Hextom: Countdown Timer Bar,marketing-and-conversion-promotions-discounts,717,4.9,0,8,0,1e-09,0.0,
shopney-mobile-app,Shopney ‑ Mobile App Builder,store-design-storefronts-mobile-app-builder,713,5.0,0,2,0,1e-09,0.0,
gift-card-loyalty-program,Rise Gift Cards & Store Credit,marketing-and-conversion-gifts-gift-cards,707,4.8,0,7,0,1e-09,0.0,
product-bundles-discounts-by-revy,Unlimited Bundles & Discounts,marketing-and-conversion-promotions-discounts,692,4.8,0,41,0,1e-09,0.0,
reviews-co-uk-product-and-merchant-review-collection,REVIEWS.io Product Reviews App,store-design-site-optimization-seo,689,4.7,0,36,0,1e-09,0.0,
wholesale-pricing-discount,Wholesale Pricing Discount B2B,selling-products-pricing-pricing-quotes,686,4.9,0,6,0,1e-09,0.0,
doran-reviews-questions,Doran Product Reviews App & QA,marketing-and-conversion-social-trust-product-reviews,682,4.9,0,16,0,1e-09,0.0,
avada-pdf-invoice,AG Order Printer PDF Invoice,orders-and-shipping-orders-invoices-and-receipts,680,4.9,0,12,0,1e-09,0.0,
langify,langify ‑ translate your store,store-design-internationalization-currency-and-translation,680,4.7,0,35,0,1e-09,0.0,
order-printer-templates,Order Printer Templates,orders-and-shipping-orders-invoices-and-receipts,680,4.9,0,24,0,1e-09,0.0,
slide-cart,Amp Slide Cart Upsell Drawer,marketing-and-conversion-checkout-cart-customization,678,5.0,0,16,0,1e-09,0.0,
loop-subscriptions,Loop Subscriptions App,selling-products-payments-subscriptions,676,5.0,0,6,0,1e-09,0.0,
variant-image-automator,SA Variant Image Automator,store-design-images-and-media-image-gallery,671,4.8,0,7,0,1e-09,0.0,
snapchat-ads,Snapchat Ads,marketing-and-conversion-advertising-ads,670,4.6,0,9,0,1e-09,0.0,
whatsapp,WhatsApp,orders-and-shipping-orders-order-tracking,670,4.3,0,5,0,1e-09,0.0,
request-for-quote-by-omega,"QS Request a Quote, Hide Price",selling-products-pricing-pricing-quotes,668,4.8,0,7,0,1e-09,0.0,
storeseo,StoreSEO SEO & Image Optimizer,store-design-content-blogs,667,5.0,0,3,0,1e-09,0.0,
ordersify-product-alerts,Ordersify: Restocked Alerts,marketing-and-conversion-upsell-and-bundles-stock-alerts,665,4.9,0,37,0,1e-09,0.0,
powr-form-builder,POWR Contact Form Builder,store-design-notifications-forms,662,4.6,0,11,0,1e-09,0.0,
courses-app,Tevello Courses & Communities,selling-products-digital-goods-and-services-digital-products,661,5.0,0,2,0,1e-09,0.0,
wholesale-hub,B2B Wholesale Hub,selling-products-pricing-pricing-quotes,661,4.7,0,16,0,1e-09,0.0,
shopify-forms,Shopify Forms,store-design-notifications-pop-ups,655,4.4,0,7,0,1e-09,0.0,
trust-badge-by-giraffly,SEOWILL ‑ Trust Badges & Icon,store-design-design-elements-badges-and-icons,651,4.9,0,8,0,1e-09,0.0,
spin-wheel,Wheelify Spin Wheel Discount,store-design-notifications-pop-ups,650,4.8,0,17,0,1e-09,0.0,
benchmark-hero,SEO Image Optimizer Wizard,store-design-images-and-media-image-editor,647,4.8,0,21,0,1e-09,0.0,
seguno,Seguno Email Marketing,store-design-notifications-pop-ups,646,4.8,0,18,0,1e-09,0.0,
redo,Redo,store-management-support-helpdesk,644,5.0,0,1,0,1e-09,0.0,
multilingual-shop-by-gtranslate,Translate store ‑ GTranslate,store-design-internationalization-currency-and-translation,643,4.7,0,24,0,1e-09,0.0,
email-templates,Orderly Emails ‑ Templates App,marketing-and-conversion-marketing-abandoned-cart,629,3.8,0,37,0,1e-09,0.0,
shiprocket,Shiprocket: eCommerce Shipping,orders-and-shipping-shipping-solutions-third-party-logistics-3pl,629,4.1,0,2,0,1e-09,0.0,
reputon-amazon-affiliate,Reputon Amazon Importer,finding-products-sourcing-options-dropshipping,627,4.9,0,3,0,1e-09,0.0,
qikify-upsell-bundle,Qikify Upsell & Cross‑sell,marketing-and-conversion-checkout-cart-customization,625,4.8,0,40,0,1e-09,0.0,
shipstation,ShipStation,orders-and-shipping-shipping-solutions-shipping,621,4.3,0,11,0,1e-09,0.0,
volume-discount-by-hulkapps,HA Discount Bundles & BOGO,marketing-and-conversion-upsell-and-bundles-product-bundles,617,4.6,0,74,0,1e-09,0.0,
lably,Product Labels & Badges—Lably,store-design-design-elements-badges-and-icons,616,5.0,0,2,0,1e-09,0.0,
multi-carrier-shipping-label,PH MultiCarrier Shipping Label,orders-and-shipping-shipping-solutions-shipping-rates,615,4.9,0,10,0,1e-09,0.0,
mypost-shipping-australia-post,SellerDash: AusPost Shipping,orders-and-shipping-shipping-solutions-shipping,615,4.7,0,23,0,1e-09,0.0,
fedex-shipping,PH Ship Rate & Track for FedEx,orders-and-shipping-shipping-solutions-shipping-rates,614,5.0,0,28,0,1e-09,0.0,
helpdesk,"Gorgias: AI, Helpdesk & Chat",store-management-support-helpdesk,613,4.2,0,4,0,1e-09,0.0,
variant-option-product-options,Variant Option Product Options,selling-products-custom-products-product-variants,603,4.7,0,39,0,1e-09,0.0,
photo-reviews,Opinew Product Reviews App UGC,marketing-and-conversion-social-trust-product-reviews,602,4.7,0,64,0,1e-09,0.0,
request-for-quote,"SA Request a Quote, Hide Price",store-design-notifications-forms,602,4.8,0,1,0,1e-09,0.0,
localiser,Langwill：AI Language Translate,store-design-internationalization-currency-and-translation,600,4.6,0,17,0,1e-09,0.0,
instafeed-socialwidget,Socialwidget ‑ Instagram Feed,store-design-images-and-media-image-gallery,599,4.9,0,11,0,1e-09,0.0,
login-to-access-pages,"BSS B2B Lock, Login & Password",store-management-security-accounts-and-login,595,4.9,0,7,0,1e-09,0.0,
advanced-reports,Mipler ‑ Custom Reports,store-management-operations-analytics,589,5.0,0,5,0,1e-09,0.0,
session-recording-now,"Propel Replay, Survey, Heatmap",store-management-operations-analytics,588,4.9,0,2,0,1e-09,0.0,
justuno-pop-ups-email-conversion,Justuno ‑ Email & SMS Popups,store-design-notifications-pop-ups,587,4.6,0,94,0,1e-09,0.0,
email-1,"Notify Me, Back in Stock: CW",marketing-and-conversion-upsell-and-bundles-stock-alerts,586,4.8,0,16,0,1e-09,0.0,
volume-discounts-dealeasy,Dealeasy: Volume Discounts App,marketing-and-conversion-promotions-discounts,584,4.9,0,12,0,1e-09,0.0,
moonbundle,Moon Bundles CartDrawer Upsell,marketing-and-conversion-promotions-discounts,583,5.0,0,11,0,1e-09,0.0,
replay,Peek! ‑ Better Replay & Survey,store-management-operations-analytics,579,4.8,0,59,0,1e-09,0.0,
spocket,Spocket: US & EU Dropshipping,finding-products-sourcing-options-dropshipping,578,4.0,0,40,0,1e-09,0.0,
appointment-booking-bookeasy,BookX Appointment Booking App,selling-products-digital-goods-and-services-event-booking,575,4.9,0,7,0,1e-09,0.0,
bulk-image-edit,Hextom: Bulk Image Edit & SEO,store-design-images-and-media-image-editor,569,4.6,0,27,0,1e-09,0.0,
cash-on-delivery-fee,Releasit COD Fee,selling-products-payments-pay-later,566,4.8,0,5,0,1e-09,0.0,
fly-bundles,Fly Upsell & Cross Sell,marketing-and-conversion-upsell-and-bundles-product-bundles,566,4.9,0,26,0,1e-09,0.0,
qikify-popup-social-proof,Qikify Sales Pop up & Proof,store-design-notifications-pop-ups,563,5.0,0,7,0,1e-09,0.0,
smart-checkout-rules,SMART Checkout Rules & Upsells,marketing-and-conversion-upsell-and-bundles-upsell-and-cross-sell,557,5.0,0,4,0,1e-09,0.0,
buddha-mega-menu,Buddha Mega Menu & Navigation,store-design-search-and-navigation-navigation-and-menus,556,4.8,0,12,0,1e-09,0.0,
mulwi-shopping-feeds,Mulwi | 200+ Shopping Feeds,sales-channels-selling-online-product-feeds,555,5.0,0,5,0,1e-09,0.0,
monk-free-gift-with-purchase,Monk Free Gift BOGO CartUpsell,marketing-and-conversion-promotions-discounts,553,4.9,0,26,0,1e-09,0.0,
backup,Rewind Backups,store-management-operations-workflow-automation,546,4.2,0,59,0,1e-09,0.0,
in-cart-upsell,ICU• In Cart Upsell Cross Sell,marketing-and-conversion-checkout-cart-customization,546,4.8,0,59,0,1e-09,0.0,
maxbundle-product-bundles,MaxBundle ‑ Bundles & Upsell,marketing-and-conversion-promotions-discounts,546,4.8,0,22,0,1e-09,0.0,
order-delivery-date-by-identixweb,Delivery Date & Pickup Stellar,orders-and-shipping-shipping-solutions-delivery-and-pickup,540,4.7,0,27,0,1e-09,0.0,
shopify-bundles,Shopify Bundles,marketing-and-conversion-upsell-and-bundles-product-bundles,540,2.8,0,39,0,1e-09,0.0,
seoon-blog,Avada AI Content Blog Builder,store-design-content-blogs,534,5.0,0,5,0,1e-09,0.0,
automizely-page-builder,AfterShip Page Builder,store-design-content-blogs,533,4.8,0,50,0,1e-09,0.0,
schema-plus,Schema Plus ‑ AI & SEO JSON‑LD,store-design-site-optimization-seo,530,5.0,0,30,0,1e-09,0.0,
breadcrumbs-schemas,Webrex:AI SEO Optimizer Schema,store-management-operations-bulk-editor,529,4.8,0,8,0,1e-09,0.0,
google-review-plus-by-entangle-1,Google Reviews Rocket,marketing-and-conversion-social-trust-product-reviews,528,5.0,0,4,0,1e-09,0.0,
product-upsell,Bold AI Upsell & Cross‑Sell,marketing-and-conversion-checkout-cart-customization,528,4.4,0,76,0,1e-09,0.0,
recurpay-subscriptions,Recurpay Subscriptions App,selling-products-payments-subscriptions,522,5.0,0,16,0,1e-09,0.0,
walmart-marketplace-integration,CedCommerce Walmart Connector,sales-channels-selling-online-marketplaces,520,4.8,0,37,0,1e-09,0.0,
customer-pricing,Custom Pricing: Wholesale B2B,finding-products-sourcing-options-wholesale,514,4.4,0,66,0,1e-09,0.0,
google-express-integration,Ced Google Shopping Feed & Ads,sales-channels-selling-online-product-feeds,514,4.5,0,81,0,1e-09,0.0,
opus-cart-drawer-cart-upsell,Ego Cart Drawer Cart Upsell,marketing-and-conversion-checkout-cart-customization,511,5.0,0,17,0,1e-09,0.0,
google-shopping-feed-2,Nabu for Google Shopping Feed,sales-channels-selling-online-product-feeds,509,4.7,0,14,0,1e-09,0.0,
preorder-manager-prequik,PreOrder Now & Pre order | PQ,marketing-and-conversion-upsell-and-bundles-pre-orders,508,4.9,0,29,0,1e-09,0.0,
shineon,ShineOn: Print On Demand,finding-products-sourcing-options-dropshipping,508,4.7,0,19,0,1e-09,0.0,
recommended-products-wiser,Wiser AI ‑ Upsell & Cross Sell,marketing-and-conversion-upsell-and-bundles-product-bundles,507,4.9,0,57,0,1e-09,0.0,
appointments-and-bookings,Easy Appointment Booking App,selling-products-digital-goods-and-services-event-booking,506,4.9,0,3,0,1e-09,0.0,
mps-sales-notification,ToastiBar Sales Popup & Proof,store-design-notifications-pop-ups,504,4.9,0,24,0,1e-09,0.0,
terms-and-conditions-checkbox,TnC: Terms and Conditions Box,store-management-security-legal,503,4.9,0,7,0,1e-09,0.0,
zigpoll,Zigpoll Customer Surveys,store-management-support-surveys,499,5.0,0,3,0,1e-09,0.0,
preorder-manager-1,Preorder Wolf | Pre order now,marketing-and-conversion-upsell-and-bundles-pre-orders,498,4.8,0,22,0,1e-09,0.0,
syncee-1,Syncee Premium AI Dropshipping,finding-products-sourcing-options-wholesale,497,4.1,0,22,0,1e-09,0.0,
kedra-checkout-rules-1,Kedra Checkout Rules & Upsells,marketing-and-conversion-checkout-order-limits,494,4.8,0,2,0,1e-09,0.0,
zipify-oneclickupsell,One Click Upsell ‑ Zipify OCU,marketing-and-conversion-checkout-cart-customization,492,4.5,0,42,0,1e-09,0.0,
monster-upsells,Monster CartUpsell — Free Gift,marketing-and-conversion-checkout-cart-customization,488,4.7,0,60,0,1e-09,0.0,
pre-order,Amai PreOrder Manager + Notify,marketing-and-conversion-upsell-and-bundles-pre-orders,485,4.2,0,44,0,1e-09,0.0,
cartbot-auto-add-to-cart,CartBot: Gift with purchase,marketing-and-conversion-promotions-discounts,483,4.9,0,46,0,1e-09,0.0,
lai-reviews,LAI Product Reviews App,marketing-and-conversion-social-trust-product-reviews,483,4.9,0,20,0,1e-09,0.0,
cloudsearch,XCloud Search & Product Filter,store-design-search-and-navigation-search-and-filters,481,4.9,0,7,0,1e-09,0.0,
ryviu,Ryviu: Reviews & Loyalty App,marketing-and-conversion-social-trust-product-reviews,480,4.9,0,24,0,1e-09,0.0,
upsell-funnel-engine-upsells,UFE Cross Sell & Upsell Bundle,marketing-and-conversion-upsell-and-bundles-product-bundles,479,4.9,0,62,0,1e-09,0.0,
eprolo,EPROLO‑Dropshipping & Branding,finding-products-sourcing-options-dropshipping,477,4.9,0,1,0,1e-09,0.0,
sendcloud,Sendcloud | Shipping Platform,orders-and-shipping-shipping-solutions-shipping-rates,477,4.6,0,4,0,1e-09,0.0,
seo-king,SEO King,store-design-images-and-media-image-editor,476,4.7,0,24,0,1e-09,0.0,
rockit-sales-discounts,Rockit Discounts & Sales App,selling-products-pricing-pricing-optimization,474,4.9,0,9,0,1e-09,0.0,
ecc-cloud-quickbooks-online-integration,Webgility x QuickBooks Desktop,store-management-finances-accounting,473,4.9,0,15,0,1e-09,0.0,
sqsync,QuickSync ‑ All in One App,orders-and-shipping-inventory-inventory-sync,473,4.9,0,36,0,1e-09,0.0,
eu-withdrawal-form,Revoq ‑ EU Withdrawal Button,store-management-security-legal,471,4.9,0,2,0,1e-09,0.0,
loyaltylion,LoyaltyLion Loyalty Program,marketing-and-conversion-customer-loyalty-loyalty-and-rewards,469,4.6,0,44,0,1e-09,0.0,
pify-form-builder,Pify AI Contact Form Builder,store-design-notifications-forms,467,4.6,0,16,0,1e-09,0.0,
store-pickup-and-delivery-date,Bird Pickup Delivery Date,orders-and-shipping-shipping-solutions-delivery-and-pickup,466,4.9,0,16,0,1e-09,0.0,
retail-barcode-labels,Retail Barcode Labels,store-management-operations-bulk-editor,465,2.3,0,12,0,1e-09,0.0,
advanced-product-options,"APO Product Options, Variants",selling-products-custom-products-product-variants,464,4.6,0,31,0,1e-09,0.0,
refersion,Refersion Affiliate Marketing,marketing-and-conversion-advertising-affiliate-programs,460,4.8,0,13,0,1e-09,0.0,
lifetimely-lifetime-value-and-profit-analytics,Lifetimely Profit Analytics,store-management-operations-analytics,459,4.9,0,44,0,1e-09,0.0,
envios-mexico,Envia Shipping and Fulfillment,orders-and-shipping-shipping-solutions-shipping-rates,458,4.3,0,18,0,1e-09,0.0,
intuitive-shipping,Intuitive Shipping,orders-and-shipping-shipping-solutions-shipping-rates,457,5.0,0,9,0,1e-09,0.0,
outfy,Outfy ‑ Social Media Auto Post,store-design-images-and-media-video-and-livestream,457,4.8,0,4,0,1e-09,0.0,
back-in-stock-whatsapp-alerts,"Preorder, Back in stock Duck",marketing-and-conversion-upsell-and-bundles-pre-orders,455,5.0,0,8,0,1e-09,0.0,
estimated-delivery-days,Estimated Delivery Date ‑ ETA,orders-and-shipping-shipping-solutions-delivery-and-pickup,455,4.9,0,3,0,1e-09,0.0,
search-and-discovery,Shopify Search & Discovery,store-design-search-and-navigation-search-and-filters,454,2.8,0,2,0,1e-09,0.0,
mida-session-recording-replay,"MIDA Replay, Heatmap & Insight",store-management-operations-analytics,452,4.9,0,3,0,1e-09,0.0,
xcotton-free-return,Xcotton Post Purchase Guard,orders-and-shipping-returns-and-warranty-returns-and-exchanges,452,5.0,0,1,0,1e-09,0.0,
parcel-panel-returns-exchanges,CWILL Returns & Exchanges,orders-and-shipping-returns-and-warranty-returns-and-exchanges,451,4.9,0,9,0,1e-09,0.0,
automated-description-writing,ChatGPT AI Product Description,store-design-content-product-content,449,4.9,0,1,0,1e-09,0.0,
sale-discount-manager,Heartcoding Sales & Discounts,marketing-and-conversion-promotions-discounts,449,4.9,0,52,0,1e-09,0.0,
bundlesuite,BundleSuite Bundle Builder,marketing-and-conversion-upsell-and-bundles-product-bundles,448,5.0,0,18,0,1e-09,0.0,
recart,Recart: SMS & List Growth,marketing-and-conversion-marketing-sms-marketing,448,4.7,0,38,0,1e-09,0.0,
moosedesk,Moose AI Chatbot & Live Chat,store-management-support-faq,447,5.0,0,4,0,1e-09,0.0,
king-product-options,"King Product Options, Variants",selling-products-custom-products-product-variants,445,4.7,0,46,0,1e-09,0.0,
tapita-ai-seo-blog-builder,Tapita SEO AI Blog Builder,store-design-content-blogs,444,5.0,0,6,0,1e-09,0.0,
sticky-add-to-cart-bar,STKY ‑ Sticky Add To Cart Bar,store-design-notifications-banners,443,4.8,0,24,0,1e-09,0.0,
getsitecontrol-countdown-timer,GSC Countdown Timer Bar,store-design-notifications-banners,441,5.0,0,1,0,1e-09,0.0,
langshop,LangShop AI Language Translate,store-design-internationalization-currency-and-translation,441,4.5,0,16,0,1e-09,0.0,
filemonk,Digital Downloads ‑ Filemonk,selling-products-digital-goods-and-services-digital-products,440,4.9,0,11,0,1e-09,0.0,
gst-invoice-india,WebPlanex: GST Invoice India,store-management-finances-taxes,440,5.0,0,3,0,1e-09,0.0,
meety-appointment-booking,Meety: Appointment Booking App,selling-products-digital-goods-and-services-event-booking,437,5.0,0,10,0,1e-09,0.0,
txtcart-plus,TxtCart AI: SMS Marketing,marketing-and-conversion-marketing-sms-marketing,437,4.9,0,3,0,1e-09,0.0,
product-discount,Bold Discounts ‑ Flash Sales,selling-products-pricing-pricing-optimization,436,4.0,0,73,0,1e-09,0.0,
yanet-barcode-labels,Yanet Retail Barcode Labels,sales-channels-selling-in-person-retail,436,4.9,0,5,0,1e-09,0.0,
essential-loyalty-rewards-program,Essent Loyalty Program Rewards,marketing-and-conversion-promotions-discounts,433,5.0,0,12,0,1e-09,0.0,
icart,iCart Cart Drawer Cart Upsell,marketing-and-conversion-checkout-cart-customization,431,4.8,0,32,0,1e-09,0.0,
joy-subscription,Joy Subscriptions App,selling-products-payments-subscriptions,430,5.0,0,8,0,1e-09,0.0,
quantity-break-limit-purchase,OC Order Limit Quantity Breaks,marketing-and-conversion-upsell-and-bundles-product-bundles,429,4.9,0,13,0,1e-09,0.0,
product-recommendation-quiz-revenuehunt,Product Recommendation Quiz,store-design-notifications-pop-ups,428,4.9,0,10,0,1e-09,0.0,
sufio,Sufio: Invoices You Can Trust,store-management-finances-taxes,427,4.9,0,4,0,1e-09,0.0,
smartbot,SmartBot: Leading AI Chatbot,store-management-support-chat,425,4.7,0,7,0,1e-09,0.0,
ig-fb-shoppable-comments,MetaShop: Instagram & Facebook,marketing-and-conversion-advertising-ads,423,5.0,0,1,0,1e-09,0.0,
image-batch-editor,VF Image Resizer+,store-design-images-and-media-image-editor,420,5.0,0,9,0,1e-09,0.0,
watchlist,Swym Back in Stock Alerts,marketing-and-conversion-marketing-email-marketing,419,4.7,0,63,0,1e-09,0.0,
adwords-conversion-pixel,Google Ads Pixel by Nabu,store-management-operations-analytics,417,4.9,0,22,0,1e-09,0.0,
powr-popup,"POWR Sales Popup, Email Pop up",store-design-notifications-pop-ups,417,4.7,0,29,0,1e-09,0.0,
optimonk,OptiMonk: AI Popup Builder,store-design-notifications-pop-ups,416,4.8,0,19,0,1e-09,0.0,
product-options-4,EasyFlow Product Options,selling-products-custom-products-product-variants,416,4.9,0,7,0,1e-09,0.0,
ultimate-search-and-filter-1,AI Search & Product Filter |SB,store-design-search-and-navigation-search-and-filters,416,4.7,0,16,0,1e-09,0.0,
faire-sell-wholesale,Faire: Sell Wholesale,finding-products-sourcing-options-wholesale,410,4.6,0,2,0,1e-09,0.0,
simple-invoice-order-printer,Simple Invoice ‑ Order Printer,store-management-finances-taxes,409,4.9,0,8,0,1e-09,0.0,
trustify,Trustify: Product Reviews App,marketing-and-conversion-social-trust-product-reviews,409,4.9,0,15,0,1e-09,0.0,
dealer-store-locator,TA MAPPY: Store Locator & Maps,store-management-operations-analytics,408,5.0,0,1,0,1e-09,0.0,
sky-pilot,Sky Pilot ‑ Digital Downloads,selling-products-digital-goods-and-services-digital-products,408,4.8,0,14,0,1e-09,0.0,
loop-returns,Loop Returns & Exchanges,orders-and-shipping-returns-and-warranty-returns-and-exchanges,407,4.7,0,8,0,1e-09,0.0,
rubik-variant-images,Rubik Variant Images & Swatch,store-design-images-and-media-image-gallery,407,5.0,0,2,0,1e-09,0.0,
contact-form-by-qikify,Qikify Contact Form Builder,store-design-notifications-forms,406,4.9,0,4,0,1e-09,0.0,
feedhub-for-google-shopping,FeedHub: Google Shopping Feed,sales-channels-selling-online-product-feeds,405,4.9,0,20,0,1e-09,0.0,
salepify,TL: Free Gift BOGO & Upsell,marketing-and-conversion-upsell-and-bundles-upsell-and-cross-sell,405,4.9,0,54,0,1e-09,0.0,
country-pricing-auto-switch,MLV Multi Country Pricing,store-design-internationalization-currency-and-translation,404,4.7,0,26,0,1e-09,0.0,
shipping-based-on-zipcode,ShipZip Shipping Rates & Rules,orders-and-shipping-shipping-solutions-shipping-rates,404,5.0,0,21,0,1e-09,0.0,
photo-resize-by-pixc,Pixc: AI Photo Resize,store-design-images-and-media-image-editor,403,4.2,0,34,0,1e-09,0.0,
omega-estimated-shipping-date,S Estimated Delivery Date Plus,orders-and-shipping-shipping-solutions-shipping-rates,400,4.9,0,8,0,1e-09,0.0,
zipifypages,Zipify Landing Page Builder,store-design-storefronts-page-builder,400,4.6,0,34,0,1e-09,0.0,
trunk,Trunk ‑ Stock Sync & Bundling,selling-products-custom-products-product-variants,390,4.8,0,30,0,1e-09,0.0,
shopify-pos,Point of Sale,sales-channels-selling-in-person-retail,389,3.1,0,39,0,1e-09,0.0,
canva-connect,Canva Connect,store-design-images-and-media-image-editor,386,4.8,0,3,0,1e-09,0.0,
bookthatapp,BTA Appointment Booking App,selling-products-digital-goods-and-services-event-booking,384,4.7,0,15,0,1e-09,0.0,
dropshipt,Atlas: AI Store Builder,store-design-storefronts-page-builder,384,4.7,0,27,0,1e-09,0.0,
kaktus-preorder,PreOrder App+Partial Payment K,marketing-and-conversion-upsell-and-bundles-pre-orders,384,4.7,0,34,0,1e-09,0.0,
whatsapp-button-chat,Zoko: WhatsApp for D2C Brands,store-management-support-chat,382,4.9,0,16,0,1e-09,0.0,
squadkin-form-builder,SK Contact Form Builder,store-design-notifications-forms,378,4.8,0,11,0,1e-09,0.0,
store-locator-4,RP ProMap ‑ Store Locator,sales-channels-selling-in-person-store-locator,378,4.8,0,13,0,1e-09,0.0,
collabs,Shopify Collabs,marketing-and-conversion-promotions-discounts,377,4.0,0,8,0,1e-09,0.0,
bold-subscriptions,Bold Subscriptions App,selling-products-payments-subscriptions,376,4.0,0,34,0,1e-09,0.0,
variant-king-combined-listings,SA Variants: Combined Listings,selling-products-custom-products-product-variants,375,5.0,0,8,0,1e-09,0.0,
essential-seo-ai-blog-writer,Essential AI SEO: AI Blog Post,store-design-content-blogs,374,5.0,0,10,0,1e-09,0.0,
instafeed-for-instagram-feed,Instafeed for Instagram Feed,store-design-images-and-media-image-gallery,372,4.9,0,6,0,1e-09,0.0,
synctrack,Synctrack PayPal Tracking Sync,store-management-operations-workflow-automation,370,5.0,0,11,0,1e-09,0.0,
grouptify-combined-listings,G: Combined Listings & Variant,selling-products-custom-products-product-variants,369,5.0,0,6,0,1e-09,0.0,
zoorix,Zoorix: Bundles & Cross Sell,marketing-and-conversion-upsell-and-bundles-product-bundles,369,4.9,0,64,0,1e-09,0.0,
crush-pics,Crush: Speed & Image Optimizer,store-design-site-optimization-seo,368,4.7,0,80,0,1e-09,0.0,
epi,eBay Integration ‑ InfoShore,sales-channels-selling-online-store-data-importer,368,4.8,0,21,0,1e-09,0.0,
casa-loyalty,Casa Loyalty Points & Rewards,marketing-and-conversion-gifts-gift-cards,366,5.0,0,1,0,1e-09,0.0,
whatmore-live,Whatmore Shoppable Videos&Reel,store-design-images-and-media-video-and-livestream,366,5.0,0,12,0,1e-09,0.0,
wishlist-hero,Wishlist Hero,marketing-and-conversion-marketing-email-marketing,366,4.7,0,7,0,1e-09,0.0,
ymq-options,"Ymq Product Options, Variants",selling-products-custom-products-product-variants,365,4.9,0,18,0,1e-09,0.0,
easydhl,DHL & Post Shipping | easyDHL,orders-and-shipping-shipping-solutions-shipping,363,4.8,0,20,0,1e-09,0.0,
chargeflow,Chargeflow Prevent Chargebacks,store-management-security-fraud,362,4.8,0,7,0,1e-09,0.0,
suppr-appointment-booking,Hoppy Appointment Booking App,selling-products-digital-goods-and-services-event-booking,360,4.9,0,4,0,1e-09,0.0,
barcode-management,MS Barcode Labels & Generator,sales-channels-selling-in-person-retail,357,4.9,0,1,0,1e-09,0.0,
easyship,Easyship ‑ All in One Shipping,orders-and-shipping-shipping-solutions-shipping-rates,357,4.0,0,13,0,1e-09,0.0,
returngo,ReturnGO Returns & Exchanges,orders-and-shipping-returns-and-warranty-returns-and-exchanges,357,4.8,0,10,0,1e-09,0.0,
terms-and-conditions-in-cart,RT: Terms and Conditions Box,store-management-security-legal,356,4.6,0,12,0,1e-09,0.0,
fba-shipping,Amazon MCF by ByteStand,orders-and-shipping-shipping-solutions-third-party-logistics-3pl,355,4.9,0,9,0,1e-09,0.0,
self-faq,Willdesk: Live Chat&AI Chatbot,store-management-support-helpdesk,355,4.8,0,15,0,1e-09,0.0,
sparklayer,SparkLayer B2B & Wholesale,finding-products-sourcing-options-wholesale,355,4.9,0,7,0,1e-09,0.0,
wrapin-gift-wrap,Wrapin ‑ Gift Wrap & Options,marketing-and-conversion-upsell-and-bundles-upsell-and-cross-sell,355,4.9,0,80,0,1e-09,0.0,
aeo-llms-txt,Avada AEO optimizer LLMs.txt,store-design-site-optimization-seo,354,5.0,0,23,0,1e-09,0.0,
hidepay,HidePay: Hide Payment Methods,selling-products-pricing-pricing-quotes,351,4.8,0,2,0,1e-09,0.0,
shopify-order-printer,Shopify Order Printer,orders-and-shipping-orders-invoices-and-receipts,351,3.5,0,9,0,1e-09,0.0,
bundle-products-mbc,MBC Mix and Match Bundles App,marketing-and-conversion-promotions-discounts,350,4.9,0,20,0,1e-09,0.0,
trackify-1,"Trackify Facebook Pixel,TikTok",store-management-operations-analytics,350,4.8,0,11,0,1e-09,0.0,
etp-hide-sort-payments,ETP Sort Hide Payment Methods,marketing-and-conversion-checkout-cart-customization,349,5.0,0,3,0,1e-09,0.0,
trackingmore,TrackingMore Order Tracking,orders-and-shipping-shipping-solutions-shipping,349,4.4,0,30,0,1e-09,0.0,
foxkit,FoxKit: Upsell & Bundles App,marketing-and-conversion-upsell-and-bundles-product-bundles,347,5.0,0,44,0,1e-09,0.0,
ultimate-trust-badges,Conversion Bear Trust Badges,store-design-design-elements-badges-and-icons,347,4.8,0,30,0,1e-09,0.0,
onemobile,OneMobile ‑ Mobile App Builder,store-design-storefronts-mobile-app-builder,346,4.9,0,1,0,1e-09,0.0,
fether,Frequently Bought Together FT,marketing-and-conversion-promotions-discounts,344,4.6,0,45,0,1e-09,0.0,
upsell-koala-gift,Koala Free Gift BOGO Upsell,marketing-and-conversion-upsell-and-bundles-upsell-and-cross-sell,344,4.9,0,84,0,1e-09,0.0,
quicksync-for-tiktok,QuickSync for TikTok Shop,orders-and-shipping-inventory-inventory-sync,342,4.6,0,65,0,1e-09,0.0,
all-in-one-automatic-discounts,"Discounts, BOGO & Gifts ‑ AIOD",marketing-and-conversion-upsell-and-bundles-product-bundles,341,4.7,0,79,0,1e-09,0.0,
collective,Shopify Collective,finding-products-sourcing-options-dropshipping,341,4.4,0,35,0,1e-09,0.0,
doran-shoppable-videos,Video Slider: Shoppable Videos,store-design-images-and-media-video-and-livestream,340,4.9,0,3,0,1e-09,0.0,
multivariants,MultiVariants ‑ Bulk Order,finding-products-sourcing-options-wholesale,339,4.9,0,12,0,1e-09,0.0,
store-pickup-2,Store Pickup + Delivery (CR),orders-and-shipping-shipping-solutions-delivery-and-pickup,339,5.0,0,72,0,1e-09,0.0,
a2x,A2X Sync for QuickBooks & Xero,store-management-finances-accounting,338,5.0,0,3,0,1e-09,0.0,
flits,Flits Loyalty Rewards Program,marketing-and-conversion-customer-loyalty-loyalty-and-rewards,338,4.9,0,35,0,1e-09,0.0,
multi-vendor-marketplace,Webkul MultiVendor Marketplace,finding-products-sourcing-options-dropshipping,338,4.7,0,55,0,1e-09,0.0,
shipbyamazonfba,Amazon MCF by WebBee,orders-and-shipping-shipping-solutions-third-party-logistics-3pl,338,4.8,0,8,0,1e-09,0.0,
assisty,Inventory Management ‑ Assisty,store-management-operations-analytics,337,4.8,0,10,0,1e-09,0.0,
watermelon,Melon Minimum Order Quantity,finding-products-sourcing-options-wholesale,336,5.0,0,4,0,1e-09,0.0,
tipo-appointment-booking,Tipo Appointment Booking,selling-products-digital-goods-and-services-event-booking,335,4.9,0,11,0,1e-09,0.0,
adscale,AdScale AI Ads Meta/Google Ads,marketing-and-conversion-advertising-ads,334,4.7,0,24,0,1e-09,0.0,
rapid-search,RS: AI Search Bar & Filter,store-design-search-and-navigation-search-and-filters,334,4.9,0,5,0,1e-09,0.0,
estimated-delivery-date-plus,C‑EDD: Estimated Delivery Date,orders-and-shipping-shipping-solutions-delivery-and-pickup,333,4.9,0,80,0,1e-09,0.0,
teeinblue,Teeinblue Product Personalizer,finding-products-sourcing-options-print-on-demand-pod,331,4.8,0,10,0,1e-09,0.0,
bitespeed-fb-messenger-chatbot,"B: WhatsApp Chat, Abandon Cart",store-management-support-chat,330,4.6,0,23,0,1e-09,0.0,
globo-related-products,"Tipo Related Products, Upsell",marketing-and-conversion-upsell-and-bundles-upsell-and-cross-sell,330,4.9,0,96,0,1e-09,0.0,
product-description-ai,ChatGPT‑AI Product Description,store-design-content-product-content,330,4.9,0,7,0,1e-09,0.0,
easyscan-inventory-and-order,506 EasyScan SKU & Barcode,orders-and-shipping-inventory-inventory-optimization,328,5.0,0,2,0,1e-09,0.0,
navidium-shipping-protection,Navidium Shipping Protection,marketing-and-conversion-upsell-and-bundles-upsell-and-cross-sell,327,4.8,0,6,0,1e-09,0.0,
trustshop,TrustShop: Product Reviews,marketing-and-conversion-social-trust-product-reviews,325,4.9,0,9,0,1e-09,0.0,
whatsapp-chat-button,SL: WhatsApp Chat + Marketing,marketing-and-conversion-marketing-abandoned-cart,325,3.3,0,75,0,1e-09,0.0,
microsoft-advertising,Microsoft Channel,marketing-and-conversion-advertising-ads,324,3.2,0,21,0,1e-09,0.0,
route,Route ‑ Protection & Tracking,orders-and-shipping-orders-order-tracking,323,3.9,0,40,0,1e-09,0.0,
facebook-marketplace-connector,CED Facebook Feed Sync & Pixel,sales-channels-selling-online-product-feeds,322,4.8,0,55,0,1e-09,0.0,
whatflow,WhatFlow: Whatsapp Automation,store-management-support-chat,322,3.9,0,18,0,1e-09,0.0,
stockist-store-locator,Stockist Store Locator,sales-channels-selling-in-person-store-locator,321,5.0,0,2,0,1e-09,0.0,
reputon-etsy-reviews,Reputon Etsy Reviews,marketing-and-conversion-social-trust-product-reviews,318,4.9,0,27,0,1e-09,0.0,
shopify-mobile-apps,Tapcart ‑ Mobile App Builder,store-design-storefronts-mobile-app-builder,315,4.7,0,7,0,1e-09,0.0,
assortion,Assortion: Upsell & Bundles,marketing-and-conversion-checkout-cart-customization,312,4.9,0,57,0,1e-09,0.0,
also-bought,Also Bought CBB,marketing-and-conversion-checkout-cart-customization,311,4.7,0,61,0,1e-09,0.0,
bloggle,Bloggle: SEO Blog Builder,store-design-content-blogs,311,4.8,0,13,0,1e-09,0.0,
meteor-mega-menus,Meteor Mega Menu & Navigation,store-design-search-and-navigation-navigation-and-menus,311,4.7,0,8,0,1e-09,0.0,
automizely-shopping,AfterShip for TikTok Shop,sales-channels-selling-online-product-feeds,310,4.8,0,46,0,1e-09,0.0,
instant-bulk-discount-sales,506 Sale & Bulk Discount App,selling-products-pricing-pricing-optimization,309,4.9,0,14,0,1e-09,0.0,
instant-builder,Instant AI Page Builder,store-design-storefronts-page-builder,308,4.9,0,16,0,1e-09,0.0,
trustreviews,TrustReviews: Product Reviews,marketing-and-conversion-social-trust-product-reviews,308,4.8,0,67,0,1e-09,0.0,
blocky-simple-country-blocker,Blocky Fraud Filter IP Blocker,store-management-security-fraud,307,4.7,0,3,0,1e-09,0.0,
apphero-free-gift-upsell-bogo,AppHero: Free Gifts BOGO Offer,marketing-and-conversion-upsell-and-bundles-upsell-and-cross-sell,306,5.0,0,16,0,1e-09,0.0,
event-tickets,Evey Events & Tickets,selling-products-digital-goods-and-services-event-booking,306,4.5,0,9,0,1e-09,0.0,
loyalty-program-2,Love Loyalty Points & Rewards,marketing-and-conversion-customer-loyalty-loyalty-and-rewards,305,5.0,0,16,0,1e-09,0.0,
widebundle,Wide Bundles ‑ Quantity Breaks,marketing-and-conversion-promotions-discounts,304,4.9,0,67,0,1e-09,0.0,
free-watermarks,Easy Watermarks | Engage,store-design-images-and-media-image-editor,302,4.7,0,7,0,1e-09,0.0,
poptin,Poptin Exit Popup Email Pop Up,store-design-notifications-pop-ups,302,4.9,0,22,0,1e-09,0.0,
customr,Helium Customer Fields,store-design-notifications-forms,301,4.6,0,13,0,1e-09,0.0,
moast-interactive-ugc,Moast Shoppable Video & UGC,store-design-images-and-media-video-and-livestream,300,5.0,0,2,0,1e-09,0.0,
instagram-shop-by-sauce,"Sauce: Instagram, TikTok & UGC",store-design-images-and-media-video-and-livestream,298,4.6,0,25,0,1e-09,0.0,
invoice-hero,Invoice Hero,store-management-finances-accounting,298,4.8,0,18,0,1e-09,0.0,
dakaas-social-media-icons,Dakaas Social Media Icons,store-design-design-elements-badges-and-icons,297,5.0,0,7,0,1e-09,0.0,
staffy,Easyteam for Point of Sale,store-management-operations-staff-notifications,297,4.9,0,1,0,1e-09,0.0,
selectors,Geolocation & Markets—Selecty,store-design-internationalization-currency-and-translation,296,5.0,0,4,0,1e-09,0.0,
blockify-age-verification,Blockify Age Verification 18+,store-design-notifications-pop-ups,293,4.9,0,5,0,1e-09,0.0,
cornercart,Corner Cart Drawer & Free Gift,marketing-and-conversion-upsell-and-bundles-product-bundles,292,4.9,0,39,0,1e-09,0.0,
easy-ads-for-facebook,AI ‑ Easy Ads for Facebook Ads,marketing-and-conversion-advertising-ads,292,4.2,0,13,0,1e-09,0.0,
apliiq,Apliiq ‑ Print On Demand,finding-products-sourcing-options-dropshipping,291,4.8,0,10,0,1e-09,0.0,
aitrillion,"AiT Loyalty, Email & WhatsApp",marketing-and-conversion-social-trust-product-reviews,290,4.9,0,55,0,1e-09,0.0,
auction-today,Auction Today,selling-products-pricing-pricing-quotes,290,4.9,0,11,0,1e-09,0.0,
invoice-falcon,Invoice Falcon,orders-and-shipping-orders-invoices-and-receipts,290,4.7,0,8,0,1e-09,0.0,
order-editing,OrderEditing.com,marketing-and-conversion-upsell-and-bundles-upsell-and-cross-sell,290,5.0,0,2,0,1e-09,0.0,
vendor-shipping-rules-1,Advanced Shipping Rules,orders-and-shipping-shipping-solutions-shipping-rates,290,4.9,0,57,0,1e-09,0.0,
instant-search,Fast Simon AI Search & Filters,store-design-search-and-navigation-search-and-filters,289,4.8,0,32,0,1e-09,0.0,
live-product-options,LPO Live Product Options,selling-products-custom-products-product-variants,289,4.8,0,28,0,1e-09,0.0,
revie,Revie: Reviews & Marketing,marketing-and-conversion-social-trust-product-reviews,288,4.8,0,23,0,1e-09,0.0,
xero-bridge,Xero Bridge by Parex,store-management-finances-accounting,288,4.9,0,32,0,1e-09,0.0,
adroll-retargeting,AdRoll Marketing & Advertising,marketing-and-conversion-advertising-ads,287,4.4,0,69,0,1e-09,0.0,
disable-mouse-right-click,RT: Disable Right Click,store-management-security-anti-theft,286,4.9,0,1,0,1e-09,0.0,
foxify-builder,Foxify AI Landing Page Builder,store-design-storefronts-page-builder,286,4.9,0,14,0,1e-09,0.0,
locksmith,Locksmith,store-management-security-accounts-and-login,286,4.7,0,5,0,1e-09,0.0,
datafeedwatch,Data Feed Watch Shopping Feeds,sales-channels-selling-online-product-feeds,285,4.7,0,12,0,1e-09,0.0,
litextension-shopify-migration-app,LitExtension Store Migration,sales-channels-selling-online-store-data-importer,285,4.8,0,19,0,1e-09,0.0,
orbe,Orbe Geolocation,store-design-internationalization-currency-and-translation,285,4.9,0,6,0,1e-09,0.0,
aliexpress-dropshipping-master,Dropshipman: Easy Dropshipping,finding-products-sourcing-options-dropshipping,283,4.4,0,6,0,1e-09,0.0,
bundles,Bundles.app ‑ Inventory Sync,marketing-and-conversion-upsell-and-bundles-product-bundles,283,4.9,0,18,0,1e-09,0.0,
dynamic-product-options,DPO Dynamic Product Options,selling-products-custom-products-product-variants,283,4.9,0,26,0,1e-09,0.0,
minta-video-auto-post,Minta Social Videos Auto Post,store-design-images-and-media-video-and-livestream,283,4.3,0,35,0,1e-09,0.0,
sea-accessibility-ada-wcag,Avada Accessibility Widget ADA,store-management-security-legal,283,5.0,0,4,0,1e-09,0.0,
shippo,Shippo ‑ Simplified Shipping,orders-and-shipping-shipping-solutions-shipping,283,4.2,0,19,0,1e-09,0.0,
reelup,ReelUp‑Shoppable Videos+Reels,store-design-images-and-media-video-and-livestream,282,5.0,0,5,0,1e-09,0.0,
chaty,Chaty Chat Buttons & WhatsApp,store-design-design-elements-badges-and-icons,281,4.9,0,6,0,1e-09,0.0,
eu-widerruf-pro,EU Withdrawal Button Pro,store-management-security-legal,281,5.0,0,3,0,1e-09,0.0,
dhl-shipping,Post & DHL Shipping (official),orders-and-shipping-shipping-solutions-shipping,280,4.7,0,59,0,1e-09,0.0,
shipbob,ShipBob Fulfillment,orders-and-shipping-shipping-solutions-third-party-logistics-3pl,279,4.4,0,18,0,1e-09,0.0,
carthike-recovery,CK: Abandoned cart on WhatsApp,store-management-support-chat,278,5.0,0,2,0,1e-09,0.0,
smartrmail,SmartrMail Email & SMS,store-design-notifications-pop-ups,278,4.7,0,61,0,1e-09,0.0,
delivery-date-omega,D: Local Delivery Date Picker,selling-products-digital-goods-and-services-event-booking,277,4.9,0,5,0,1e-09,0.0,
easyroutes,EasyRoutes Local Delivery,orders-and-shipping-shipping-solutions-delivery-and-pickup,277,4.9,0,9,0,1e-09,0.0,
al-bulk-discount-manager,Alpha: Sale & Discount Manager,selling-products-pricing-pricing-optimization,275,4.9,0,10,0,1e-09,0.0,
blockify-checkout-rules,Blockify Checkout Customizer,marketing-and-conversion-checkout-order-limits,273,4.9,0,1,0,1e-09,0.0,
cartmax,Easy Bundles Quantity Breaks,marketing-and-conversion-promotions-discounts,273,5.0,0,9,0,1e-09,0.0,
smart-shipping-rates-rules,SMART Shipping Rates & Rules,orders-and-shipping-shipping-solutions-shipping-rates,273,4.9,0,1,0,1e-09,0.0,
captain-shipping-protection,Captain Shipping Protection,marketing-and-conversion-upsell-and-bundles-upsell-and-cross-sell,272,4.9,0,4,0,1e-09,0.0,
chatra,Chatra — Live Chat & Chatbot,marketing-and-conversion-marketing-abandoned-cart,272,4.5,0,52,0,1e-09,0.0,
kaching-post-purchase-upsell,Kaching Post Purchase Upsell,marketing-and-conversion-checkout-cart-customization,272,5.0,0,6,0,1e-09,0.0,
analyzify,Analyzify (GA4 & Ads Tracking),store-management-operations-analytics,270,4.7,0,43,0,1e-09,0.0,
gelacy,GLC Geolocation & GEO Currency,store-design-internationalization-currency-and-translation,270,4.6,0,10,0,1e-09,0.0,
section-store-builder,G: Theme Sections & Blocks,store-design-storefronts-page-builder,270,4.8,0,3,0,1e-09,0.0,
mailchimp-forms,Mailmunch Forms for Mailchimp,marketing-and-conversion-marketing-email-marketing,269,4.3,0,69,0,1e-09,0.0,
ot-theme-sections-store-page-builder,OT Section: Theme Sections,store-design-storefronts-page-builder,268,5.0,0,13,0,1e-09,0.0,
lexware-office,Lexware Office (lexoffice),store-management-finances-accounting,266,4.6,0,17,0,1e-09,0.0,
avada-order-limit,Avada Order Limits Quantity,finding-products-sourcing-options-wholesale,265,5.0,0,6,0,1e-09,0.0,
complianz-gdpr-cookie-consent,Complianz Consent,store-design-internationalization-cookie-consent,265,4.4,0,10,0,1e-09,0.0,
essentialwolf-upsell-crosssell,Upsell App by Essentialwolf,marketing-and-conversion-checkout-cart-customization,265,4.7,0,81,0,1e-09,0.0,
govx-id,GOVX ID Exclusive Discounts,marketing-and-conversion-promotions-discounts,265,4.9,0,56,0,1e-09,0.0,
wishlist-king,Swish (Wishlist King),marketing-and-conversion-customer-loyalty-wishlists,265,5.0,0,6,0,1e-09,0.0,
web-push-notification,"Hextom: WhatsApp, SMS & Push",marketing-and-conversion-marketing-abandoned-cart,264,4.8,0,37,0,1e-09,0.0,
hypersku,HyperSKU – POD & Dropshipping,finding-products-sourcing-options-dropshipping,262,4.9,0,3,0,1e-09,0.0,
yanet-return-and-exchange,Yanet Returns & Exchanges,orders-and-shipping-shipping-solutions-shipping,262,4.8,0,14,0,1e-09,0.0,
return-assurance,Seel Worry‑Free Purchase,orders-and-shipping-returns-and-warranty-returns-and-exchanges,261,4.9,0,6,0,1e-09,0.0,
wholesale-all-in-one,Wholesale ‑ All in one,finding-products-sourcing-options-wholesale,261,4.9,0,31,0,1e-09,0.0,
camouflage,Camouflage: Hide Sold Variants,selling-products-custom-products-product-variants,260,5.0,0,54,0,1e-09,0.0,
delta-retail-barcode,RF: Barcode Generator & Labels,sales-channels-selling-in-person-retail,260,5.0,0,4,0,1e-09,0.0,
logo-showcase,BEE Logo slider showcase logos,store-design-design-elements-badges-and-icons,260,5.0,0,40,0,1e-09,0.0,
eu-cookies-notification,Consentik GPDR Cookie Banner,store-design-internationalization-cookie-consent,259,4.9,0,3,0,1e-09,0.0,
kwikengage,KwikEngage: Whatsapp Marketing,store-management-support-chat,259,4.9,0,8,0,1e-09,0.0,
promotion-popup,Squirai: Promotion Popup,store-design-notifications-pop-ups,258,4.7,0,69,0,1e-09,0.0,
bulk-discount-generator,Bulk Discount Code Bot,marketing-and-conversion-promotions-discounts,257,4.9,0,74,0,1e-09,0.0,
sesami,Sesami Booking Platform,selling-products-digital-goods-and-services-event-booking,257,4.6,0,19,0,1e-09,0.0,
easify-box-builder,Easify Box Bundle Builder BYOB,marketing-and-conversion-upsell-and-bundles-product-bundles,256,5.0,0,14,0,1e-09,0.0,
instachat,∞ Facebook & Instagram Shop AI,store-management-support-chat,256,4.9,0,2,0,1e-09,0.0,
chatway,Chatway Live Chat & AI Chatbot,store-management-support-helpdesk,255,4.9,0,6,0,1e-09,0.0,
pre-order-dev-app,Bat Preorders | Preorder now,marketing-and-conversion-upsell-and-bundles-pre-orders,254,4.9,0,14,0,1e-09,0.0,
easyredirects,404/301 SC Easy URL Redirects,store-design-site-optimization-seo,253,4.6,0,82,0,1e-09,0.0,
dadao-reviews,Dadao Product Reviews&Referral,marketing-and-conversion-social-trust-product-reviews,251,4.8,0,55,0,1e-09,0.0,
wishlist-engine,SE Wishlist Engine,marketing-and-conversion-customer-loyalty-wishlists,251,4.8,0,5,0,1e-09,0.0,
quantity-price-breaks-limit-purchase,P: Quantity Breaks & Discounts,marketing-and-conversion-promotions-discounts,250,4.9,0,42,0,1e-09,0.0,
facebook-chat-1,O: Chat buttons & Contact Form,store-design-notifications-forms,248,4.9,0,20,0,1e-09,0.0,
infinite-fb-tiktok-pixels,∞ Facebook Pixel ‑Tiktok Pixel,store-management-operations-analytics,248,4.9,0,12,0,1e-09,0.0,
clay-b2b-wholesale-form,Clay • B2B Wholesale Pricing,selling-products-pricing-pricing-optimization,246,5.0,0,6,0,1e-09,0.0,
account-editor,AE: Order Editing & Upsell,marketing-and-conversion-upsell-and-bundles-upsell-and-cross-sell,245,5.0,0,4,0,1e-09,0.0,
adoric-popups,Adoric Popup & Email Popups,store-design-notifications-pop-ups,245,4.9,0,45,0,1e-09,0.0,
announcement-bar-with-slider,WebRex Multi Announcement Bar,store-design-notifications-banners,245,4.7,0,45,0,1e-09,0.0,
helpcenter,"SB: Helpdesk, Live Chat & FAQs",store-management-support-helpdesk,245,4.5,0,32,0,1e-09,0.0,
wholesale-pricing-now,Wholesale Pricing Now: B2B,selling-products-pricing-pricing-quotes,245,4.2,0,51,0,1e-09,0.0,
amazon-to-shopify,Amazon Importer Spreadr App,finding-products-sourcing-options-dropshipping,244,4.7,0,43,0,1e-09,0.0,
fforder-dropshipping,FFOrder Dropshipping,finding-products-sourcing-options-dropshipping,243,5.0,0,4,0,1e-09,0.0,
entafix-custom-xml-feeds,FeedFix | XML Import & Export,sales-channels-selling-online-store-data-importer,242,5.0,0,4,0,1e-09,0.0,
nitro-ai-store-builder,Nitro: Upsell & Cross‑Sell,marketing-and-conversion-checkout-cart-customization,242,5.0,0,67,0,1e-09,0.0,
bundlebuilder,Kitenzo ‑ Bundle Builder,marketing-and-conversion-upsell-and-bundles-product-bundles,241,4.3,0,88,0,1e-09,0.0,
activecampaign,ActiveCampaign Marketing,marketing-and-conversion-marketing-sms-marketing,239,4.6,0,55,0,1e-09,0.0,
alert-me-restock-alerts,Alert Me! Restock Alerts,marketing-and-conversion-upsell-and-bundles-stock-alerts,239,4.3,0,84,0,1e-09,0.0,
gst-invoice-pro,GST Pro: GST Invoice India,store-management-finances-taxes,239,5.0,0,1,0,1e-09,0.0,
customer-accounts,Froonze VIP Loyalty & Wishlist,marketing-and-conversion-customer-loyalty-loyalty-and-rewards,237,5.0,0,8,0,1e-09,0.0,
tolstoy,Tolstoy: Shoppable Video & UGC,store-design-images-and-media-video-and-livestream,237,4.7,0,18,0,1e-09,0.0,
store-conversions-modemagic,ModeMagic ‑ Store Conversions,marketing-and-conversion-marketing-abandoned-cart,236,4.9,0,88,0,1e-09,0.0,
customily-product-personalizer,Customily Product Customizer,finding-products-sourcing-options-print-on-demand-pod,234,4.8,0,12,0,1e-09,0.0,
quick-view,Smartviewer: Quick View,store-design-design-elements-badges-and-icons,234,4.7,0,73,0,1e-09,0.0,
social-chat-share,"RT: Social Chat, Live Chat",store-management-support-chat,234,4.6,0,65,0,1e-09,0.0,
smart-automatic-discounts,SMART Bundles Volume Discounts,marketing-and-conversion-promotions-discounts,233,5.0,0,5,0,1e-09,0.0,
store-locator,SC Store Locator & Google Maps,orders-and-shipping-shipping-solutions-delivery-and-pickup,233,4.7,0,10,0,1e-09,0.0,
theme-updater-by-out-of-the-sandbox,Theme Updater & Backups | OOTS,store-design-storefronts-page-builder,233,4.3,0,33,0,1e-09,0.0,
searchtap-merchandising-app,ST: Product & Collection Sort,store-design-product-display-collections,232,5.0,0,4,0,1e-09,0.0,
care-cart,Cartly Abandoned Cart Recovery,marketing-and-conversion-marketing-abandoned-cart,231,4.8,0,30,0,1e-09,0.0,
countdown-pro,Timex Low Stock Urgency Timer,marketing-and-conversion-upsell-and-bundles-countdown-timer,231,4.8,0,14,0,1e-09,0.0,
image-gallery-by-enormapps,Enorm Image gallery + Video,store-design-images-and-media-image-gallery,229,4.9,0,44,0,1e-09,0.0,
lionz-apps-sync,eBay Sync & Importer LionzApps,sales-channels-selling-online-marketplaces,229,4.9,0,20,0,1e-09,0.0,
promo-com-promo-video-maker,Promo.com ‑ Promo Video Maker,store-design-images-and-media-video-and-livestream,229,4.8,0,37,0,1e-09,0.0,
skio,"Skio, a Recharge Company",selling-products-payments-subscriptions,227,5.0,0,19,0,1e-09,0.0,
cozy-country-redirect,Cozy Country Redirect,store-design-internationalization-currency-and-translation,225,4.3,0,47,0,1e-09,0.0,
discount-mix,Discount Mixer: Bulk Discounts,selling-products-pricing-pricing-optimization,225,5.0,0,4,0,1e-09,0.0,
prediko,Prediko Inventory Management,orders-and-shipping-inventory-inventory-optimization,224,4.9,0,4,0,1e-09,0.0,
easylockdown,Easy Wholesale Lock for B2B,store-management-security-accounts-and-login,223,4.5,0,14,0,1e-09,0.0,
ms-order-printers,MS Order Printer ‑ PDF Invoice,orders-and-shipping-orders-invoices-and-receipts,223,5.0,0,2,0,1e-09,0.0,
colissimo-officiel,Colissimo Official,orders-and-shipping-shipping-solutions-delivery-and-pickup,222,4.8,0,34,0,1e-09,0.0,
mageplaza-instagram-feed,MP Instagram Feed ‑ Instafeed,store-design-images-and-media-image-gallery,222,4.9,0,10,0,1e-09,0.0,
amazon-3,CS Amazon Integration & Sync,sales-channels-selling-online-marketplaces,221,4.2,0,76,0,1e-09,0.0,
candyrack,Candy Rack • All‑in‑One Upsell,marketing-and-conversion-upsell-and-bundles-product-bundles,221,4.9,0,50,0,1e-09,0.0,
price-scheduler-plus,NA Bulk Price Editor,selling-products-pricing-pricing-optimization,221,4.8,0,12,0,1e-09,0.0,
ldt-digital-download-product,LDT Digital Downloads & Ebooks,selling-products-digital-goods-and-services-digital-products,220,4.8,0,16,0,1e-09,0.0,
trustz,TZ Product Filter & Search Bar,store-design-design-elements-badges-and-icons,220,4.5,0,10,0,1e-09,0.0,
subscriptions-app,Super Subscriptions & Bundles,selling-products-payments-subscriptions,219,5.0,0,5,0,1e-09,0.0,
vela,"Vela | AI, optimization & more",store-management-operations-bulk-editor,219,4.6,0,47,0,1e-09,0.0,
metafields-editor-2,Metafields Guru,store-management-operations-bulk-editor,218,5.0,0,39,0,1e-09,0.0,
musbu-social-chat-button,Musbu ‑ WhatsApp Chat Button,store-design-design-elements-badges-and-icons,218,4.8,0,43,0,1e-09,0.0,
video-shopping,Videowise Shoppable Video UGC,store-design-images-and-media-video-and-livestream,218,4.9,0,22,0,1e-09,0.0,
one-click-popup-by-wcs,1CP: Email Popups & Spin Wheel,store-design-notifications-pop-ups,216,4.9,0,25,0,1e-09,0.0,
tree-planting,GoodAPI: Trees and Donations,marketing-and-conversion-customer-loyalty-loyalty-and-rewards,216,5.0,0,2,0,1e-09,0.0,
klaviyo-reviews,Klaviyo Reviews,marketing-and-conversion-social-trust-product-reviews,215,4.8,0,10,0,1e-09,0.0,
reelfy,Reelfy‑ Shoppable Videos Reels,store-design-images-and-media-video-and-livestream,215,4.8,0,1,0,1e-09,0.0,
wheelio-first-interactive-exit-intent-pop-up,Original Wheelio spin pop‑ups,store-design-notifications-pop-ups,215,4.7,0,90,0,1e-09,0.0,
addresshero,Address Validator AddressHero,orders-and-shipping-shipping-solutions-shipping,214,4.9,0,8,0,1e-09,0.0,
cedcommerce-tiktok-shop,CedCommerce TikTok Shop,sales-channels-selling-online-product-feeds,214,4.8,0,9,0,1e-09,0.0,
chatix-livechat-marketing-automations,Ctx: WhatsApp Chat + Marketing,store-management-support-chat,214,4.9,0,34,0,1e-09,0.0,
product-warnings,Warnify Pro Warnings,store-design-notifications-pop-ups,214,4.7,0,62,0,1e-09,0.0,
easyfeed-for-google-shopping-feeds,Wixpa Google Shopping Feed,sales-channels-selling-online-product-feeds,213,4.9,0,15,0,1e-09,0.0,
flair,Flair Product Badges + CRO,store-design-design-elements-badges-and-icons,213,5.0,0,22,0,1e-09,0.0,
massy-b2b-wholesale-pricing-discount,Massy B2B Wholesale Pricing,selling-products-pricing-pricing-optimization,212,5.0,0,4,0,1e-09,0.0,
squarepos-integration-sync,DPL Square Integration,sales-channels-selling-online-store-data-importer,211,4.9,0,7,0,1e-09,0.0,
interakt-marketing,Interakt ‑ WhatsApp Marketing,marketing-and-conversion-marketing-abandoned-cart,210,4.0,0,12,0,1e-09,0.0,
prime-product-badges,Prime Product Badges Stickers,store-design-design-elements-badges-and-icons,210,5.0,0,33,0,1e-09,0.0,
variant-image-wizard,Variant Image Wizard + Swatch,store-design-images-and-media-image-gallery,210,4.7,0,25,0,1e-09,0.0,
filey,Filey ‑ Files Backup & Export,sales-channels-selling-online-store-data-importer,209,4.8,0,6,0,1e-09,0.0,
simple-google-shopping-feed,AR: Google Shopping Feed Pro,sales-channels-selling-online-product-feeds,209,5.0,0,25,0,1e-09,0.0,
store-shield,Dakaas Fraud Filter Block Bots,store-management-security-fraud,209,4.8,0,3,0,1e-09,0.0,
cozy-antitheft-for-images-and-more,Cozy AntiTheft,store-management-security-anti-theft,208,4.8,0,13,0,1e-09,0.0,
reputon-ebay-reviews,Reputon eBay Reviews,marketing-and-conversion-social-trust-product-reviews,208,4.9,0,14,0,1e-09,0.0,
shipping-rates-calculator-plus,CBB Shipping Rates Calculator,marketing-and-conversion-checkout-cart-customization,208,4.6,0,51,0,1e-09,0.0,
synder,Synder,store-management-finances-accounting,207,4.8,0,61,0,1e-09,0.0,
prisync-ai-dynamic-pricing,Prisync AI | Dynamic Pricing,selling-products-pricing-pricing-optimization,206,4.9,0,20,0,1e-09,0.0,
courses,Courses Plus,selling-products-payments-subscriptions,205,4.9,0,13,0,1e-09,0.0,
delightchat-ecommerce-customer-service,DC: WhatsApp Marketing + API,store-management-support-helpdesk,205,4.8,0,8,0,1e-09,0.0,
leaddyno,LeadDyno Affiliate Marketing,marketing-and-conversion-advertising-affiliate-programs,205,4.4,0,55,0,1e-09,0.0,
wholesale-lock-manager,Wholesale Lock Manager: B2B,selling-products-pricing-pricing-quotes,205,4.9,0,10,0,1e-09,0.0,
custom-price-calculator,Apippa‑Custom Price Calculator,selling-products-pricing-pricing-quotes,204,4.8,0,19,0,1e-09,0.0,
edit-order,Cleverific AI Upsell & Editing,store-management-support-helpdesk,204,4.7,0,27,0,1e-09,0.0,
sms-notifications-1,"Convertway: WhatsApp, SMS, RCS",marketing-and-conversion-marketing-sms-marketing,204,4.4,0,19,0,1e-09,0.0,
store-pickup-by-genie-apps,Genie Store Pickup,orders-and-shipping-shipping-solutions-delivery-and-pickup,204,4.9,0,36,0,1e-09,0.0,
affilitrak,Affilitrak Affiliate Marketing,marketing-and-conversion-advertising-affiliate-programs,203,5.0,0,4,0,1e-09,0.0,
custom-scroll-to-top,Scrolly: Infinte Scroll To Top,store-design-search-and-navigation-navigation-and-menus,203,4.9,0,3,0,1e-09,0.0,
essential-grid-gallery,Essential Grid Gallery,store-design-images-and-media-image-gallery,203,4.9,0,5,0,1e-09,0.0,
products-visitors-counter,"Trafficly Ads, Visitor Counter",marketing-and-conversion-social-trust-social-proof,203,4.6,0,70,0,1e-09,0.0,
report-toaster,Report Toaster: Custom Reports,store-management-operations-analytics,203,5.0,0,27,0,1e-09,0.0,
helpdesk-livechat-chatbots,QuickReply,store-management-support-chat,202,4.8,0,38,0,1e-09,0.0,
page-speed-booster,RT: Page Speed Booster,store-design-site-optimization-seo,202,4.7,0,93,0,1e-09,0.0,
shuttle-transfer-from-etsy,Shuttle ‑ Sync with Etsy,sales-channels-selling-online-store-data-importer,202,4.8,0,23,0,1e-09,0.0,
ai-blog-agent,AI Blog Agent | SEO Auto Blog,store-design-content-blogs,201,4.9,0,2,0,1e-09,0.0,
grommet,Grommet: Launch Your Product,sales-channels-selling-online-marketplaces,201,4.9,0,61,0,1e-09,0.0,
lookfy-lookbook-gallery-1,Lookfy Lookbook: Image Gallery,store-design-images-and-media-image-gallery,201,4.8,0,4,0,1e-09,0.0,
supaeasy,SupaEasy: AI Functions creator,store-management-operations-workflow-automation,201,5.0,0,5,0,1e-09,0.0,
faqs-plus,"HelpLab FAQ Page, Product FAQs",store-management-support-faq,200,5.0,0,12,0,1e-09,0.0,
ordertagger,"AI Auto Tags, Flows & QR Codes",store-management-operations-workflow-automation,200,4.9,0,64,0,1e-09,0.0,
xb-sticky-add-to-cart-upsell,XB: AI Cart Upsell Cart Drawer,marketing-and-conversion-checkout-cart-customization,200,5.0,0,29,0,1e-09,0.0,
findter-custom-filter-search,Findter Custom Filter & Search,store-design-search-and-navigation-search-and-filters,199,5.0,0,3,0,1e-09,0.0,
variants-as-separate-products,EX Show Variants on Collection,store-design-product-display-collections,199,4.7,0,15,0,1e-09,0.0,
bloop-referral-program,BLP Referral Program Affiliate,marketing-and-conversion-promotions-discounts,198,4.8,0,12,0,1e-09,0.0,
i-agree-to-terms,Termzy ‑ I Agree To Terms,store-management-security-legal,198,4.7,0,30,0,1e-09,0.0,
zoorix-sticky-add-to-cart,Zoorix Sticky Add To Cart Bar,store-design-notifications-banners,198,5.0,0,32,0,1e-09,0.0,
back-in-stock-alert-notify-me-sb,Back In Stock Alert‑ Notify Me,marketing-and-conversion-upsell-and-bundles-pre-orders,197,4.7,0,21,0,1e-09,0.0,
starshipit,Starshipit shipping automation,orders-and-shipping-shipping-solutions-shipping,197,3.8,0,25,0,1e-09,0.0,
wishlist-wishify,Wishlist ‑ Wishify,marketing-and-conversion-customer-loyalty-wishlists,197,4.9,0,19,0,1e-09,0.0,
multi-feed-for-google-shopping-xml,Casa Google Shopping Feed,marketing-and-conversion-advertising-ads,196,4.6,0,47,0,1e-09,0.0,
webrex-technical-seo,Webrex: SEO Audit Optimizer,store-design-site-optimization-seo,196,4.8,0,35,0,1e-09,0.0,
currency-converter-plus,Currency Converter Plus,store-design-internationalization-currency-and-translation,194,4.7,0,22,0,1e-09,0.0,
kimonix,KX AI Collections,store-design-product-display-collections,194,5.0,0,9,0,1e-09,0.0,
mida-fraud-ip-blocker,"MIDA Fraud Filter, Bot Blocker",store-management-security-fraud,194,4.9,0,2,0,1e-09,0.0,
social-snowball,Snowball: Affiliate Marketing,marketing-and-conversion-promotions-discounts,194,4.5,0,15,0,1e-09,0.0,
areviews-aliexpress,Areviews ‑ Reviews Importer,marketing-and-conversion-social-trust-product-reviews,193,4.8,0,37,0,1e-09,0.0,
impact-1,impact.com Affiliate Marketing,marketing-and-conversion-advertising-affiliate-programs,193,4.5,0,9,0,1e-09,0.0,
instagram-feed,EVM Instagram Feed ‑ Instafeed,store-design-images-and-media-image-gallery,193,4.8,0,67,0,1e-09,0.0,
storeify-store-locator,S: Store Locator,store-management-operations-analytics,193,4.8,0,8,0,1e-09,0.0,
altera-import-export-excel,Altera ‑ Export and Import,store-management-operations-bulk-editor,192,5.0,0,2,0,1e-09,0.0,
whatomation,Whatomation‑Order Notification,marketing-and-conversion-marketing-abandoned-cart,192,4.7,0,3,0,1e-09,0.0,
zigzag-returns-and-exchanges,ZigZag Returns & Exchanges,orders-and-shipping-returns-and-warranty-returns-and-exchanges,192,4.7,0,57,0,1e-09,0.0,
buunto-date-picker,Buunto – Delivery Date Picker,orders-and-shipping-shipping-solutions-delivery-and-pickup,191,4.8,0,26,0,1e-09,0.0,
emailwiz,Wiz ‑ AI Email Marketing,marketing-and-conversion-marketing-abandoned-cart,191,5.0,0,5,0,1e-09,0.0,
xboost-upsell,XB: Bundles Quantity Breaks,marketing-and-conversion-promotions-discounts,191,5.0,0,31,0,1e-09,0.0,
easy-digital-products,EDP ‑ Easy Digital Products,selling-products-digital-goods-and-services-digital-products,190,5.0,0,20,0,1e-09,0.0,
infinite-ads-tracking,∞ Google Ads Tracking & GTM,marketing-and-conversion-advertising-ads,190,4.9,0,30,0,1e-09,0.0,
quantity-breaks-now,Bulk Discounts Now WOD,selling-products-pricing-pricing-optimization,190,4.6,0,47,0,1e-09,0.0,
shopvid-shoppable-videos,Avada Shoppable Videos Reels,store-design-images-and-media-video-and-livestream,190,5.0,0,7,0,1e-09,0.0,
currency-switcher,SmartCS: Currency Converter,store-design-internationalization-currency-and-translation,189,4.8,0,52,0,1e-09,0.0,
imageoptimizer,LoyaltyHarbour Image Optimizer,store-design-images-and-media-image-editor,188,4.8,0,76,0,1e-09,0.0,
gsc-instagram-feed-instafeed,"GSC Instagram Feed, Instafeed",store-design-images-and-media-image-gallery,187,4.9,0,3,0,1e-09,0.0,
commslayer,Commslayer: AI Helpdesk & Chat,store-management-support-helpdesk,185,4.9,0,2,0,1e-09,0.0,
ea-sticky-add-to-cart-bar,EA • Sticky Add to Cart Drawer,marketing-and-conversion-checkout-cart-customization,185,4.8,0,14,0,1e-09,0.0,
easy-catalogs,Catalog Maker by EasyCatalog,store-design-images-and-media-image-gallery,185,4.4,0,21,0,1e-09,0.0,
ldt-courses,LDT Courses & Communities,selling-products-digital-goods-and-services-digital-products,185,4.9,0,15,0,1e-09,0.0,
easy-subscription,Easy Subscriptions App,selling-products-payments-subscriptions,184,5.0,0,7,0,1e-09,0.0,
request-a-quote-hide-price-sb,"SB Request a Quote, Hide Price",store-design-notifications-forms,184,4.8,0,10,0,1e-09,0.0,
woohoo,WooHoo – Popups & Spin Wheel,marketing-and-conversion-marketing-email-marketing,184,4.6,0,80,0,1e-09,0.0,
buy-button,Buy Button channel,store-management-operations-analytics,183,3.9,0,33,0,1e-09,0.0,
mr-arigato-task-automator,Arigato Automation,store-management-operations-workflow-automation,182,4.8,0,18,0,1e-09,0.0,
octane-ai-quiz-personalization,Octane AI: Advanced Quiz Maker,store-design-notifications-pop-ups,182,4.9,0,49,0,1e-09,0.0,
shopupz-inventory,Etsy Integration by shopUpz,sales-channels-selling-online-marketplaces,182,4.6,0,14,0,1e-09,0.0,
yeps-announcement-bar-banners,Yeps Announcement Bar Banner,store-design-notifications-pop-ups,182,5.0,0,8,0,1e-09,0.0,
reputon-amazon-reviews,Amazon Reviews by Reputon,marketing-and-conversion-social-trust-product-reviews,181,5.0,0,12,0,1e-09,0.0,
aliexpress-review-importer,Judge.me Ali Reviews Importer,marketing-and-conversion-social-trust-social-proof,180,4.9,0,2,0,1e-09,0.0,
covet-pics,Covet Instagram Feed & Reviews,store-design-images-and-media-image-gallery,180,4.7,0,54,0,1e-09,0.0,
fairing,Fairing Post Purchase Surveys,store-management-support-surveys,180,5.0,0,10,0,1e-09,0.0,
gift-reggie-by-eshop-admin,Gift Reggie: Gift Registry,marketing-and-conversion-customer-loyalty-wishlists,180,4.8,0,20,0,1e-09,0.0,
grapevine,Grapevine Post Purchase Survey,store-management-support-surveys,180,5.0,0,4,0,1e-09,0.0,
paywhirl,PayWhirl Subscriptions,selling-products-payments-subscriptions,180,4.8,0,26,0,1e-09,0.0,
b2b-dual-display-of-tax-included-and-tax-excluded-price,Singleton | Dual Price Display,store-management-finances-taxes,177,4.9,0,25,0,1e-09,0.0,
checkout-blocks,Shopify Checkout Blocks,marketing-and-conversion-promotions-discounts,177,4.2,0,18,0,1e-09,0.0,
checkout-rules,BeSure Checkout Rules,marketing-and-conversion-checkout-cart-customization,177,5.0,0,41,0,1e-09,0.0,
ez-terms-and-conditions-checkbox,RA Term and Condition Checkbox,store-management-security-legal,177,4.9,0,6,0,1e-09,0.0,
hoppy-free-shipping,HA: Free Shipping Cross Sell,store-design-notifications-banners,177,4.6,0,9,0,1e-09,0.0,
bm-country-ip-blocker,BM: Country blocker IP blocker,store-management-security-fraud,176,4.9,0,5,0,1e-09,0.0,
video-marketing,Vimotia Shoppable Videos & UGC,store-design-images-and-media-video-and-livestream,176,4.7,0,57,0,1e-09,0.0,
dropinblog-seo-friendly-blog,DropInBlog: Blog Engine,store-design-content-blogs,175,4.6,0,19,0,1e-09,0.0,
parkour-pixel,Parkour: Facebook Pixel & Feed,store-management-operations-analytics,174,5.0,0,1,0,1e-09,0.0,
perfect-announcement-bar,BoostPop: Sales Popups & Bars,store-design-notifications-pop-ups,174,4.8,0,23,0,1e-09,0.0,
wishlist-club,WC Wishlist & Back in Stock,marketing-and-conversion-customer-loyalty-wishlists,174,4.8,0,15,0,1e-09,0.0,
syncee-for-suppliers,Syncee for Suppliers,sales-channels-selling-online-marketplaces,172,4.6,0,25,0,1e-09,0.0,
alchemy,Replo Landing Page Builder,store-design-storefronts-page-builder,171,4.7,0,36,0,1e-09,0.0,
migrationpro-shopify-migration-app,MigrationPro: Store Migration,store-management-operations-bulk-editor,171,5.0,0,22,0,1e-09,0.0,
revolution-slider,Slider Revolution & Sections,store-design-images-and-media-image-gallery,171,4.9,0,20,0,1e-09,0.0,
single-page-order-form,WSH Order Form & ReOrder,finding-products-sourcing-options-wholesale,171,4.9,0,41,0,1e-09,0.0,
b2b-customer-portal-quick-order,"BSS B2B Order, Request a Quote",selling-products-pricing-pricing-quotes,170,4.9,0,10,0,1e-09,0.0,
freightcom-delivery,ClickShip | Shipping Platform,orders-and-shipping-shipping-solutions-shipping-rates,170,4.6,0,26,0,1e-09,0.0,
sea-survey,SEA Post Purchase Survey Quiz,store-design-notifications-pop-ups,170,4.9,0,6,0,1e-09,0.0,
snapnoti,FOMO Sales Pop Up Social Proof,marketing-and-conversion-social-trust-social-proof,170,4.9,0,15,0,1e-09,0.0,
video-product-review-app,Helpful Product Reviews App,marketing-and-conversion-social-trust-product-reviews,170,4.8,0,71,0,1e-09,0.0,
countdown-timer-bar-samita,Countdown Timer Bar Samita,marketing-and-conversion-upsell-and-bundles-countdown-timer,168,5.0,0,7,0,1e-09,0.0,
discos-smart-bogo-cart-upsell,BOGO+ Free Gift & Buy X Get Y,marketing-and-conversion-promotions-discounts,167,4.8,0,67,0,1e-09,0.0,
guarantee-icons-trust-badges,Iconito ‑ Trust badges & icons,store-design-design-elements-badges-and-icons,167,4.8,0,12,0,1e-09,0.0,
propel-subscriptions,Propel Subscriptions App,selling-products-payments-subscriptions,167,4.7,0,48,0,1e-09,0.0,
regios-automatic-discounts,Regios Automatic Discounts,marketing-and-conversion-promotions-discounts,167,4.9,0,14,0,1e-09,0.0,
gridandpixel,Grid & Pixel Email‑SMS‑Popups,marketing-and-conversion-marketing-sms-marketing,166,4.8,0,5,0,1e-09,0.0,
product-gallery-slider,GG Product Page Image Slider,store-design-images-and-media-image-gallery,166,4.8,0,3,0,1e-09,0.0,
referral-program,SC Conjured Referral Program,marketing-and-conversion-advertising-affiliate-programs,166,4.8,0,45,0,1e-09,0.0,
instagram-feed-pro,RPTR Instagram Feed Connect,store-design-images-and-media-image-gallery,165,4.9,0,39,0,1e-09,0.0,
product-auction,Webkul Product Auction,selling-products-pricing-pricing-quotes,165,4.7,0,22,0,1e-09,0.0,
sections-ai,Section Star ‑ Theme Sections,store-design-storefronts-page-builder,165,4.9,0,15,0,1e-09,0.0,
ezyslips-order-processing-made-easy,Shipway: Logistics Aggregation,orders-and-shipping-shipping-solutions-shipping-rates,164,4.2,0,11,0,1e-09,0.0,
crazyrocket,CrazyRocket • Spin Wheel PopUp,store-design-notifications-pop-ups,163,4.9,0,28,0,1e-09,0.0,
product-fees,Upcharge Surcharge Fees Tariff,marketing-and-conversion-upsell-and-bundles-upsell-and-cross-sell,162,4.7,0,73,0,1e-09,0.0,
firepush,Firepush ‑ SMS & Web Push,marketing-and-conversion-marketing-sms-marketing,161,4.8,0,45,0,1e-09,0.0,
sitemap-noindex-seo-tools,Sitemap NoIndex Pro SEO,store-design-site-optimization-seo,161,5.0,0,29,0,1e-09,0.0,
uploadery,File Upload by Uploadery,selling-products-custom-products-product-variants,161,4.5,0,17,0,1e-09,0.0,
locales-ai,Locales.ai: AI Translate ‑GPT5,store-design-internationalization-currency-and-translation,160,4.5,0,30,0,1e-09,0.0,
parcelify,Parcelify: Shipping Rates,orders-and-shipping-shipping-solutions-shipping-rates,160,4.8,0,66,0,1e-09,0.0,
pdf-printer,Oxilayer PDF Invoice Generator,store-management-finances-taxes,160,5.0,0,2,0,1e-09,0.0,
productsdesigner,Inkybay ‑ Product Personalizer,selling-products-pricing-pricing-quotes,160,4.5,0,29,0,1e-09,0.0,
quickbooks-bridge,QuickBooks Bridge by Parex,store-management-finances-accounting,160,4.9,0,58,0,1e-09,0.0,
quiz-kit,Quiz Kit: Product Quiz Maker,store-design-notifications-pop-ups,160,4.8,0,19,0,1e-09,0.0,
tabs-by-station,Tabs Studio,store-design-content-product-content,160,5.0,0,4,0,1e-09,0.0,
order-limits-minmaxify,Minmaxify Order Limits,marketing-and-conversion-checkout-order-limits,159,4.9,0,22,0,1e-09,0.0,
cart2cart-shopify-migration-module,Cart2Cart Data Migration,sales-channels-selling-online-store-data-importer,158,3.9,0,79,0,1e-09,0.0,
facebook-multiple-pixel,Ⓩ Facebook Pixel Tiktok Pixel,store-management-operations-analytics,158,5.0,0,10,0,1e-09,0.0,
giftnote,Giftnote: Gift Message & Cards,marketing-and-conversion-gifts-gift-cards,158,5.0,0,4,0,1e-09,0.0,
out-of-stock-1,SC Back in Stock Notify Me,marketing-and-conversion-marketing-sms-marketing,158,4.5,0,13,0,1e-09,0.0,
the-motivator,SC Sales Motivator,store-design-notifications-banners,158,4.7,0,86,0,1e-09,0.0,
xo-gallery,XO Gallery,store-design-images-and-media-image-gallery,158,4.9,0,30,0,1e-09,0.0,
intelligems,Intelligems: A/B Testing,selling-products-pricing-pricing-optimization,157,4.8,0,8,0,1e-09,0.0,
yoast-seo,Yoast SEO ‑ Store optimization,store-design-site-optimization-seo,157,4.7,0,84,0,1e-09,0.0,
zipchat,Zipchat AI Chatbot & Live Chat,store-management-support-helpdesk,157,5.0,0,3,0,1e-09,0.0,
advanced-pre-order,Advanced PreOrder‑ Partial pay,marketing-and-conversion-upsell-and-bundles-pre-orders,156,4.6,0,47,0,1e-09,0.0,
ai-alt-text-generator,SEO HERO AI Alt Text Generator,store-design-site-optimization-accessibility,156,4.9,0,6,0,1e-09,0.0,
broken-link-manager,SEOWILL ‑ 404 Link Redirect,store-design-site-optimization-seo,156,4.8,0,71,0,1e-09,0.0,
suppr-email-collection-bar,Email PopUp & Pop Up Discount,store-design-notifications-pop-ups,156,4.7,0,11,0,1e-09,0.0,
cod-order-verification,Hillteck: Verify COD Orders,selling-products-payments-pay-later,155,4.9,0,11,0,1e-09,0.0,
digital-assets,Digital Downloads ‑ Fileflare,selling-products-digital-goods-and-services-digital-products,155,4.8,0,5,0,1e-09,0.0,
make-an-offer,Magical Make an Offer,selling-products-pricing-pricing-optimization,155,4.6,0,31,0,1e-09,0.0,
pirate-ship,Pirate Ship: CheapARR Shipping,orders-and-shipping-shipping-solutions-shipping,155,4.9,0,6,0,1e-09,0.0,
product-description-accordion,EasySlide Accordion tabs & FAQ,store-management-support-faq,155,5.0,0,9,0,1e-09,0.0,
evm-lookbook,EM Lookbook Gallery,store-design-images-and-media-image-gallery,154,4.9,0,46,0,1e-09,0.0,
koin-store-credit,Koin Store Credit & Rewards,selling-products-payments-payment-experience,154,5.0,0,1,0,1e-09,0.0,
react-flow,Workflow Automation—React Flow,store-management-operations-workflow-automation,154,5.0,0,14,0,1e-09,0.0,
ymq-b2b-wholesale-solution,Ymq B2B & Wholesale Solution,store-management-security-accounts-and-login,154,4.7,0,32,0,1e-09,0.0,
alidrop-aliexpress-dropship-1,Alibaba & AliExpress Dropship,finding-products-sourcing-options-print-on-demand-pod,153,3.7,0,52,0,1e-09,0.0,
attribuly,Attribuly: Klaviyo Recovery,marketing-and-conversion-marketing-abandoned-cart,153,4.8,0,10,0,1e-09,0.0,
discount-on-cart-pro,Dr Stacked Discounts Codes,marketing-and-conversion-checkout-cart-customization,153,4.8,0,92,0,1e-09,0.0,
gift-card-hero,Gift Card Hero • All‑in‑one,marketing-and-conversion-gifts-gift-cards,153,4.9,0,5,0,1e-09,0.0,
mesa,MESA: Workflow Automation,store-management-operations-workflow-automation,153,4.9,0,4,0,1e-09,0.0,
christmas-snowfall-effect,RT: Christmas Snowfall Effects,store-design-design-elements-animation-and-effects,152,4.8,0,6,0,1e-09,0.0,
mps-buy-me,Buy Me: Sticky Add To Cart Bar,store-design-notifications-banners,152,4.9,0,33,0,1e-09,0.0,
reputon-testimonials,Reputon Testimonials Slider,marketing-and-conversion-social-trust-product-reviews,152,4.9,0,53,0,1e-09,0.0,
winter-mode-snow-rain-effect,FX: Seasonal Effects Animation,store-design-design-elements-animation-and-effects,152,4.8,0,4,0,1e-09,0.0,
accentuate,Accentuate Custom Fields (ACF),store-management-operations-bulk-editor,151,4.9,0,24,0,1e-09,0.0,
duty-and-tax-calculator-iglobal-stores,Zonos Duty and Tax,orders-and-shipping-shipping-solutions-shipping-rates,151,4.5,0,40,0,1e-09,0.0,
marsello,"Marsello: Loyalty, Email, SMS",marketing-and-conversion-marketing-email-marketing,151,4.3,0,83,0,1e-09,0.0,
nofraud-chargeback-prevention-and-protection,Wyllo,store-management-security-fraud,151,4.9,0,13,0,1e-09,0.0,
product-review-myappgurus,MAG: Product Reviews,marketing-and-conversion-social-trust-product-reviews,151,4.5,0,47,0,1e-09,0.0,
syncio,Syncio Inventory Sync,store-management-operations-bulk-editor,151,4.7,0,15,0,1e-09,0.0,
huckleberry-subscription,定期購買‑Huckleberry Subscriptions,selling-products-payments-subscriptions,150,4.8,0,32,0,1e-09,0.0,
recurring-invoices,RecurrinGO! Subscriptions App,selling-products-payments-subscriptions,150,4.8,0,25,0,1e-09,0.0,
recurring-order-subscription,Casa Subscriptions App,selling-products-payments-subscriptions,150,5.0,0,21,0,1e-09,0.0,
supliful,Supliful: Dropship Supplements,finding-products-sourcing-options-dropshipping,150,4.5,0,42,0,1e-09,0.0,
easysearch,Year Make Model ‑ EasySearch,store-design-search-and-navigation-search-and-filters,149,4.9,0,4,0,1e-09,0.0,
enhencer-1,AI Ads: Facebook Ads That Sell,marketing-and-conversion-advertising-ads,149,4.4,0,53,0,1e-09,0.0,
kefi-bundles-app,Kefi Product Bundle Builder,marketing-and-conversion-promotions-discounts,149,5.0,0,32,0,1e-09,0.0,
madgic-order-limits,Madgic Order Limits Quantity,marketing-and-conversion-checkout-order-limits,149,4.9,0,5,0,1e-09,0.0,
pagepilotai,PagePilot: AI Page Builder,store-design-storefronts-page-builder,149,4.8,0,19,0,1e-09,0.0,
mcafee-secure,TrustedSite ‑ Trust Badges,store-design-design-elements-badges-and-icons,148,4.3,0,24,0,1e-09,0.0,
sendvio-email-marketing-sms,Sendvio: Email & SMS Marketing,marketing-and-conversion-marketing-sms-marketing,148,4.8,0,17,0,1e-09,0.0,
adwisely,Adwisely Google Ads & Meta Ads,marketing-and-conversion-marketing-abandoned-cart,147,4.4,0,26,0,1e-09,0.0,
charge-me-later,"Charge Me Later, Wholesale app",selling-products-pricing-pricing-quotes,147,4.9,0,33,0,1e-09,0.0,
shortly-affiliate-marketing,Shortly — Affiliate Marketing,marketing-and-conversion-advertising-affiliate-programs,147,4.7,0,5,0,1e-09,0.0,
tiktok-multi-pixels,Omega for your TikTok pixel,marketing-and-conversion-advertising-ads,146,4.9,0,8,0,1e-09,0.0,
mailmunch,Mailmunch ‑ Email Automations,store-design-notifications-pop-ups,145,4.5,0,89,0,1e-09,0.0,
sales-countdown-timer-bar,Urgency+ | All‑in‑one FOMO App,marketing-and-conversion-upsell-and-bundles-countdown-timer,145,4.2,0,33,0,1e-09,0.0,
social-bar,Helpy Social Share Buttons,store-design-design-elements-badges-and-icons,145,4.9,0,11,0,1e-09,0.0,
appointment-booking-propel,Appointment Booking App Propel,selling-products-digital-goods-and-services-event-booking,144,4.9,0,23,0,1e-09,0.0,
hyperspeed,Hyperspeed EXTREME Page Speed,store-design-site-optimization-seo,144,4.8,0,83,0,1e-09,0.0,
panda-bundle-and-volume-discount,Panda Bundles Volume Discounts,marketing-and-conversion-promotions-discounts,144,4.9,0,54,0,1e-09,0.0,
storefaq,StoreFAQ: Product FAQ Chatbot,store-design-content-product-content,144,4.9,0,2,0,1e-09,0.0,
urgency-low-stock-counter,Urgency+ Low Stock Counter,marketing-and-conversion-upsell-and-bundles-stock-alerts,144,4.9,0,7,0,1e-09,0.0,
custom-collections,Stamp Show Variants Collection,store-design-product-display-collections,143,5.0,0,2,0,1e-09,0.0,
product-designer-setubridge,SB Custom Product Designer,finding-products-sourcing-options-print-on-demand-pod,143,4.6,0,4,0,1e-09,0.0,
reamaze,Re:amaze AI Helpdesk & Chat,store-management-support-helpdesk,143,4.5,0,28,0,1e-09,0.0,
taiwan-shipping,Ako Taiwan CVS Pickup Einvoice,orders-and-shipping-shipping-solutions-shipping-rates,143,4.9,0,30,0,1e-09,0.0,
yoyoloyalty,"YOYO: Loyalty, VIP, Membership",selling-products-payments-subscriptions,143,5.0,0,10,0,1e-09,0.0,
eaze-chat-button,EAZE Button,store-management-support-chat,142,4.8,0,20,0,1e-09,0.0,
fruugo-marketplace-integration,CedCommerce Fruugo Integration,orders-and-shipping-inventory-inventory-sync,142,5.0,0,81,0,1e-09,0.0,
hoppy-bulk-discounts,"Hoppy Bundle Offer, BOGO, BYOB",marketing-and-conversion-promotions-discounts,142,4.9,0,21,0,1e-09,0.0,
plobalapps-mobile-application,Mobile App Builder ‑ Plobal,store-design-storefronts-mobile-app-builder,142,4.8,0,26,0,1e-09,0.0,
purchase-limit,KOR Order Limits Quantity,finding-products-sourcing-options-wholesale,142,4.7,0,15,0,1e-09,0.0,
shipandco,Shipandco,orders-and-shipping-shipping-solutions-shipping,142,4.8,0,16,0,1e-09,0.0,
social-buttons,Zotabox Social Sharing Buttons,store-design-design-elements-badges-and-icons,142,5.0,0,32,0,1e-09,0.0,
wise-reviews,WiseReviews ‑ Reviews Importer,marketing-and-conversion-social-trust-product-reviews,142,4.8,0,13,0,1e-09,0.0,
wizybot,Wizybot CRM & AI Chatbot,store-management-support-chat,142,4.6,0,82,0,1e-09,0.0,
australia-post-rates-labels,PluginHive Australia Post Ship,orders-and-shipping-shipping-solutions-shipping-rates,141,5.0,0,41,0,1e-09,0.0,
external-affiliate-product-links,Outlink External Links Button,store-design-design-elements-badges-and-icons,141,4.9,0,25,0,1e-09,0.0,
instagenie,Instafeed: For Instagram Feed,store-design-images-and-media-image-gallery,141,4.9,0,24,0,1e-09,0.0,
upload-lift,Upload‑Lift Image Upload,selling-products-custom-products-product-variants,141,4.9,0,2,0,1e-09,0.0,
cartking,CK: Free Gift with Purchase,marketing-and-conversion-promotions-discounts,140,4.9,0,90,0,1e-09,0.0,
easy-product-customizer,Eazy Product Options & Variant,selling-products-custom-products-custom-file-upload,140,4.9,0,13,0,1e-09,0.0,
pushup-notification-marketing,Abandoned Cart Email Marketing,marketing-and-conversion-marketing-abandoned-cart,140,4.9,0,6,0,1e-09,0.0,
avcsp,AVP ‑ Age Verification Popup,store-design-notifications-pop-ups,139,4.6,0,17,0,1e-09,0.0,
bulk-price-editor-sami,Sami Bulk Price Editor,store-management-operations-bulk-editor,139,4.8,0,3,0,1e-09,0.0,
gtm-datalayer-by-elevar,Elevar Conversion Tracking,store-management-operations-analytics,139,4.6,0,50,0,1e-09,0.0,
kudobuzz-testimonials,Kudobuzz Product Reviews & UGC,marketing-and-conversion-social-trust-product-reviews,139,4.4,0,81,0,1e-09,0.0,
gameball,Gameball: AI Loyalty & Games,marketing-and-conversion-customer-loyalty-loyalty-and-rewards,138,4.7,0,95,0,1e-09,0.0,
germandrop,German Drop ‑ EU Dropshipping,finding-products-sourcing-options-dropshipping,138,5.0,0,7,0,1e-09,0.0,
heymerch-sales-stock-counter,Hey!Scarcity Low Stock Counter,marketing-and-conversion-upsell-and-bundles-stock-alerts,138,5.0,0,23,0,1e-09,0.0,
ns-product-variants-options,N Color Swatches Variant Image,store-design-images-and-media-image-gallery,137,4.5,0,32,0,1e-09,0.0,
payfy-conditional-payments,Payfy: Hide Payment Rules,marketing-and-conversion-checkout-cart-customization,137,4.9,0,24,0,1e-09,0.0,
postpilot,PostPilot Direct Mail Platform,marketing-and-conversion-advertising-ads,137,4.9,0,26,0,1e-09,0.0,
push-down-hide-out-of-stock,MB Push Down Hide Out of Stock,store-design-product-display-collections,137,4.8,0,5,0,1e-09,0.0,
tably-comparison-tables,Tably Comparison & Spec Tables,store-design-product-display-product-comparison,137,4.9,0,8,0,1e-09,0.0,
tictac,"TicTac ‑ Timer, Bar & Upsell",store-design-notifications-banners,137,4.9,0,15,0,1e-09,0.0,
traffic-booster,Google Ads & Shopping AI: ST,sales-channels-selling-online-product-feeds,137,4.5,0,49,0,1e-09,0.0,
boxify,Boxify,orders-and-shipping-shipping-solutions-shipping-rates,136,4.8,0,55,0,1e-09,0.0,
cod-advanced-cash-on-delivery,Nex Advanced Cash on Delivery,selling-products-payments-pay-later,136,5.0,0,10,0,1e-09,0.0,
doran-back-in-stock-preorder,Doran Back in Stock | Preorder,marketing-and-conversion-upsell-and-bundles-pre-orders,136,4.9,0,16,0,1e-09,0.0,
redirect-hero,Redirect Hero ‑ Fix 404 links,store-design-site-optimization-seo,136,5.0,0,21,0,1e-09,0.0,
alttext-ai,ATAI ‑ AltText.ai AI Alt Text,store-design-site-optimization-accessibility,135,4.5,0,9,0,1e-09,0.0,
pro-bulk-price-editor,Bulk Price Editor Pro,store-management-operations-bulk-editor,135,4.6,0,18,0,1e-09,0.0,
sticky-cart-and-sticky-add-to-cart-button,SEOWILL ‑ Sticky Add To Cart,marketing-and-conversion-checkout-cart-customization,135,4.9,0,62,0,1e-09,0.0,
teemdrop-1,TeemDrop‑Dropshipping,finding-products-sourcing-options-dropshipping,135,4.7,0,44,0,1e-09,0.0,
aov-post-purchase-upsell,AOV.ai Post Purchase Upsell,marketing-and-conversion-upsell-and-bundles-upsell-and-cross-sell,134,4.9,0,24,0,1e-09,0.0,
ez-preorder,EZ Preorder & Back In Stock,marketing-and-conversion-upsell-and-bundles-pre-orders,134,4.6,0,18,0,1e-09,0.0,
i-wishlist,Mst: Wishlist Prime,marketing-and-conversion-marketing-email-marketing,134,4.8,0,28,0,1e-09,0.0,
mycustomizer-1,Kickflip product configurators,selling-products-custom-products-product-variants,134,4.6,0,11,0,1e-09,0.0,
split-partial-payments,SPD Split Payment & Deposit,selling-products-payments-payment-experience,134,4.8,0,2,0,1e-09,0.0,
stayai-subscriptions,Stay AI Subscriptions App,selling-products-payments-subscriptions,134,4.9,0,20,0,1e-09,0.0,
sticky-add-to-cart-1,Square: Sticky Add to Cart Bar,marketing-and-conversion-checkout-cart-customization,134,5.0,0,8,0,1e-09,0.0,
tagfly,"TagFly Google Ads, GA4 & GTM",store-management-operations-analytics,134,4.8,0,17,0,1e-09,0.0,
add-paypal-tracking-by-uptrack,Proveway PayPal Tracking Sync,orders-and-shipping-orders-order-tracking,133,5.0,0,18,0,1e-09,0.0,
bestchat,BestChat: AI Chatbot+Live Chat,store-management-support-chat,132,4.8,0,87,0,1e-09,0.0,
dripshipper,Dripshipper: Coffee & Tea,finding-products-sourcing-options-dropshipping,132,4.7,0,30,0,1e-09,0.0,
order-printer-pdf-invoice,F: PDF Invoice Generator,store-management-finances-taxes,132,4.7,0,9,0,1e-09,0.0,
page-speed-boost,SEOWILL‑ Page Speed Optimizer,store-design-site-optimization-seo,132,4.9,0,19,0,1e-09,0.0,
shopsync-canva-integration,Canva AutoSync Integration,store-design-images-and-media-image-editor,132,4.2,0,38,0,1e-09,0.0,
apptile-mobile-app-builder,Mobile App Builder ‑ Apptile,store-design-images-and-media-video-and-livestream,131,4.9,0,10,0,1e-09,0.0,
fordeer-invoice-order-printer,Fordeer: PDF Invoice Generator,store-management-finances-taxes,131,4.6,0,16,0,1e-09,0.0,
free-traffic-exchange,Instant Traffic: Get Visitors,marketing-and-conversion-advertising-ads,131,4.0,0,32,0,1e-09,0.0,
katana-mrp-manufacturing-and-inventory-management,Katana Cloud Inventory,orders-and-shipping-inventory-erp,131,4.2,0,17,0,1e-09,0.0,
linked-options,LinkedOption Combined Listings,selling-products-custom-products-product-variants,131,5.0,0,14,0,1e-09,0.0,
pareto-limit-purchase,Pareto ‑ Order Limits Quantity,marketing-and-conversion-checkout-order-limits,131,4.9,0,9,0,1e-09,0.0,
profitonium-bulk-product-edit,EditEngine Bulk Product Editor,store-management-operations-bulk-editor,131,4.9,0,7,0,1e-09,0.0,
pusher-sections-builder,Puco Sections: Theme Sections,store-design-storefronts-page-builder,131,5.0,0,53,0,1e-09,0.0,
shipfy-delivery-customization,Shipy ‑ Hide Shipping Rules,marketing-and-conversion-checkout-cart-customization,131,5.0,0,19,0,1e-09,0.0,
stock-app,Sort'd ‑ Prime Collection Sort,store-design-product-display-collections,131,5.0,0,1,0,1e-09,0.0,
adoric-bundles-quantity-breaks,Adoric Bundles Quantity Breaks,marketing-and-conversion-promotions-discounts,130,4.8,0,34,0,1e-09,0.0,
back-in-stock-zooomy,Back in stock Restock Preorder,selling-products-custom-products-product-variants,130,5.0,0,38,0,1e-09,0.0,
faq-page-smart,D: AI FAQ Page,store-management-support-faq,130,4.6,0,14,0,1e-09,0.0,
inventory-planner,Inventory Planner by Sage,store-management-operations-staff-notifications,130,4.4,0,7,0,1e-09,0.0,
order-export,syncX Order Data Export,store-management-operations-workflow-automation,130,4.3,0,30,0,1e-09,0.0,
smartsize,Smart Size Chart & Fit Finder,selling-products-custom-products-product-variants,130,5.0,0,6,0,1e-09,0.0,
the-shop-calendar,The Shop Events Calendar,selling-products-digital-goods-and-services-event-booking,130,4.6,0,24,0,1e-09,0.0,
rubix-bulk-price-editor-1,RUBIX Bulk Price Editor,store-management-operations-bulk-editor,129,4.9,0,5,0,1e-09,0.0,
tada-pop-ups-game-emails,Tada Pop up Spin Wheel Popups,store-design-notifications-pop-ups,129,4.6,0,72,0,1e-09,0.0,
tracktor-2,Tracktor Order Tracking,orders-and-shipping-shipping-solutions-shipping,129,4.6,0,27,0,1e-09,0.0,
webrex-image-optimization,Webrex: SEO Image Optimizer,store-design-site-optimization-seo,129,4.9,0,75,0,1e-09,0.0,
best-fit-size-charts-size-guides,BF Size Chart & Size Guide,selling-products-custom-products-product-variants,128,4.7,0,12,0,1e-09,0.0,
ecomstar-pre-post-upsell,Product Recommendations • ES,marketing-and-conversion-upsell-and-bundles-product-bundles,128,5.0,0,52,0,1e-09,0.0,
powr-photo-gallery,POWR Lookbook Gallery,store-design-images-and-media-image-gallery,128,4.5,0,57,0,1e-09,0.0,
zotabox-promotion-conversion-tool,Zotabox: All in One Marketing,store-design-notifications-pop-ups,128,4.6,0,86,0,1e-09,0.0,
foursixty,Foursixty Shoppable Social UGC,store-design-images-and-media-image-gallery,127,4.9,0,56,0,1e-09,0.0,
product-labels-badges,Labeler Product Labels Badges,store-design-design-elements-badges-and-icons,127,4.7,0,28,0,1e-09,0.0,
spreadconnect,Spreadconnect: Print on Demand,finding-products-sourcing-options-print-on-demand-pod,127,3.6,0,75,0,1e-09,0.0,
webrex-up-sell-cross-sell,WB: Frequently Bought Together,marketing-and-conversion-upsell-and-bundles-product-bundles,127,4.9,0,40,0,1e-09,0.0,
convercy,CVC ‑ Multi Currency Converter,store-design-internationalization-currency-and-translation,126,4.5,0,13,0,1e-09,0.0,
delivery-rates-by-zipcode,Zapiet ‑ Rates by Zip Code,orders-and-shipping-shipping-solutions-shipping-rates,126,4.9,0,5,0,1e-09,0.0,
mechanic,Mechanic,store-management-operations-workflow-automation,126,5.0,0,17,0,1e-09,0.0,
quick-banner,BFCM Bars & Banners—Quicky,store-design-notifications-banners,126,5.0,0,18,0,1e-09,0.0,
spin-wheel-email-popup-sms-discount,EA • Email Popup & Spin Wheel,store-design-notifications-pop-ups,126,4.5,0,21,0,1e-09,0.0,
textfield,Textbox & Textfield by Textify,selling-products-custom-products-product-variants,126,4.8,0,30,0,1e-09,0.0,
facebook-product-catalog,Flexify: Facebook Product Feed,sales-channels-selling-online-product-feeds,125,4.2,0,26,0,1e-09,0.0,
fast-product-colors,Platmart Color Swatches,selling-products-custom-products-product-variants,125,5.0,0,19,0,1e-09,0.0,
fomo,Fomo: Social Proof Sales Popup,store-design-notifications-pop-ups,125,4.5,0,56,0,1e-09,0.0,
multi-store-inventory-sync,Multi‑Store Sync Power,orders-and-shipping-inventory-inventory-sync,125,4.5,0,77,0,1e-09,0.0,
storeify-request-a-quote,S:Request a Quote & Hide Price,selling-products-pricing-pricing-quotes,125,5.0,0,4,0,1e-09,0.0,
ako-retargeting,Ako Marketing Loyalty Retarget,marketing-and-conversion-advertising-ads,124,4.7,0,51,0,1e-09,0.0,
bik-marketing,"BIK Instagram, Whatsapp, Email",marketing-and-conversion-marketing-sms-marketing,124,4.8,0,21,0,1e-09,0.0,
buy-now-button-amazon-walmart-jet-ebay-etc,BNB Amazon Buy Now Button+More,store-design-design-elements-badges-and-icons,124,4.6,0,61,0,1e-09,0.0,
currency-converter-11,WB: Multi Currency Converter,store-design-internationalization-currency-and-translation,124,4.7,0,33,0,1e-09,0.0,
trust-badge,ShopClimb ‑ Trust Badges,store-design-design-elements-badges-and-icons,124,4.9,0,57,0,1e-09,0.0,
delete-products-in-bulk,Kacha Delete Products In Bulk,store-management-operations-bulk-editor,123,4.9,0,26,0,1e-09,0.0,
easy-donation,Zestard ‑ Easy Donation,marketing-and-conversion-customer-loyalty-donations,123,4.4,0,9,0,1e-09,0.0,
elevate-ab-testing,Elevate A/B Testing Price Test,selling-products-pricing-pricing-optimization,123,4.9,0,11,0,1e-09,0.0,
littledata,Littledata ‑ The Data Layer,store-management-operations-analytics,123,4.8,0,31,0,1e-09,0.0,
my-wishlist-share-remind,Hulk AI Wishlist & Favorites,marketing-and-conversion-customer-loyalty-wishlists,123,4.8,0,23,0,1e-09,0.0,
mygls-plugin-lite,MyGLS Professional,orders-and-shipping-shipping-solutions-shipping,123,5.0,0,20,0,1e-09,0.0,
blogfeeder,BlogFeeder ‑ Blog Importer,store-design-content-blogs,122,4.4,0,56,0,1e-09,0.0,
delivery-rate-by-distance,Zapiet ‑ Rates by Distance,orders-and-shipping-shipping-solutions-shipping-rates,122,4.9,0,20,0,1e-09,0.0,
qodevault,QR Code Generator by QodeVault,sales-channels-selling-in-person-retail,122,5.0,0,2,0,1e-09,0.0,
referral-and-affiliates,Referral Program ‑ Shopjar,marketing-and-conversion-advertising-affiliate-programs,122,4.9,0,6,0,1e-09,0.0,
sizeguide,ESC Size Charts,store-design-product-display-product-comparison,122,4.4,0,39,0,1e-09,0.0,
vify-giftcard,Vify: Professional Gift Cards,marketing-and-conversion-gifts-gift-cards,122,4.8,0,6,0,1e-09,0.0,
ai-product-copy,Avada AI Product Description,store-design-content-product-content,121,4.9,0,6,0,1e-09,0.0,
coupon-x-discount-codes,Coupon X: Discount Code Pop Up,store-design-notifications-pop-ups,121,5.0,0,51,0,1e-09,0.0,
omega-returns-drive,"S: Returns, EU Withdrawal",orders-and-shipping-shipping-solutions-shipping,121,4.9,0,18,0,1e-09,0.0,
quizell-product-recommendation,Quizell: Product Quiz Builder,store-design-notifications-pop-ups,121,5.0,0,23,0,1e-09,0.0,
google-reviews-importer,Google Reviews by Trustify,marketing-and-conversion-social-trust-product-reviews,120,4.7,0,11,0,1e-09,0.0,
predisai,Predis‑ Social Media Auto Post,marketing-and-conversion-advertising-ads,120,4.6,0,27,0,1e-09,0.0,
simply-insurance,Simply Shipping Protection,orders-and-shipping-returns-and-warranty-warranties-and-insurance,120,4.6,0,17,0,1e-09,0.0,
visually-io,Visually A/B Testing & CRO,marketing-and-conversion-upsell-and-bundles-upsell-and-cross-sell,120,4.7,0,60,0,1e-09,0.0,
window-shoppers,ROCKET Sales Pop Up & FOMO,marketing-and-conversion-upsell-and-bundles-countdown-timer,120,4.5,0,37,0,1e-09,0.0,
advertising-insights,Lebesgue: AI Marketing & LTV,store-management-operations-analytics,119,4.9,0,35,0,1e-09,0.0,
chizy-ai-chatbot,Chizy: AI Chatbot & Live Chat,store-management-support-chat,119,5.0,0,17,0,1e-09,0.0,
click-to-chat,SeedGrow WhatsApp Chat Widget,store-design-notifications-forms,119,4.9,0,14,0,1e-09,0.0,
local-delivery-store-pickup,Local Delivery + Pickup Date:S,orders-and-shipping-shipping-solutions-delivery-and-pickup,119,5.0,0,47,0,1e-09,0.0,
profy-promo-bar,Profy Banner & Countdown Timer,store-design-notifications-banners,119,4.9,0,10,0,1e-09,0.0,
push-down-out-of-stock-items,StockIQ ‑ Out‑of‑Stock Manager,store-design-product-display-collections,119,4.9,0,18,0,1e-09,0.0,
sticky-navigate-to-store,Way: Google Maps Store Locator,store-management-operations-analytics,119,4.6,0,4,0,1e-09,0.0,
australia-post-all-in-one,All In One Australia Post Ship,orders-and-shipping-shipping-solutions-shipping,118,4.9,0,14,0,1e-09,0.0,
ecoreturns-by-saarainc,EcoReturns: AI powered Returns,orders-and-shipping-returns-and-warranty-returns-and-exchanges,118,5.0,0,28,0,1e-09,0.0,
ipacky,iPacky | Pick Pack & Fulfill,orders-and-shipping-shipping-solutions-shipping,118,5.0,0,49,0,1e-09,0.0,
rental-booking-izyrent,IzyRent: Rentals & Bookings,selling-products-digital-goods-and-services-event-booking,118,5.0,0,20,0,1e-09,0.0,
shoppingfeeder,ShoppingFeeder Google Shopping,sales-channels-selling-online-product-feeds,118,4.8,0,52,0,1e-09,0.0,
tt-reviewimport,Trustoo Ali Reviews Importer,marketing-and-conversion-social-trust-product-reviews,118,4.9,0,29,0,1e-09,0.0,
verifast-sales-assistant,Verifast AI Chatbot + AI Chat,store-management-support-chat,118,5.0,0,22,0,1e-09,0.0,
merchbees-low-stock-alert,Bee Low Stock Alert & Forecast,orders-and-shipping-inventory-inventory-optimization,117,4.8,0,44,0,1e-09,0.0,
simple-affiliate,Simple Affiliate Marketing,marketing-and-conversion-advertising-affiliate-programs,117,4.9,0,10,0,1e-09,0.0,
ups-shipping-dashboard,UPS Shipping (Official),orders-and-shipping-shipping-solutions-shipping,117,4.7,0,22,0,1e-09,0.0,
customer-support,Richpanel: AI Customer Support,store-management-support-helpdesk,116,4.6,0,11,0,1e-09,0.0,
product-reviews-by-appio,Amazon Reviews by Appio,marketing-and-conversion-social-trust-product-reviews,116,5.0,0,48,0,1e-09,0.0,
puppet-vendors,Multi Vendor ‑ Puppet Vendors,store-management-finances-accounting,116,4.9,0,18,0,1e-09,0.0,
tax-rex,Sales Tax Automation by TaxRex,store-management-finances-taxes,116,5.0,0,14,0,1e-09,0.0,
alt-text-automator-by-starapps,AltKing: AI Alt Text SEO & ADA,store-design-site-optimization-accessibility,115,5.0,0,3,0,1e-09,0.0,
lantern-ai-quiz-builder,Lantern AI Quiz Builder,store-design-notifications-pop-ups,115,4.9,0,58,0,1e-09,0.0,
location-inventory-info,Kark: Multi Location Inventory,selling-products-custom-products-product-variants,115,5.0,0,34,0,1e-09,0.0,
sales-countdown-timer-2,GA:Urgency Countdown Timer Bar,store-design-notifications-banners,115,4.9,0,16,0,1e-09,0.0,
appjetty-delivery-date-manager,AJ Delivery Date & Shipping,orders-and-shipping-shipping-solutions-delivery-and-pickup,114,4.8,0,52,0,1e-09,0.0,
instagram-photos,Wave Connect Instagram TikTok,store-design-images-and-media-image-gallery,114,4.9,0,68,0,1e-09,0.0,
klip-product-page-coupons,Klip Coupons Product Discounts,marketing-and-conversion-promotions-discounts,114,5.0,0,80,0,1e-09,0.0,
minifier,SEOmatic: AI SEO Optimizer,store-design-images-and-media-image-editor,114,4.4,0,74,0,1e-09,0.0,
postcode-shipping-extension,Postcode Shipping,orders-and-shipping-shipping-solutions-shipping-rates,114,4.7,0,71,0,1e-09,0.0,
shop-the-look-4,Byte Lookbook & Shop The Look,store-design-images-and-media-image-gallery,114,5.0,0,27,0,1e-09,0.0,
wewiink,Loyoly ‑ Loyalty and Referral,marketing-and-conversion-promotions-discounts,114,5.0,0,31,0,1e-09,0.0,
robo-calls-pakistan,Robo Calls ‑ Pakistan,store-management-support-chat,113,5.0,0,35,0,1e-09,0.0,
veeqo,Veeqo Shipping,orders-and-shipping-shipping-solutions-shipping,113,4.0,0,34,0,1e-09,0.0,
fileupload,File Upload & Image ‑ Uploadly,selling-products-custom-products-custom-file-upload,112,4.8,0,5,0,1e-09,0.0,
index-gpt,IndexGPT: AI SEO for ChatGPT,store-design-site-optimization-seo,112,5.0,0,4,0,1e-09,0.0,
kip-customize-payment-methods,Kip: Sort Hide Payment Methods,marketing-and-conversion-checkout-cart-customization,112,4.9,0,15,0,1e-09,0.0,
multi-store-sync-tipo,"Inventory Sync, Multi store TP",orders-and-shipping-inventory-inventory-sync,112,4.8,0,12,0,1e-09,0.0,
qstomizer,Qstomizer ‑ Product Customizer,selling-products-custom-products-custom-file-upload,112,4.6,0,31,0,1e-09,0.0,
snowfall-effect,Hura Snowfall Effects & Decor,store-design-design-elements-animation-and-effects,112,4.9,0,3,0,1e-09,0.0,
sumtracker-fulfil-ship-track,Sumtracker Inventory Manager,orders-and-shipping-inventory-inventory-optimization,112,4.7,0,12,0,1e-09,0.0,
wati-abandonedcart-recovery,Wati: AI Chat & Abandoned Cart,store-management-support-chat,112,3.7,0,25,0,1e-09,0.0,
better-sales-pop,Zoomifi ‑ Sales Popups,store-design-notifications-pop-ups,111,4.6,0,66,0,1e-09,0.0,
eprolo-pod,Inkedjoy ‑ Print On Demand,finding-products-sourcing-options-print-on-demand-pod,111,4.6,0,38,0,1e-09,0.0,
messenger-appointments,SLOT Scheduling Booking App,selling-products-digital-goods-and-services-event-booking,110,4.8,0,27,0,1e-09,0.0,
seo-doctor,Magical SEO Doctor,store-management-operations-bulk-editor,110,4.3,0,80,0,1e-09,0.0,
dropcommerce,DropCommerce: US Dropshipping,finding-products-sourcing-options-dropshipping,109,4.6,0,64,0,1e-09,0.0,
duplicate-store,Duplify ‑ Duplicate Store,store-management-operations-workflow-automation,109,4.7,0,28,0,1e-09,0.0,
globe,Globe Pickup Points & Shipping,orders-and-shipping-shipping-solutions-delivery-and-pickup,109,5.0,0,5,0,1e-09,0.0,
notifyme,Stok: Back in Stock Preorders,marketing-and-conversion-upsell-and-bundles-pre-orders,109,4.8,0,13,0,1e-09,0.0,
sellbrite,Sellbrite,sales-channels-selling-online-marketplaces,109,4.0,0,89,0,1e-09,0.0,
upsell-kit,"Upsell Kit: BOGO, Bundle & 30+",marketing-and-conversion-upsell-and-bundles-product-bundles,109,4.8,0,72,0,1e-09,0.0,
agex-age-verification-popup,AgeX ‑ Age Verification Popup,store-management-security-legal,108,4.9,0,10,0,1e-09,0.0,
bulk-fulfill,Upatra: Bulk Fulfill CSV,store-management-operations-workflow-automation,108,4.7,0,1,0,1e-09,0.0,
delivery-date-picker,Flare: Delivery Date Picker,orders-and-shipping-shipping-solutions-delivery-and-pickup,108,4.9,0,42,0,1e-09,0.0,
etp-cod-cash-on-delivery-fee,ACOD: Cash On Delivery COD Fee,selling-products-payments-pay-later,108,4.9,0,6,0,1e-09,0.0,
knocommerce,KNO Post Purchase Surveys,store-management-support-surveys,108,4.9,0,14,0,1e-09,0.0,
rapid-reviews,Rapid Reviews: Product Reviews,store-management-support-faq,108,5.0,0,10,0,1e-09,0.0,
scala-app-parcelamento,Scala Parcelamento Installment,selling-products-payments-payment-experience,108,4.9,0,6,0,1e-09,0.0,
stockie,Stockie Inventory Management,orders-and-shipping-inventory-inventory-optimization,108,4.9,0,1,0,1e-09,0.0,
alia,Alia: Email & SMS Popups,store-design-notifications-pop-ups,107,4.7,0,14,0,1e-09,0.0,
jedi-collection-sort,Jedi ‑ Collection Sort Pro,store-design-product-display-collections,107,4.8,0,3,0,1e-09,0.0,
attentive,Attentive: AI‑led Email &SMS,marketing-and-conversion-marketing-sms-marketing,106,4.8,0,8,0,1e-09,0.0,
customcat-fulfillment,CustomCat: Print on Demand,finding-products-sourcing-options-print-on-demand-pod,106,4.6,0,51,0,1e-09,0.0,
mondial-relay-1,Mondial Relay Inpost Official,orders-and-shipping-shipping-solutions-delivery-and-pickup,106,4.2,0,22,0,1e-09,0.0,
moose-whatsapp-chat-button,Moose WhatsApp Chat Button,store-management-support-chat,106,5.0,0,5,0,1e-09,0.0,
oneloyalty,OneLoyalty: Loyalty & Rewards,store-design-notifications-pop-ups,106,4.6,0,55,0,1e-09,0.0,
oxi-social-login,Wishlist & Social Login by Oxi,store-management-security-accounts-and-login,106,4.8,0,25,0,1e-09,0.0,
quinn-shoppable-videos,Quinn Shoppable Videos & Reels,store-design-images-and-media-video-and-livestream,106,4.9,0,15,0,1e-09,0.0,
connectpos,ConnectPOS,sales-channels-selling-in-person-retail,105,4.5,0,34,0,1e-09,0.0,
fabrikator,Fabrikatör Inventory Planner,orders-and-shipping-inventory-inventory-optimization,105,4.8,0,42,0,1e-09,0.0,
order-automator,Order Automator,store-management-operations-workflow-automation,105,4.8,0,34,0,1e-09,0.0,
quicksync-for-ebay,eBay Integration ‑ QuickSync,orders-and-shipping-inventory-inventory-sync,105,4.9,0,76,0,1e-09,0.0,
social-testimonial-slider,TestimonialHub,marketing-and-conversion-social-trust-product-reviews,105,4.9,0,93,0,1e-09,0.0,
addly,Addly: AI Bundles app & Upsell,marketing-and-conversion-upsell-and-bundles-product-bundles,104,4.6,0,53,0,1e-09,0.0,
better-contact-form-1,Zotabox Contact Form Builder,store-design-notifications-forms,104,4.7,0,35,0,1e-09,0.0,
dpd-versand-services,DPD Shipping | easyDPD,orders-and-shipping-orders-invoices-and-receipts,104,4.2,0,44,0,1e-09,0.0,
flyweight-chatbot,Flyweight AI Chatbot & AI Chat,store-management-support-chat,104,4.8,0,21,0,1e-09,0.0,
kwikpass,KwikPass: OTP‑login & Popups,store-management-security-accounts-and-login,104,4.7,0,3,0,1e-09,0.0,
payflow,Payflow: COD & Checkout Rules,selling-products-payments-pay-later,104,5.0,0,4,0,1e-09,0.0,
realtime-view,RealtimeStack : Live Analytics,store-management-operations-analytics,104,4.8,0,21,0,1e-09,0.0,
shopventory,Thrive Inventory Management,orders-and-shipping-inventory-inventory-optimization,104,4.9,0,57,0,1e-09,0.0,
spur-automated-support-marketing,Spur: AI Chat & Helpdesk,store-management-support-chat,104,5.0,0,14,0,1e-09,0.0,
terms-and-condition-checkbox,TC Term and Condition Checkbox,store-management-security-legal,104,4.8,0,13,0,1e-09,0.0,
bundlex,Bundlex Product Bundles Upsell,marketing-and-conversion-upsell-and-bundles-product-bundles,103,5.0,0,9,0,1e-09,0.0,
collections-add-to-cart,CBB Add To Cart Anywhere,store-design-design-elements-badges-and-icons,103,5.0,0,35,0,1e-09,0.0,
giftkart,GiftKart: Cashback Rewards,marketing-and-conversion-gifts-gift-cards,103,4.9,0,12,0,1e-09,0.0,
grouped-products,Mix and Match Bundle Builder,marketing-and-conversion-upsell-and-bundles-product-bundles,103,4.9,0,25,0,1e-09,0.0,
kedra-shield-website-security,"Kedra Fraud Filter, IP Blocker",store-management-security-anti-theft,103,4.4,0,8,0,1e-09,0.0,
quotify,Q:Request a Quote & Hide Price,selling-products-pricing-pricing-quotes,103,4.9,0,5,0,1e-09,0.0,
nabu-for-facebook-pixel,Meta & Facebook Pixels by Nabu,store-management-operations-analytics,102,5.0,0,6,0,1e-09,0.0,
returnzap,ReturnZap Returns & Exchanges,orders-and-shipping-returns-and-warranty-returns-and-exchanges,102,4.9,0,15,0,1e-09,0.0,
shopee-channel,"Easy Shopee, Lazada & TikTok",sales-channels-selling-online-marketplaces,102,4.8,0,45,0,1e-09,0.0,
swishlist,SWishlist: Simple Wishlist,marketing-and-conversion-customer-loyalty-wishlists,102,4.9,0,22,0,1e-09,0.0,
cashback-sale-booster,Webplanex: Loyalty Wallet,marketing-and-conversion-customer-loyalty-loyalty-and-rewards,101,4.9,0,51,0,1e-09,0.0,
dibs-preorder,Dibs – Preorders & Backorders,marketing-and-conversion-upsell-and-bundles-pre-orders,101,5.0,0,7,0,1e-09,0.0,
dpd-integration-by-webshopassist,WSA DPD Integration,store-management-operations-workflow-automation,101,4.9,0,16,0,1e-09,0.0,
easy-order-manager-plus,Easy Order Manager+,store-management-finances-taxes,101,4.8,0,29,0,1e-09,0.0,
lipscore-real-reviews,Lipscore Product Reviews,marketing-and-conversion-social-trust-product-reviews,101,5.0,0,28,0,1e-09,0.0,
litcommerce-product-feeds,XML Product Feeds & LLMs.txt,sales-channels-selling-online-product-feeds,101,4.9,0,10,0,1e-09,0.0,
live-search,Okas Live Search & Filter,store-design-search-and-navigation-search-and-filters,101,4.9,0,35,0,1e-09,0.0,
odmpod-dropshipping,Tapstitch: Print on Demand,finding-products-sourcing-options-dropshipping,101,4.8,0,7,0,1e-09,0.0,
omega-instant-search,Omega Instant Search,store-design-search-and-navigation-search-and-filters,101,4.9,0,51,0,1e-09,0.0,
polar-analytics,Polar: AI‑Analytics Platform,store-management-operations-analytics,101,4.9,0,39,0,1e-09,0.0,
preproduct,PreProduct next‑gen pre‑order,marketing-and-conversion-upsell-and-bundles-pre-orders,101,4.9,0,24,0,1e-09,0.0,
shiphero,ShipHero Inventory & Shipping,orders-and-shipping-inventory-inventory-sync,101,4.6,0,29,0,1e-09,0.0,
shipping-calculator-shipmagic,Shipping calculator: ShipMagic,orders-and-shipping-shipping-solutions-shipping-rates,101,5.0,0,37,0,1e-09,0.0,
shop-instagram,SB: Instagram and TikTok Feed,store-design-images-and-media-image-gallery,101,4.8,0,53,0,1e-09,0.0,
analyzely-google-analytics-4,Analyzely ‑ Google Analytics 4,store-management-operations-analytics,100,4.6,0,26,0,1e-09,0.0,
customization-tool,CPB ‑ Custom Product Builder,selling-products-custom-products-custom-file-upload,100,4.4,0,40,0,1e-09,0.0,
discount-app,Disco Flash Sale Bulk Discount,selling-products-pricing-pricing-optimization,100,4.8,0,13,0,1e-09,0.0,
insert-code-to-header-and-footer,XO Insert Code,store-design-content-product-content,100,5.0,0,3,0,1e-09,0.0,
klarna-on-site-messaging,Klarna On‑Site Messaging,store-design-notifications-banners,100,2.6,0,30,0,1e-09,0.0,
marketprint-pod-deutschland,MarketPrint: Print On Demand,finding-products-sourcing-options-dropshipping,100,4.9,0,29,0,1e-09,0.0,
product-feed-10,Feedyio: Product XML Feeds,sales-channels-selling-online-product-feeds,100,5.0,0,6,0,1e-09,0.0,
store-locator-map,GA: Google Maps+Store Locator,sales-channels-selling-in-person-store-locator,100,5.0,0,3,0,1e-09,0.0,
tipo-product-auction,Tipo Product Auction,selling-products-pricing-pricing-quotes,100,4.7,0,13,0,1e-09,0.0,
vidjet,Vidjet Shoppable Videos +Story,store-design-images-and-media-video-and-livestream,100,5.0,0,55,0,1e-09,0.0,
autopilotseo,Auto Blogs Agent AI Blog Posts,store-design-content-blogs,99,4.8,0,4,0,1e-09,0.0,
blanka,Blanka Makeup Beauty Cosmetics,finding-products-sourcing-options-wholesale,99,4.6,0,35,0,1e-09,0.0,
g-volume-discounts,G: Volume Discounts & Bundles,marketing-and-conversion-promotions-discounts,99,5.0,0,23,0,1e-09,0.0,
pathway-solutions,DATEV > Buchhaltungsexport Pro,store-management-finances-accounting,99,4.8,0,20,0,1e-09,0.0,
shipturtle,Multi Vendor Marketplace Pro+,finding-products-sourcing-options-dropshipping,99,4.6,0,72,0,1e-09,0.0,
under-construction-coming-soon,Coming soon ‑ cs,store-design-storefronts-page-builder,99,4.5,0,29,0,1e-09,0.0,
unicorn,Unicorn ‑ Upsell Cart Drawer,marketing-and-conversion-upsell-and-bundles-upsell-and-cross-sell,99,5.0,0,56,0,1e-09,0.0,
customify,Customify ‑ Custom Product App,selling-products-custom-products-product-variants,98,4.4,0,78,0,1e-09,0.0,
koongo,Koongo: Sell on Marketplaces,sales-channels-selling-online-product-feeds,98,4.4,0,23,0,1e-09,0.0,
product-accessories,W3 Product Accessories,store-design-product-display-product-comparison,98,4.7,0,57,0,1e-09,0.0,
quick-bulk-edit,QuickEdit: Bulk Product Edit,store-management-operations-bulk-editor,98,4.9,0,6,0,1e-09,0.0,
sale-max-upsell-cross-sell,Sale max ‑ Slide Cart Drawer,marketing-and-conversion-checkout-cart-customization,98,4.8,0,34,0,1e-09,0.0,
xb-announcement-bar,XB: Announcement Bars & Banner,store-design-notifications-banners,98,5.0,0,10,0,1e-09,0.0,
jetprint-fulfillment,JetPrint: Print On Demand,finding-products-sourcing-options-dropshipping,97,3.1,0,41,0,1e-09,0.0,
order-fulfillment,Order Fulfillment Guru,finding-products-sourcing-options-dropshipping,97,5.0,0,49,0,1e-09,0.0,
revize,Revize: Order Editing & Upsell,marketing-and-conversion-upsell-and-bundles-upsell-and-cross-sell,97,5.0,0,1,0,1e-09,0.0,
shipmonk,ShipMonk | Order Fulfillment,orders-and-shipping-shipping-solutions-third-party-logistics-3pl,97,4.5,0,52,0,1e-09,0.0,
tinycookie,TinyCookie GDPR Cookies Banner,store-design-internationalization-cookie-consent,97,5.0,0,7,0,1e-09,0.0,
walmart-integration-sync,DPL Walmart Integration,orders-and-shipping-inventory-inventory-sync,97,4.9,0,16,0,1e-09,0.0,
announcement-header-bar,Web Push Notifications + Bars,store-design-notifications-banners,96,4.7,0,77,0,1e-09,0.0,
canvify,Canva AI Page Builder: Canvify,store-design-storefronts-page-builder,96,4.8,0,24,0,1e-09,0.0,
drop-a-hint-v2,Drop Hint 2.0 SMS Email Postal,marketing-and-conversion-marketing-email-marketing,96,4.5,0,56,0,1e-09,0.0,
google-reviews-by-appio,Google Reviews by Appio,marketing-and-conversion-social-trust-product-reviews,96,5.0,0,33,0,1e-09,0.0,
powr-image-slider,POWR Image Slider & Carousel,store-design-images-and-media-image-gallery,96,4.2,0,52,0,1e-09,0.0,
pricing-by-country,Webrex ‑ Pricing By Country,store-design-internationalization-currency-and-translation,96,4.6,0,44,0,1e-09,0.0,
storeify-contact-form-builder,S: Contact Form Builder,store-design-notifications-forms,96,4.9,0,31,0,1e-09,0.0,
approve-mate,"SureCust Forms Builder, Locks",store-design-notifications-forms,95,4.9,0,6,0,1e-09,0.0,
etsy-reviews-importer,Etsy Reviews Importer,marketing-and-conversion-social-trust-product-reviews,95,4.9,0,25,0,1e-09,0.0,
formful,Formful – Contact Form Builder,store-design-notifications-forms,95,4.6,0,7,0,1e-09,0.0,
popup-upsell,Kaching Sales & Email Popup,marketing-and-conversion-upsell-and-bundles-upsell-and-cross-sell,95,4.9,0,31,0,1e-09,0.0,
wetracked-io-connect,wetracked.io Connect,store-management-operations-analytics,95,4.7,0,18,0,1e-09,0.0,
year-make-model-advance-search,C: Year Make Model Search,store-design-search-and-navigation-search-and-filters,95,4.8,0,19,0,1e-09,0.0,
algoshop-announcement-bar-1,Algoshop Announcement Bar,store-design-notifications-banners,94,4.9,0,17,0,1e-09,0.0,
audien-review,Audien ‑ Ali & Product Reviews,marketing-and-conversion-social-trust-product-reviews,94,4.5,0,87,0,1e-09,0.0,
customization-information-for-products,MPO ‑ Multiple Product Options,selling-products-custom-products-product-variants,94,5.0,0,65,0,1e-09,0.0,
mega-menu-creator-pro,Hukify ‑ Mega Menu Creator Pro,store-design-search-and-navigation-navigation-and-menus,94,4.8,0,33,0,1e-09,0.0,
pro-automatic-discounts,AIOD Automatic Discount & Gift,marketing-and-conversion-promotions-discounts,94,4.9,0,63,0,1e-09,0.0,
product-feature-icons,PX Trust Badges & Icons,store-design-design-elements-badges-and-icons,94,4.8,0,59,0,1e-09,0.0,
size-charts-by-clean-canvas,CSC: Size Chart & Size Guide,selling-products-custom-products-product-variants,94,5.0,0,13,0,1e-09,0.0,
smart-image-upload,CS ‑ Smart Bulk Image Upload,store-design-images-and-media-image-gallery,94,5.0,0,9,0,1e-09,0.0,
taxcloud-sales-tax-automation,TaxCloud Sales Tax Automation,store-management-finances-taxes,94,4.9,0,7,0,1e-09,0.0,
barcode-man,BarcodeMan Barcode Labels,sales-channels-selling-in-person-retail,93,4.8,0,13,0,1e-09,0.0,
blog-studio,Blog Studio,store-design-content-blogs,93,4.2,0,54,0,1e-09,0.0,
ea-auto-translate-language,EA • Auto Language Translate,store-design-internationalization-currency-and-translation,93,4.8,0,3,0,1e-09,0.0,
leadform-cod,WEBI ‑ LeadForm Order COD Form,selling-products-payments-pay-later,93,4.8,0,19,0,1e-09,0.0,
wholesale-volume-discount,B2B:Wholesale Pricing Discount,finding-products-sourcing-options-wholesale,93,4.5,0,67,0,1e-09,0.0,
zenstores,Zenstores: UK Shipping,orders-and-shipping-shipping-solutions-shipping-rates,93,5.0,0,63,0,1e-09,0.0,
advanced-custom-field,ACF: Metafields Custom Fields,store-management-operations-bulk-editor,92,4.6,0,88,0,1e-09,0.0,
deposits-split-payments,Deposit & Partial Payment Depo,selling-products-payments-subscriptions,92,4.6,0,5,0,1e-09,0.0,
ez-exporter,EZ Exporter ‑ Data Exports,store-management-operations-analytics,92,5.0,0,78,0,1e-09,0.0,
google-shopping-feed-pro,Omega Google & Facebook Feed,sales-channels-selling-online-product-feeds,92,4.8,0,24,0,1e-09,0.0,
payrules-conditional-payment-methods,PayRules: Hide Payment Methods,selling-products-payments-payment-experience,92,4.9,0,4,0,1e-09,0.0,
postco360,PostCo Returns & EU Withdrawal,orders-and-shipping-returns-and-warranty-returns-and-exchanges,92,4.8,0,38,0,1e-09,0.0,
product-badges-label-design,Fordeer: Product Labels&Badges,store-design-design-elements-badges-and-icons,92,4.6,0,47,0,1e-09,0.0,
reputon-youtube-video-gallery,YouTube Shoppable Videos & UGC,store-design-images-and-media-video-and-livestream,92,4.9,0,10,0,1e-09,0.0,
sam-shipping-protection,Sam Shipping Protection Upsell,marketing-and-conversion-upsell-and-bundles-upsell-and-cross-sell,92,4.9,0,5,0,1e-09,0.0,
zakeke-interactive-product-designer,Zakeke ‑ Customizer 2D & 3D,store-design-images-and-media-3d-ar-vr,92,4.6,0,14,0,1e-09,0.0,
angle-3d-configurator,Angle 3D Configurator ‑3D & AR,store-design-images-and-media-3d-ar-vr,91,5.0,0,12,0,1e-09,0.0,
gptlab,GPTLab — Get Found by AI,store-design-site-optimization-seo,91,5.0,0,20,0,1e-09,0.0,
rep-ai-sales-associate,Rep AI: AI Agent & Live Chat,store-management-support-chat,91,4.7,0,40,0,1e-09,0.0,
sales-pop-up-email-popups-pop,Fordeer: Sales Pop Up ‑ Popups,store-design-notifications-pop-ups,91,4.7,0,46,0,1e-09,0.0,
trackipal,TrackiPal PayPal Tracking Sync,store-management-operations-workflow-automation,91,4.7,0,25,0,1e-09,0.0,
vanchat,VanChat AI Chatbot & Live Chat,store-management-support-chat,91,4.9,0,37,0,1e-09,0.0,
yuri-facebook-multi-pixels,OC Meta Pixel‑ Facebook Pixels,store-management-operations-analytics,91,4.9,0,15,0,1e-09,0.0,
auto-multi-currency-converter,Currency Converter Bear,store-design-internationalization-currency-and-translation,90,5.0,0,48,0,1e-09,0.0,
buddify,Buddify: Partner Dropshipping,finding-products-sourcing-options-wholesale,90,4.6,0,36,0,1e-09,0.0,
ecocart,EcoCart Green Protection,marketing-and-conversion-customer-loyalty-donations,90,4.9,0,35,0,1e-09,0.0,
google-adwords-dynamic-remarketing-by-adnabu,Nabu: Google Ads Retargeting,marketing-and-conversion-advertising-ads,90,4.9,0,49,0,1e-09,0.0,
livemeup,LiveMeUp Live Shopping,store-design-images-and-media-video-and-livestream,90,5.0,0,8,0,1e-09,0.0,
zeno-page-builder,Zeno AI Landing PageBuilder,store-design-site-optimization-seo,90,4.8,0,39,0,1e-09,0.0,
emotive,Emotive: SMS Marketing,marketing-and-conversion-marketing-sms-marketing,89,3.7,0,64,0,1e-09,0.0,
optionize-product-options,Optionize Product Options,selling-products-custom-products-product-variants,89,4.5,0,7,0,1e-09,0.0,
shoppable-video-reels,Vizup Shoppable Video Carousel,store-design-images-and-media-video-and-livestream,89,5.0,0,13,0,1e-09,0.0,
variant-title-king-app,"Variant Title King: Color, SKU",selling-products-custom-products-product-variants,89,4.9,0,58,0,1e-09,0.0,
playshorts,PlayShorts Shoppable Video UGC,store-design-images-and-media-video-and-livestream,88,5.0,0,23,0,1e-09,0.0,
seo-image-alt-text-pro,YT SEO Optimize Image Alt Text,store-design-images-and-media-image-editor,88,4.6,0,42,0,1e-09,0.0,
wideruf-button,EU Withdrawal Button,store-management-security-legal,88,4.9,0,3,0,1e-09,0.0,
wishlist-guru,Wishlist Guru: Favorites List,marketing-and-conversion-customer-loyalty-wishlists,88,4.8,0,12,0,1e-09,0.0,
age-checker-3,NA Age Verification,store-management-security-legal,87,4.9,0,46,0,1e-09,0.0,
checkout-essentials,Checkout Rules & Discounts,marketing-and-conversion-promotions-discounts,87,5.0,0,24,0,1e-09,0.0,
checkoutplus,Checkout Plus,marketing-and-conversion-upsell-and-bundles-upsell-and-cross-sell,87,5.0,0,35,0,1e-09,0.0,
functions-creator,FC ‑ Functions Creator Scripts,store-management-operations-workflow-automation,87,5.0,0,2,0,1e-09,0.0,
powerful-countdown-timer,Pushdaddy Countdown Timer,marketing-and-conversion-upsell-and-bundles-countdown-timer,87,4.1,0,45,0,1e-09,0.0,
storemapper,Storemapper Store Locator Map,orders-and-shipping-shipping-solutions-delivery-and-pickup,87,4.9,0,16,0,1e-09,0.0,
wishlist-by-square,Wishlist by Square,marketing-and-conversion-customer-loyalty-wishlists,87,5.0,0,1,0,1e-09,0.0,
access-pro,ADA Accessibility Widget by AP,store-management-security-legal,86,4.9,0,5,0,1e-09,0.0,
avantify-social-media-icons,Avantify: Social Media Icons,store-design-design-elements-badges-and-icons,86,4.9,0,34,0,1e-09,0.0,
ez-product-image-translate,EZ Product Image Translate,store-design-internationalization-currency-and-translation,86,4.9,0,7,0,1e-09,0.0,
gv,GV: Gift Cards & Store Credit,marketing-and-conversion-gifts-gift-cards,86,4.3,0,9,0,1e-09,0.0,
hoppy-currency-converter,Hoppy Multi Currency Converter,store-design-internationalization-currency-and-translation,86,4.8,0,8,0,1e-09,0.0,
personizely,Personizely: A/B Testing & CRO,selling-products-pricing-pricing-optimization,86,5.0,0,41,0,1e-09,0.0,
returbo,Returbo: Returns and Exchanges,store-management-security-legal,86,5.0,0,23,0,1e-09,0.0,
sales-rep,CSS Sales Team,store-management-operations-workflow-automation,86,4.8,0,40,0,1e-09,0.0,
sendowl,SendOwl,selling-products-digital-goods-and-services-digital-products,86,3.0,0,45,0,1e-09,0.0,
triplewhale-1,Triple Whale,store-management-operations-analytics,86,4.1,0,35,0,1e-09,0.0,
biscuits-bundles,Biscuits Bundle Builder,marketing-and-conversion-upsell-and-bundles-product-bundles,85,4.9,0,33,0,1e-09,0.0,
design-packs,Design Packs: Theme Sections,store-design-storefronts-page-builder,85,5.0,0,40,0,1e-09,0.0,
exchange-it,ExchangeIt Returns & Exchange,orders-and-shipping-returns-and-warranty-returns-and-exchanges,85,5.0,0,32,0,1e-09,0.0,
hotjar,Hotjar Install,store-management-operations-analytics,85,4.3,0,84,0,1e-09,0.0,
inventory-sync-1,Synkro: Inventory Sync,orders-and-shipping-inventory-inventory-sync,85,5.0,0,49,0,1e-09,0.0,
low-stock-notifier,iAlert ‑ Low Stock Alert,orders-and-shipping-inventory-inventory-optimization,85,4.7,0,13,0,1e-09,0.0,
my-online-fashion-store,MY ONLINE FASHION STORE,finding-products-sourcing-options-wholesale,85,4.7,0,24,0,1e-09,0.0,
recurring-memberships,Bold Memberships & Loyalty,selling-products-payments-subscriptions,85,4.4,0,43,0,1e-09,0.0,
walmart-canada-marketplace-integration,CedCommerce Walmart Canada,orders-and-shipping-inventory-inventory-sync,85,4.7,0,88,0,1e-09,0.0,
click-drop-app,Click & Drop,orders-and-shipping-shipping-solutions-shipping,84,1.5,0,61,0,1e-09,0.0,
go-profit,GoProfit: Profit Analytics,store-management-operations-analytics,84,4.8,0,11,0,1e-09,0.0,
nector-rewards-loyalty,Nector: Loyalty & Rewards,marketing-and-conversion-social-trust-product-reviews,84,4.8,0,36,0,1e-09,0.0,
progus-store-locator,Progus Store Locator Map,sales-channels-selling-in-person-store-locator,84,4.7,0,6,0,1e-09,0.0,
quiz-builder-3,Recomma: Product Quiz Builder,store-design-notifications-pop-ups,84,4.9,0,36,0,1e-09,0.0,
utterbond-subscriptions,Utterbond Subscriptions App,selling-products-payments-subscriptions,84,4.7,0,36,0,1e-09,0.0,
algoshop-countdown-timer,Algoshop Promo Countdown Timer,store-design-notifications-banners,83,5.0,0,4,0,1e-09,0.0,
algoshop-product-label-badge,Algoshop Promo Label & Badge,store-design-design-elements-badges-and-icons,83,4.9,0,13,0,1e-09,0.0,
almostgone-low-in-stock-alert,Scarcity++ Low Stock Counter,orders-and-shipping-inventory-inventory-optimization,83,4.7,0,40,0,1e-09,0.0,
chargeback-io,Chargeback: Auto Prevention,store-management-security-fraud,83,4.9,0,4,0,1e-09,0.0,
faqapp,Trusted Help Center & FAQ,store-management-support-faq,83,5.0,0,6,0,1e-09,0.0,
form-builder,AAA ‑ Custom Form Builder App,store-design-notifications-forms,83,4.8,0,38,0,1e-09,0.0,
membership-program,Conjured Memberships,selling-products-payments-subscriptions,83,4.9,0,29,0,1e-09,0.0,
podbase,Podbase: Print on Demand,finding-products-sourcing-options-dropshipping,83,4.9,0,26,0,1e-09,0.0,
powr-countdown-timer,POWR: Countdown Timer Bar,marketing-and-conversion-upsell-and-bundles-countdown-timer,83,4.1,0,39,0,1e-09,0.0,
speed-optimization-webplanex,SpeedBoostr:Google Speed ‑ SEO,store-design-images-and-media-image-editor,83,4.7,0,15,0,1e-09,0.0,
tangent-1,"AI Skin Quiz, Chat & Analysis",store-design-notifications-pop-ups,83,5.0,0,30,0,1e-09,0.0,
variant-descriptions-by-starapps,Variant Descriptions King,selling-products-custom-products-product-variants,83,5.0,0,8,0,1e-09,0.0,
blog-post-article-tag-filter,Blog Filter & Blog Search HUE,store-design-content-blogs,82,4.9,0,31,0,1e-09,0.0,
cartly-cart-drawer-upsell,Cartly Slide Cart Drawer,marketing-and-conversion-checkout-cart-customization,82,4.9,0,63,0,1e-09,0.0,
collection-filter,Filterific: Collection Filter,store-design-search-and-navigation-navigation-and-menus,82,4.6,0,54,0,1e-09,0.0,
quizify-product-quiz-feedback,Quizify ‑ Product Quiz Builder,store-design-notifications-forms,82,4.6,0,18,0,1e-09,0.0,
soldlive,SoldLive: FB + IG Live Sales,store-design-images-and-media-video-and-livestream,82,4.9,0,48,0,1e-09,0.0,
toki-loyalty-rewards,Toki Loyalty Program & Rewards,marketing-and-conversion-advertising-affiliate-programs,82,4.9,0,17,0,1e-09,0.0,
channelwill-chat,CWILL:AI Chatbot &Live Chat,store-management-support-faq,81,4.7,0,3,0,1e-09,0.0,
downpay,Downpay: Partial Pay & Deposit,selling-products-payments-payment-experience,81,5.0,0,3,0,1e-09,0.0,
instafeed-instagram-feed-1,Omega InstaFeed Instagram Feed,store-design-images-and-media-image-gallery,81,5.0,0,19,0,1e-09,0.0,
ithink-logistics,iThink Logistics,orders-and-shipping-shipping-solutions-third-party-logistics-3pl,81,4.2,0,5,0,1e-09,0.0,
magical-custom-fields,Magical Custom Fields & Upload,selling-products-custom-products-product-variants,81,4.8,0,8,0,1e-09,0.0,
recipe-kit,Recipe Kit ‑ Blog Post Recipes,store-design-content-blogs,81,4.8,0,9,0,1e-09,0.0,
show-recent-orders,Show Recent Orders | Urgenzy,store-design-notifications-pop-ups,81,4.9,0,80,0,1e-09,0.0,
urgency-cart-elite,ET Countdown Cart Timer,marketing-and-conversion-upsell-and-bundles-countdown-timer,81,4.9,0,20,0,1e-09,0.0,
vairo,VR Urgency Countdown Timer Bar,store-design-notifications-banners,81,5.0,0,3,0,1e-09,0.0,
b2b-verify-customers,Singleton | Verify Customers,selling-products-pricing-pricing-quotes,80,5.0,0,29,0,1e-09,0.0,
customer-dashboard-pro,Custlo ‑ Customer accounts app,store-management-security-accounts-and-login,80,4.9,0,6,0,1e-09,0.0,
dailykarma,Shop for Good Donation App,marketing-and-conversion-customer-loyalty-donations,80,4.5,0,30,0,1e-09,0.0,
easy-reports,Easy Reports & Data Export,store-management-finances-accounting,80,4.9,0,48,0,1e-09,0.0,
foxsell-bundles-plus,FoxSell Bundle Builder,marketing-and-conversion-upsell-and-bundles-product-bundles,80,5.0,0,36,0,1e-09,0.0,
geolizr,geolizr,store-design-internationalization-currency-and-translation,80,4.8,0,45,0,1e-09,0.0,
ns-estimated-delivery-date,NS Estimated Delivery Date,orders-and-shipping-shipping-solutions-shipping-rates,80,4.8,0,31,0,1e-09,0.0,
salestio-integration,"Amazon, eBay, Etsy — Salestio",sales-channels-selling-online-marketplaces,80,4.5,0,26,0,1e-09,0.0,
sellerpic,SellerPic:Ads & Product Photos,store-design-images-and-media-image-editor,80,4.5,0,31,0,1e-09,0.0,
sevdesk-integration,sevdesk Buchhaltung 2026+,store-management-finances-accounting,80,4.6,0,72,0,1e-09,0.0,
statuspro,StatusPro ‑ Order Status,orders-and-shipping-orders-order-tracking,80,5.0,0,13,0,1e-09,0.0,
store-view,StoreView: Visitor Tracking,store-management-operations-analytics,80,4.9,0,71,0,1e-09,0.0,
currency-converter-ultimate,KILATECH Currency Converter,store-design-internationalization-currency-and-translation,79,5.0,0,42,0,1e-09,0.0,
discount-kit,Discount Kit,marketing-and-conversion-promotions-discounts,79,4.9,0,36,0,1e-09,0.0,
hitsy-progress-bar,Hitsy Progress Bar,marketing-and-conversion-checkout-cart-customization,79,4.9,0,22,0,1e-09,0.0,
instant-import-export,SyncBase Airtable Instant Sync,store-management-operations-workflow-automation,79,4.9,0,24,0,1e-09,0.0,
live-stream-shopping,Channelize Live Shopping & UGC,store-design-images-and-media-video-and-livestream,79,4.7,0,63,0,1e-09,0.0,
onepixel,α OnePixel: Facebook Pixel API,marketing-and-conversion-advertising-ads,79,4.3,0,62,0,1e-09,0.0,
play-custom-music-in-store-background,Easy Background Music ‑ Musica,store-design-design-elements-animation-and-effects,79,4.8,0,7,0,1e-09,0.0,
uploadkit,File Uploads by UploadKit,selling-products-custom-products-custom-file-upload,79,4.2,0,35,0,1e-09,0.0,
aimerce,Aimerce First‑Party Pixel,store-management-operations-analytics,78,5.0,0,20,0,1e-09,0.0,
businessonbot-5,BOB: WhatsApp Marketing + AI,marketing-and-conversion-marketing-abandoned-cart,78,5.0,0,49,0,1e-09,0.0,
cart-lock,Cart Lock:Block Checkout Rules,marketing-and-conversion-checkout-order-limits,78,4.8,0,11,0,1e-09,0.0,
correios-sedex-pac,Correios ‑ SEDEX ‑ PAC,orders-and-shipping-shipping-solutions-shipping-rates,78,3.6,0,64,0,1e-09,0.0,
delivery-timer,Delivery Timer,marketing-and-conversion-upsell-and-bundles-countdown-timer,78,4.8,0,17,0,1e-09,0.0,
proviews,Proviews ‑ Product Reviews Q&A,marketing-and-conversion-social-trust-product-reviews,78,4.9,0,63,0,1e-09,0.0,
tiktok-shop-integration-dpl,DPL ‑ TikTok Shop Integration,sales-channels-selling-online-marketplaces,78,4.8,0,33,0,1e-09,0.0,
algoshop-ai-sales-chatbot,Algoshop AI Chatbot &Live Chat,store-management-support-chat,77,4.9,0,15,0,1e-09,0.0,
hoppy-countdown,Hoppy FOMO Countdown Timer Bar,marketing-and-conversion-upsell-and-bundles-countdown-timer,77,4.9,0,5,0,1e-09,0.0,
kanal-marketing-ai,Kanal: WhatsApp Marketing+Chat,store-management-support-chat,77,5.0,0,11,0,1e-09,0.0,
local-delivery-lionwheel,Local Delivery ‑ LionWheel,orders-and-shipping-shipping-solutions-delivery-and-pickup,77,5.0,0,50,0,1e-09,0.0,
order-delivery-estimated,Estimated Delivery Date & ETA,orders-and-shipping-shipping-solutions-shipping-rates,77,5.0,0,17,0,1e-09,0.0,
order-tagger-by-omega,O: Auto Tag Order & Customer,store-management-operations-workflow-automation,77,4.9,0,62,0,1e-09,0.0,
simplee-memberships,Simplee Memberships & Loyalty,selling-products-payments-subscriptions,77,5.0,0,23,0,1e-09,0.0,
easyreturns-1,Returns & EU Withdrawal‑Button,orders-and-shipping-returns-and-warranty-returns-and-exchanges,76,4.8,0,9,0,1e-09,0.0,
experiences,Experiences: Events & Tickets,selling-products-digital-goods-and-services-event-booking,76,4.8,0,28,0,1e-09,0.0,
navigation-search-menu,Quizell Smart AI Search & Menu,store-design-search-and-navigation-search-and-filters,76,4.6,0,20,0,1e-09,0.0,
netsuite-integrator,Robust NetSuite Integrator,orders-and-shipping-inventory-erp,76,4.2,0,37,0,1e-09,0.0,
social-chic,SS ‑ Social media AI Auto Post,store-design-images-and-media-video-and-livestream,76,4.9,0,20,0,1e-09,0.0,
tiny,tinyEmail; Email Marketing,marketing-and-conversion-marketing-email-marketing,76,4.2,0,55,0,1e-09,0.0,
autopost,VibeFlow ‑ Social Auto Post,store-design-images-and-media-video-and-livestream,75,4.9,0,36,0,1e-09,0.0,
disable-copy-paste-country,Store Protection & Bot Blocker,store-management-security-anti-theft,75,4.9,0,4,0,1e-09,0.0,
disputifier,Disputifier: Smart Chargebacks,store-management-security-fraud,75,4.5,0,9,0,1e-09,0.0,
fast-bulk-price-editor,Platmart Bulk Price Editor,store-management-operations-bulk-editor,75,4.7,0,12,0,1e-09,0.0,
onbuy-integration,CedCommerce OnBuy Integration,sales-channels-selling-online-marketplaces,75,4.8,0,90,0,1e-09,0.0,
product-countdown-timer-1,Urgency Bear Countdown Timer,marketing-and-conversion-upsell-and-bundles-countdown-timer,75,4.6,0,35,0,1e-09,0.0,
reputon-ebay-importer,Reputon eBay Importer,sales-channels-selling-online-store-data-importer,75,5.0,0,15,0,1e-09,0.0,
shipcheck,Shipping Protection —Shipcheck,marketing-and-conversion-upsell-and-bundles-upsell-and-cross-sell,75,5.0,0,3,0,1e-09,0.0,
vudio-reels-ai-catalogs,Vudio AI: 10+ Video UGC Apps,store-design-images-and-media-video-and-livestream,75,4.9,0,33,0,1e-09,0.0,
gift-card-pro,Gist | Gift Card Pro Tools,marketing-and-conversion-gifts-gift-cards,74,4.5,0,15,0,1e-09,0.0,
k-sales-notification,SALES POP UP:Fomo+Social Proof,store-design-notifications-pop-ups,74,4.9,0,16,0,1e-09,0.0,
product-network,Shopify Product Network,finding-products-sourcing-options-dropshipping,74,3.4,0,23,0,1e-09,0.0,
shippypro,ShippyPro ‑ Shipping made easy,orders-and-shipping-shipping-solutions-shipping,74,4.4,0,76,0,1e-09,0.0,
tixel,TiXel: Meta Pixel TikTok Pixel,store-management-operations-analytics,74,4.1,0,52,0,1e-09,0.0,
trueroas,TrueROAS ‑ AI Ad Attribution,store-management-operations-analytics,74,4.8,0,46,0,1e-09,0.0,
video-background,CBB Video Background,store-design-images-and-media-video-and-livestream,74,4.6,0,65,0,1e-09,0.0,
delhivery-indian-logistics-service,ILS: Indian Logistics Services,orders-and-shipping-shipping-solutions-shipping,73,4.9,0,19,0,1e-09,0.0,
packrooster-shipping,Packrooster Shipping,orders-and-shipping-shipping-solutions-shipping-rates,73,4.9,0,25,0,1e-09,0.0,
shopify-smart-pricing,Shopify Smart Pricing,selling-products-pricing-pricing-optimization,73,4.2,0,7,0,1e-09,0.0,
tinyalbert,tinyAlbert; AI Email Marketing,marketing-and-conversion-marketing-abandoned-cart,73,4.6,0,87,0,1e-09,0.0,
usadrop,USAdrop‑Dropshipping & POD,finding-products-sourcing-options-dropshipping,73,4.6,0,33,0,1e-09,0.0,
yuko-order-limits,Yuko Minimum Order Quantity,marketing-and-conversion-checkout-order-limits,73,4.9,0,3,0,1e-09,0.0,
a-b-convert-price-a-b-test,ABConvert: A/B Testing,selling-products-pricing-pricing-optimization,72,4.7,0,18,0,1e-09,0.0,
adeagle,Adeagle: Ads → Traffic → Sales,marketing-and-conversion-advertising-ads,72,4.8,0,42,0,1e-09,0.0,
dataships,Dataships Checkout Opt‑in,marketing-and-conversion-marketing-sms-marketing,72,5.0,0,9,0,1e-09,0.0,
retail-barcode-labels-generator,F: Retail Barcode Generator,sales-channels-selling-in-person-retail,72,4.4,0,18,0,1e-09,0.0,
rich-returns,Rich Returns & Exchanges,orders-and-shipping-returns-and-warranty-returns-and-exchanges,72,4.8,0,66,0,1e-09,0.0,
stock-take-inventory-count-1,PML Stock Take Inventory Count,sales-channels-selling-in-person-retail,72,4.9,0,3,0,1e-09,0.0,
background-music-player,RT: Background Music Player,store-design-notifications-pop-ups,71,4.7,0,39,0,1e-09,0.0,
buy-with-prime,Amazon MCF and Buy with Prime,orders-and-shipping-shipping-solutions-third-party-logistics-3pl,71,3.6,0,4,0,1e-09,0.0,
by-the-numbers,By The Numbers ‑ AI Analytics,marketing-and-conversion-advertising-ads,71,5.0,0,87,0,1e-09,0.0,
etp-shipping-discount-offer,Free Shipping Discounts ‑ SC,marketing-and-conversion-promotions-discounts,71,5.0,0,3,0,1e-09,0.0,
llms-txt-generator-ai-search,Arc: llms.txt,store-design-site-optimization-seo,71,4.6,0,76,0,1e-09,0.0,
login-to-see-price-b2b,WebPanda | Login to See Price,selling-products-pricing-pricing-quotes,71,5.0,0,41,0,1e-09,0.0,
omega-order-tracking,Synctrack AI Order Tracking,orders-and-shipping-shipping-solutions-shipping,71,4.9,0,8,0,1e-09,0.0,
power-tools-filter-menu,Power Tools Filter Menu,store-design-search-and-navigation-search-and-filters,71,4.9,0,38,0,1e-09,0.0,
product-colors,Linkify Product Colors,selling-products-custom-products-product-variants,71,4.6,0,90,0,1e-09,0.0,
shopify-power-tools-suite,Power Tools Suite,store-design-product-display-collections,71,4.9,0,35,0,1e-09,0.0,
sparq-search,Sparq AI Search & Filter,store-design-search-and-navigation-search-and-filters,71,4.5,0,57,0,1e-09,0.0,
x,X,sales-channels-selling-online-marketplaces,71,3.4,0,42,0,1e-09,0.0,
atlas-pickup-points,Atlas Pickup Points,orders-and-shipping-shipping-solutions-shipping-rates,70,4.8,0,7,0,1e-09,0.0,
chatgpt-customer-service-bot,HeiChat: ChatGPT Sales Chatbot,store-management-support-chat,70,4.7,0,29,0,1e-09,0.0,
export-orders-to-zasilkovna-cz,Zasilkovna • Packeta connect,orders-and-shipping-shipping-solutions-third-party-logistics-3pl,70,4.9,0,3,0,1e-09,0.0,
mobile-app-builder,Hulk Mobile App Builder,store-design-storefronts-mobile-app-builder,70,4.9,0,16,0,1e-09,0.0,
ninja-pod,NinjaPOD: DTF Print on Demand,finding-products-sourcing-options-print-on-demand-pod,70,4.4,0,1,0,1e-09,0.0,
powr-map,POWR: Store Locator Map,sales-channels-selling-in-person-store-locator,70,4.6,0,26,0,1e-09,0.0,
product-registration-1,My Product Registration,orders-and-shipping-returns-and-warranty-warranties-and-insurance,70,4.7,0,12,0,1e-09,0.0,
signifyd,Signifyd,store-management-security-fraud,70,4.8,0,19,0,1e-09,0.0,
simply-otp-login,Lucent ‑ OTP Login & Notify,store-management-security-accounts-and-login,70,4.7,0,24,0,1e-09,0.0,
snaprinting,Printy6 ‑ Print On Demand,finding-products-sourcing-options-print-on-demand-pod,70,3.6,0,74,0,1e-09,0.0,
accessibility-enabler-increase-sales-with-disability-friendly-site,Accessibility Enabler AW,store-management-security-legal,69,4.8,0,25,0,1e-09,0.0,
age-verification-check,Hulk Age Verification Popup,store-design-notifications-pop-ups,69,4.6,0,51,0,1e-09,0.0,
astroselling,Astroselling ‑ Mercado Libre,sales-channels-selling-online-marketplaces,69,4.1,0,42,0,1e-09,0.0,
cashback-redeemly,Redeemly Store Credit Cashback,marketing-and-conversion-customer-loyalty-loyalty-and-rewards,69,4.9,0,30,0,1e-09,0.0,
easify-inventory-sync,Easify Inventory Sync,orders-and-shipping-inventory-inventory-sync,69,4.5,0,13,0,1e-09,0.0,
ez-importer,EZ Importer ‑ Order Importer,sales-channels-selling-online-store-data-importer,69,4.4,0,88,0,1e-09,0.0,
flavorcloud,FlavorCloud – AI Cross‑Border,selling-products-pricing-pricing-optimization,69,4.9,0,29,0,1e-09,0.0,
pagetify,Pagetify Landing Page Builder,store-design-storefronts-page-builder,69,5.0,0,73,0,1e-09,0.0,
quickbooks-desktop,QuickBooks Desktop by Parex,store-management-finances-accounting,69,4.7,0,73,0,1e-09,0.0,
smartrr,Smartrr Subscriptions App,selling-products-payments-subscriptions,69,5.0,0,37,0,1e-09,0.0,
bundle-up-1,BundleUp,marketing-and-conversion-upsell-and-bundles-product-bundles,68,5.0,0,68,0,1e-09,0.0,
buy-box-product-info-blocks,BuyBox: AI Product Page Blocks,store-design-design-elements-badges-and-icons,68,4.9,0,29,0,1e-09,0.0,
byob-build-your-own-bundle,BYOB ‑ Build Your Own Bundles,marketing-and-conversion-upsell-and-bundles-product-bundles,68,4.7,0,73,0,1e-09,0.0,
delhivery-2,Delhivery ‑ Logistics Platform,orders-and-shipping-shipping-solutions-delivery-and-pickup,68,1.8,0,33,0,1e-09,0.0,
eas-eu-compliance,EAS EU & UK Compliance,store-management-finances-taxes,68,4.4,0,21,0,1e-09,0.0,
k-wishlist,Wish List: Favorites Wishlist,marketing-and-conversion-customer-loyalty-wishlists,68,4.7,0,36,0,1e-09,0.0,
offerly,Offerly: Make An Offer Button!,selling-products-pricing-pricing-optimization,68,4.8,0,17,0,1e-09,0.0,
order-merger,Order Merger Edit Merge Orders,store-management-operations-workflow-automation,68,4.8,0,5,0,1e-09,0.0,
qikify-bundles-quantity-break,Qikify Volume Discounts Bundle,marketing-and-conversion-promotions-discounts,68,5.0,0,30,0,1e-09,0.0,
shipperhq,ShipperHQ: Shipping & Checkout,orders-and-shipping-shipping-solutions-shipping-rates,68,4.8,0,36,0,1e-09,0.0,
smart-timer-upsell,Sales Countdown Timer & Upsell,marketing-and-conversion-upsell-and-bundles-countdown-timer,68,5.0,0,12,0,1e-09,0.0,
store-migration,Store Migration,sales-channels-selling-online-store-data-importer,68,3.2,0,61,0,1e-09,0.0,
uppush-order-limit,UP Order Limits Quantity Break,finding-products-sourcing-options-wholesale,68,4.9,0,8,0,1e-09,0.0,
xconnector,xConnector,orders-and-shipping-shipping-solutions-shipping-rates,68,4.7,0,45,0,1e-09,0.0,
zalify,"Zalify Pixels, Popups & Emails",marketing-and-conversion-marketing-abandoned-cart,68,4.7,0,86,0,1e-09,0.0,
calcurates,Calcurates: Accurate Shipping,orders-and-shipping-shipping-solutions-shipping-rates,67,5.0,0,43,0,1e-09,0.0,
cart-shipping-calculator-pro,Dr Cart Shipping Rates & Rules,marketing-and-conversion-checkout-cart-customization,67,5.0,0,68,0,1e-09,0.0,
dynamic-variant-description,Variant Description OMG,selling-products-custom-products-product-variants,67,5.0,0,87,0,1e-09,0.0,
early-bird-pre-order-manager,Early Bird: Preorder & Restock,marketing-and-conversion-upsell-and-bundles-pre-orders,67,4.9,0,10,0,1e-09,0.0,
ga-size-chart-size-guides,GA: Size Chart & Size Guide,store-design-product-display-product-comparison,67,4.7,0,33,0,1e-09,0.0,
hide-price-add-to-cart,Ex Request a Quote Hide Price,selling-products-pricing-pricing-quotes,67,5.0,0,36,0,1e-09,0.0,
instafeed-powr,POWR Instagram Feed Instafeed,store-design-images-and-media-image-gallery,67,4.8,0,60,0,1e-09,0.0,
preorderly,Preorderly • Preorder PreSale,marketing-and-conversion-upsell-and-bundles-pre-orders,67,4.7,0,45,0,1e-09,0.0,
vex-auto-add-to-cart-free-gift,Vex Auto Add To Cart Free Gift,marketing-and-conversion-promotions-discounts,67,5.0,0,27,0,1e-09,0.0,
wfu-australia,Wefulfil Australia,finding-products-sourcing-options-dropshipping,67,5.0,0,76,0,1e-09,0.0,
wizio-product-bundle-upsell,Wizio: Bundle Free Gift Upsell,marketing-and-conversion-upsell-and-bundles-product-bundles,67,5.0,0,76,0,1e-09,0.0,
bulk-price-editor-2,Rocketly: Bulk Price Editor,store-management-operations-bulk-editor,66,4.6,0,37,0,1e-09,0.0,
hertwill,Hertwill: EU Dropshipping,finding-products-sourcing-options-dropshipping,66,4.6,0,45,0,1e-09,0.0,
orichi-bundle-discount,OC: Bundle App & Bulk Discount,marketing-and-conversion-promotions-discounts,66,5.0,0,58,0,1e-09,0.0,
partialy-partial-payment-cod,Partialy: Partial COD Deposit,selling-products-payments-pay-later,66,4.7,0,8,0,1e-09,0.0,
pricefy-io,Pricefy | A.I. Dynamic Pricing,selling-products-pricing-pricing-optimization,66,4.5,0,15,0,1e-09,0.0,
product-inventory-information,GeoStock ‑ Store Locator,sales-channels-selling-in-person-store-locator,66,4.8,0,51,0,1e-09,0.0,
reelv,Reelv Shoppable Videos & UGC,store-design-images-and-media-video-and-livestream,66,4.9,0,38,0,1e-09,0.0,
sezzle-widget,Sezzle Widget,selling-products-payments-payment-experience,66,3.2,0,26,0,1e-09,0.0,
shoppinggives,ShoppingGives ‑ Donation App,marketing-and-conversion-customer-loyalty-donations,66,4.4,0,22,0,1e-09,0.0,
snap-b2b-wholesale-pricing,Snap: B2B Wholesale Pricing,store-management-security-accounts-and-login,66,4.4,0,35,0,1e-09,0.0,
supercharged-sms,SuperSMS.AI ‑ AI SMS Marketing,marketing-and-conversion-marketing-sms-marketing,66,3.6,0,44,0,1e-09,0.0,
ultimate-gdpr-eu-cookie-bar,Ultimate GDPR EU Cookie Banner,store-design-internationalization-cookie-consent,66,4.8,0,16,0,1e-09,0.0,
wheres-my-order,Track by Loop,store-management-operations-staff-notifications,66,4.6,0,5,0,1e-09,0.0,
blend,Blend AI,sales-channels-selling-online-product-feeds,65,4.1,0,67,0,1e-09,0.0,
botspace-ai-chat,BotSpace: AI Chat & Helpdesk,store-management-support-helpdesk,65,4.9,0,9,0,1e-09,0.0,
contlo-marketing,SuperAGI Marketing (Contlo),marketing-and-conversion-marketing-sms-marketing,65,4.4,0,41,0,1e-09,0.0,
findify-search,Findify Search & Merchandise,store-design-search-and-navigation-search-and-filters,65,4.6,0,65,0,1e-09,0.0,
keepcart,KeepCart: Stop Coupon Leaks,store-management-operations-analytics,65,5.0,0,28,0,1e-09,0.0,
pixee-multi-facebook-pixels,Pixee ‑ Multi Pixel & Meta Ads,marketing-and-conversion-advertising-ads,65,4.7,0,80,0,1e-09,0.0,
post-purchase-survey,Hulk NPS Post Purchase Survey,store-design-notifications-forms,65,4.8,0,26,0,1e-09,0.0,
pre-order-sales-beta,Magical Preorder & Presale,marketing-and-conversion-upsell-and-bundles-pre-orders,65,4.2,0,40,0,1e-09,0.0,
robin-pro-image-gallery,Photo Gallery | Robin PRO,store-design-images-and-media-image-gallery,65,5.0,0,51,0,1e-09,0.0,
shopify-application-102,"Affiliate Integrate ""まるっと集客""",marketing-and-conversion-advertising-affiliate-programs,65,4.6,0,70,0,1e-09,0.0,
airpower,AirPower sync for Airtable,store-management-operations-bulk-editor,64,4.8,0,50,0,1e-09,0.0,
autoblogger,autoBlogger | AI Blog Writer,store-design-content-blogs,64,4.9,0,8,0,1e-09,0.0,
bundles-5,Profit Bundles & Mystery Boxes,marketing-and-conversion-upsell-and-bundles-product-bundles,64,4.9,0,70,0,1e-09,0.0,
convertout-ambassadors,ConvertO Affiliate Ambassador,marketing-and-conversion-advertising-affiliate-programs,64,4.7,0,30,0,1e-09,0.0,
easyvideo,EasyVideo: Shoppable Video,store-design-images-and-media-video-and-livestream,64,4.8,0,34,0,1e-09,0.0,
floatify,Floatify: Social & CTA Buttons,store-design-design-elements-badges-and-icons,64,5.0,0,54,0,1e-09,0.0,
free-gift-in-cart,Fokkio Free Gift With Purchase,marketing-and-conversion-promotions-discounts,64,4.8,0,20,0,1e-09,0.0,
ga-age-verification-18,"Age Verification, Age Gate 18+",store-design-notifications-pop-ups,64,4.6,0,74,0,1e-09,0.0,
insureful,Insureful Shipping Protection,orders-and-shipping-returns-and-warranty-warranties-and-insurance,64,4.9,0,8,0,1e-09,0.0,
loadify,Loadify Preloader & Page Speed,store-design-design-elements-animation-and-effects,64,5.0,0,9,0,1e-09,0.0,
lookbook-shop-by-lookbook-images,Lookbook Shop by Gallery Ace,store-design-images-and-media-image-gallery,64,4.8,0,65,0,1e-09,0.0,
order-confirmation-robo-calls,Robo Calls PK,store-management-support-chat,64,4.9,0,28,0,1e-09,0.0,
planet,Shopify Planet,marketing-and-conversion-customer-loyalty-donations,64,3.0,0,25,0,1e-09,0.0,
qikify-checkout-plus,Qikify Checkout Customizer,marketing-and-conversion-checkout-order-limits,64,4.8,0,19,0,1e-09,0.0,
shipinsure-order-protection,ShipInsure Shipping Protection,marketing-and-conversion-checkout-cart-customization,64,4.9,0,64,0,1e-09,0.0,
versio-smart-blocks,Section VSO: Theme Sections,store-design-storefronts-page-builder,64,4.9,0,20,0,1e-09,0.0,
aris-bundles,Aris Bundles Volume Discounts,marketing-and-conversion-promotions-discounts,63,4.9,0,65,0,1e-09,0.0,
ds-delivery-pickup-shipping,DS Pickup Delivery Date & Time,orders-and-shipping-shipping-solutions-delivery-and-pickup,63,5.0,0,13,0,1e-09,0.0,
finaloop,Finaloop,store-management-finances-accounting,63,4.7,0,39,0,1e-09,0.0,
mobile-app-builder-appbrew,Appbrew ‑ Mobile App Builder,store-design-storefronts-mobile-app-builder,63,5.0,0,5,0,1e-09,0.0,
pop-up-builder-wisepops,Wisepops: Popup Builder & CRO,store-design-notifications-pop-ups,63,4.9,0,46,0,1e-09,0.0,
scala-desconto-pix-e-boleto,Scala Payment Method Discount,marketing-and-conversion-promotions-discounts,63,5.0,0,11,0,1e-09,0.0,
seokart,SEOKart: AI SEO Optimizer,store-design-images-and-media-image-editor,63,5.0,0,30,0,1e-09,0.0,
sidr-tax,Sidr ‑ Sales Tax Automation,store-management-finances-taxes,63,5.0,0,13,0,1e-09,0.0,
taxjar,TaxJar Sales Tax Automation,store-management-finances-taxes,63,2.4,0,57,0,1e-09,0.0,
wax-io,WAX: marketing on WhatsApp,marketing-and-conversion-marketing-abandoned-cart,63,4.8,0,27,0,1e-09,0.0,
ai-form-builder-custom-forms,FormCRMAI Contact Form Builder,store-design-notifications-forms,62,5.0,0,8,0,1e-09,0.0,
coming-soon-products,PreCom ‑ coming soon preorders,marketing-and-conversion-upsell-and-bundles-pre-orders,62,3.8,0,64,0,1e-09,0.0,
dingai-conversion,DIN ‑ AI Agents & AI Chat Bot,store-management-support-surveys,62,5.0,0,16,0,1e-09,0.0,
easy-block-customer-ip-country,Securify Fraud Country Blocker,store-management-security-anti-theft,62,4.4,0,2,0,1e-09,0.0,
ongoing-subscriptions,Ongoing Subscriptions App,selling-products-payments-subscriptions,62,5.0,0,49,0,1e-09,0.0,
rapi-tracking,Rapi Tracking Facebook Pixels,store-management-operations-analytics,62,5.0,0,34,0,1e-09,0.0,
size-chart-guide-by-jotly,Jotly Size Chart & Size Guide,selling-products-custom-products-product-variants,62,5.0,0,2,0,1e-09,0.0,
smartli-ai-product-description,"ChatGPT: 9 AI Tools, 1 App!",store-design-content-product-content,62,4.1,0,35,0,1e-09,0.0,
ahia-easy-price-changer,StoreQ ‑ Bulk Price Editor,store-management-operations-bulk-editor,61,4.1,0,78,0,1e-09,0.0,
escalafy,Escalafy,store-management-operations-analytics,61,5.0,0,23,0,1e-09,0.0,
hyper-menu,ANG Extra menu,store-design-search-and-navigation-navigation-and-menus,61,5.0,0,18,0,1e-09,0.0,
kickdata-data-manager,DataChamp ‑ Data Export/Report,store-management-finances-accounting,61,5.0,0,6,0,1e-09,0.0,
mce-volume-discounts,Quantity Discounts ‑ Bundles,selling-products-pricing-pricing-optimization,61,4.9,0,16,0,1e-09,0.0,
numeral-sales-tax,Numeral Sales Tax,store-management-finances-taxes,61,4.2,0,10,0,1e-09,0.0,
omnibus-price,Complimus: EU Omnibus Price,store-management-security-legal,61,4.9,0,15,0,1e-09,0.0,
parcelyapp,Parcely.app,orders-and-shipping-shipping-solutions-delivery-and-pickup,61,4.6,0,66,0,1e-09,0.0,
rubik-combined-listings,Rubik Combined Listings Swatch,selling-products-custom-products-product-variants,61,5.0,0,16,0,1e-09,0.0,
skulabs,SKULabs Inventory and Shipping,orders-and-shipping-inventory-inventory-optimization,61,5.0,0,29,0,1e-09,0.0,
test-app-198,Singleton | Login To See Price,selling-products-pricing-pricing-quotes,61,4.7,0,50,0,1e-09,0.0,
yoycol,Yoycol: Print on Demand,finding-products-sourcing-options-dropshipping,61,4.6,0,17,0,1e-09,0.0,
accessease,Ez Accessibility Widget ‑ ADA,store-design-site-optimization-accessibility,60,5.0,0,7,0,1e-09,0.0,
cooee-engage-your-customers,AI Personalisation & Upsell,marketing-and-conversion-marketing-abandoned-cart,60,5.0,0,36,0,1e-09,0.0,
cookie-shield,Cookie Shield,store-management-security-legal,60,4.6,0,84,0,1e-09,0.0,
customerhub,C:Hub Customer Accounts,store-management-security-accounts-and-login,60,4.8,0,19,0,1e-09,0.0,
expo,EXPO ‑ Extra Product Options,selling-products-custom-products-product-variants,60,4.9,0,18,0,1e-09,0.0,
frenet-7,Frenet,orders-and-shipping-shipping-solutions-shipping-rates,60,4.2,0,23,0,1e-09,0.0,
joltai,Jolt: AI SEO Blog & Image,store-design-content-blogs,60,4.4,0,7,0,1e-09,0.0,
mikawaya,Mikawaya Subscription,selling-products-payments-subscriptions,60,4.7,0,39,0,1e-09,0.0,
pickupbird-pickup-delivery,PickupBird by Digiloop,orders-and-shipping-shipping-solutions-delivery-and-pickup,60,4.8,0,14,0,1e-09,0.0,
product-custom-fields-1,Product Custom Fields & Upload,selling-products-custom-products-product-variants,60,4.7,0,21,0,1e-09,0.0,
veloplab-etsy-sync,Etsy Sync & Importer velopLab,orders-and-shipping-inventory-inventory-sync,60,4.6,0,64,0,1e-09,0.0,
winback,Winback: SMS Marketing,marketing-and-conversion-marketing-sms-marketing,60,4.5,0,70,0,1e-09,0.0,
affiliatly,Affiliatly Affiliate Marketing,marketing-and-conversion-advertising-affiliate-programs,59,4.6,0,40,0,1e-09,0.0,
bayengage,"BayEngage Email Marketing, SMS",marketing-and-conversion-marketing-email-marketing,59,4.4,0,71,0,1e-09,0.0,
buckydrop,BuckyDrop‑Branded Dropshipping,finding-products-sourcing-options-dropshipping,59,4.9,0,20,0,1e-09,0.0,
connectr-for-amazon-sellers,Amazon Connectr & FBA Sync,sales-channels-selling-online-marketplaces,59,4.8,0,85,0,1e-09,0.0,
crowdfunder-diy-pre-order-crowdfunding-campaigns-for-shopify,Crowdfunder: Pre‑Order Promos,marketing-and-conversion-upsell-and-bundles-pre-orders,59,4.7,0,36,0,1e-09,0.0,
enlistly,"Enlistly Affiliate, Influencer",marketing-and-conversion-advertising-affiliate-programs,59,4.6,0,42,0,1e-09,0.0,
k-contact-form,K: Contact Form Builder,store-design-notifications-forms,59,5.0,0,5,0,1e-09,0.0,
madgic-hide-price,Request a Quote & Hide Prices,selling-products-pricing-pricing-quotes,59,4.9,0,20,0,1e-09,0.0,
mirakl-marketplaces-app,Mirakl Connect,sales-channels-selling-online-marketplaces,59,3.8,0,30,0,1e-09,0.0,
mr-point,MR.POINT （顧客にポイント発行・利用が可能なアプリ）,marketing-and-conversion-customer-loyalty-loyalty-and-rewards,59,4.7,0,56,0,1e-09,0.0,
orderify,Orderify ‑ Order Edit Cancel,store-management-support-helpdesk,59,4.8,0,25,0,1e-09,0.0,
preorder-me,PreOrder Me,marketing-and-conversion-upsell-and-bundles-pre-orders,59,4.6,0,56,0,1e-09,0.0,
quotes-guru-rfq-hide-prices,Quotes Guru: RFQ & Hide Prices,selling-products-pricing-pricing-quotes,59,4.9,0,8,0,1e-09,0.0,
redirect-ninja-404,Redirect Ninja – AI 404 Fix,store-design-site-optimization-seo,59,4.9,0,47,0,1e-09,0.0,
sellerboard-profit-ltv-customer-lifetime-value-analytics,Sellerboard Profit Analytics,store-management-operations-analytics,59,4.1,0,33,0,1e-09,0.0,
shine-trust,ShineTrust ‑ Product Badges,store-design-design-elements-badges-and-icons,59,5.0,0,65,0,1e-09,0.0,
smind,Smind Sections: Theme Sections,store-design-storefronts-page-builder,59,5.0,0,37,0,1e-09,0.0,
whatsapp-chat-button-squadkin,SK: WhatsApp Chat Button,store-management-support-chat,59,4.8,0,12,0,1e-09,0.0,
form-builder-myappgurus,MAG: Form Builder,store-design-notifications-forms,58,3.8,0,27,0,1e-09,0.0,
mincart-by-molsoft,MinCart ‑ Order limits,marketing-and-conversion-checkout-order-limits,58,4.8,0,29,0,1e-09,0.0,
reconcilely,Xero & QuickBooks Smart Sync,store-management-finances-accounting,58,4.5,0,82,0,1e-09,0.0,
smart-wishlist,Smart Wishlist,marketing-and-conversion-customer-loyalty-wishlists,58,4.1,0,57,0,1e-09,0.0,
spark,Spark — UGC Video Carousel,store-design-images-and-media-video-and-livestream,58,4.9,0,19,0,1e-09,0.0,
camweara,Camweara Virtual Try On,store-design-images-and-media-3d-ar-vr,57,5.0,0,4,0,1e-09,0.0,
delivery-date-3,RP Local Delivery Date,orders-and-shipping-shipping-solutions-shipping-rates,57,4.8,0,90,0,1e-09,0.0,
enorm-image-slider,Image Slider Pro,store-design-images-and-media-image-gallery,57,4.7,0,59,0,1e-09,0.0,
greenspark,Greenspark: Plant trees & more,marketing-and-conversion-customer-loyalty-loyalty-and-rewards,57,5.0,0,8,0,1e-09,0.0,
odoo-integrator,Odoo Integration ‑ Odoo ERP,orders-and-shipping-inventory-erp,57,5.0,0,2,0,1e-09,0.0,
orangetwig,Socioh: DPAs that Convert,sales-channels-selling-online-product-feeds,57,4.8,0,58,0,1e-09,0.0,
profit-calc,Profit Calc: Profit Calculator,store-management-operations-analytics,57,5.0,0,38,0,1e-09,0.0,
wava-abandoned-cart-recovery,WhatsApp Chat & Abandoned Cart,store-management-support-chat,57,4.9,0,7,0,1e-09,0.0,
ali-reviews-aliexpress-reviews-app,AliReviews: AliExpress Reviews,marketing-and-conversion-social-trust-product-reviews,56,4.5,0,66,0,1e-09,0.0,
dyno-bulk-discount-code-generator,Bulk Discount Codes Generator,marketing-and-conversion-promotions-discounts,56,5.0,0,54,0,1e-09,0.0,
k-google-reviews-importer,K: Google Reviews Importer,marketing-and-conversion-social-trust-product-reviews,56,5.0,0,35,0,1e-09,0.0,
mps-notify-me,Notim: Back In Stock+Notify Me,orders-and-shipping-inventory-inventory-optimization,56,4.8,0,22,0,1e-09,0.0,
promolayer,Promolayer popups for pros,store-design-notifications-pop-ups,56,4.9,0,83,0,1e-09,0.0,
reputon-facebook-reviews,Reputon Facebook Reviews,marketing-and-conversion-social-trust-product-reviews,56,4.9,0,31,0,1e-09,0.0,
seguno-popups,Seguno Popups & Forms,store-design-notifications-pop-ups,56,4.9,0,42,0,1e-09,0.0,
sense-rtl,Sense RTL: עברית,store-design-internationalization-currency-and-translation,56,5.0,0,29,0,1e-09,0.0,
single-sign-onsso,miniOrange Single Sign On‑SSO,store-management-security-accounts-and-login,56,5.0,0,31,0,1e-09,0.0,
snap-cart-drawer-cart-upsell,Snap Cart Drawer Cart Upsell,marketing-and-conversion-checkout-cart-customization,56,4.8,0,31,0,1e-09,0.0,
zapier,Zapier: Workflow Automation,store-management-operations-workflow-automation,56,3.7,0,39,0,1e-09,0.0,
anvil-checkout,Checkout Components,marketing-and-conversion-upsell-and-bundles-upsell-and-cross-sell,55,5.0,0,67,0,1e-09,0.0,
buzzbassador,BUZZ Affiliate Marketing,marketing-and-conversion-advertising-affiliate-programs,55,5.0,0,35,0,1e-09,0.0,
customer-tagger,SC Customer Tagging,store-management-operations-bulk-editor,55,5.0,0,83,0,1e-09,0.0,
hff-products,Cartifind: Temu Dropshipping,finding-products-sourcing-options-wholesale,55,4.6,0,63,0,1e-09,0.0,
pdf-generator,Mega PDF Invoices,orders-and-shipping-orders-invoices-and-receipts,55,4.9,0,49,0,1e-09,0.0,
postnord-3,PostNord by Uniwin,orders-and-shipping-shipping-solutions-shipping-rates,55,4.8,0,32,0,1e-09,0.0,
prefixbox-search,Prefixbox AI Search & Filter,store-management-support-chat,55,5.0,0,14,0,1e-09,0.0,
request-quote-w3,Quick Quote ‑ Request a Quote,selling-products-pricing-pricing-quotes,55,4.6,0,55,0,1e-09,0.0,
stock-buy,Qoblex Inventory Management,orders-and-shipping-inventory-inventory-optimization,55,4.8,0,50,0,1e-09,0.0,
sweethelp-abandoned-cart-recovery,SH: WhatsApp Chat & Marketing,marketing-and-conversion-marketing-abandoned-cart,55,4.5,0,54,0,1e-09,0.0,
wiioerp,Wiio Dropshipping Fulfillment,finding-products-sourcing-options-dropshipping,55,4.5,0,30,0,1e-09,0.0,
bookkeep-com-daily-summary-e-commerce,Bookkeep Accounting+Inventory,store-management-finances-accounting,54,4.8,0,5,0,1e-09,0.0,
branded-sms-pakistan,Branded SMS Pakistan,marketing-and-conversion-marketing-abandoned-cart,54,5.0,0,47,0,1e-09,0.0,
easy-stock,Easy:Stock ‑ Product Labels,store-design-design-elements-badges-and-icons,54,4.6,0,71,0,1e-09,0.0,
getsitecontrol,GSC Email Marketing + Popups,store-design-notifications-pop-ups,54,4.7,0,58,0,1e-09,0.0,
gift-card-factory,Gift Card Factory,marketing-and-conversion-gifts-gift-cards,54,5.0,0,2,0,1e-09,0.0,
idealo-integration,idealo Connect,sales-channels-selling-online-product-feeds,54,3.5,0,32,0,1e-09,0.0,
instashow,Elfsight Instagram Gallery,store-design-images-and-media-image-gallery,54,4.7,0,88,0,1e-09,0.0,
invoice-generator,Shoptopus: Invoice Generator,orders-and-shipping-orders-invoices-and-receipts,54,4.9,0,6,0,1e-09,0.0,
juicy,Juicy Attribution & Profit,store-management-operations-analytics,54,4.9,0,10,0,1e-09,0.0,
kaktus-free-shipping-bar,K: Free Shipping Bar,store-design-notifications-banners,54,4.7,0,26,0,1e-09,0.0,
omnitrack-facebook-pixels,Convbox Analytics,store-management-operations-analytics,54,5.0,0,54,0,1e-09,0.0,
pay-what-you-want-extendons,Pay What You Want,selling-products-pricing-pricing-optimization,54,4.5,0,35,0,1e-09,0.0,
peakship,PeakShip,orders-and-shipping-shipping-solutions-shipping,54,5.0,0,38,0,1e-09,0.0,
quickcep,QuickCEP: AI Support Agent,store-management-support-helpdesk,54,4.9,0,7,0,1e-09,0.0,
shopney-mobile-app-banner,Mobile App Banner ‑ Shopney,store-design-notifications-banners,54,5.0,0,50,0,1e-09,0.0,
super-qr-codes,Super QR Code Generator,sales-channels-selling-in-person-retail,54,4.5,0,21,0,1e-09,0.0,
ultimate-order-status,W3 Custom Order Status,store-management-operations-workflow-automation,54,4.7,0,53,0,1e-09,0.0,
whatsapp-integration-lite,Rly: WhatsApp Abandoned Cart,store-management-support-chat,54,4.8,0,24,0,1e-09,0.0,
brightpearl,Brightpearl by Sage,orders-and-shipping-inventory-erp,53,4.6,0,16,0,1e-09,0.0,
buddify-ai-discount-negotiator,Buddy AI:Sales & Support Agent,store-management-support-faq,53,4.8,0,5,0,1e-09,0.0,
cartsaver-otp-cod,Cartsaver COD & OTP,selling-products-payments-pay-later,53,4.9,0,7,0,1e-09,0.0,
ecomsend-connector,EcomSend TikTok Shop Connector,sales-channels-selling-online-marketplaces,53,4.9,0,6,0,1e-09,0.0,
export-orders,EXPORT OrderPro: Order reports,store-management-finances-accounting,53,4.9,0,60,0,1e-09,0.0,
gift-box-creator,Build Your Own Bundle Builder,marketing-and-conversion-upsell-and-bundles-product-bundles,53,4.9,0,85,0,1e-09,0.0,
kangaroo-rewards,Kangaroo: Loyalty and Rewards,marketing-and-conversion-marketing-email-marketing,53,4.8,0,32,0,1e-09,0.0,
nembol,Nembol: Sync & Edit instantly,sales-channels-selling-online-marketplaces,53,4.0,0,84,0,1e-09,0.0,
ordersify-order-printer,Ordersify: PDF Order Printer,orders-and-shipping-orders-invoices-and-receipts,53,4.5,0,87,0,1e-09,0.0,
price-sale-price-manager,Wi Flash Sale & Price Discount,selling-products-pricing-pricing-optimization,53,3.7,0,71,0,1e-09,0.0,
process-wholesale,Process Wholesale: B2B Pricing,selling-products-pricing-pricing-quotes,53,4.7,0,24,0,1e-09,0.0,
profitario,Profitario ‑ Profit Analytics,store-management-finances-accounting,53,4.7,0,45,0,1e-09,0.0,
sectionheroes,Sectionheroes,store-design-design-elements-badges-and-icons,53,5.0,0,20,0,1e-09,0.0,
shein-importer,Shein and Temu dropshipping,finding-products-sourcing-options-dropshipping,53,4.1,0,80,0,1e-09,0.0,
single,Single: musicians & creators,selling-products-payments-subscriptions,53,4.4,0,22,0,1e-09,0.0,
upnova,Upnova ‑ Cart Upsell & Offers,marketing-and-conversion-checkout-cart-customization,53,4.9,0,85,0,1e-09,0.0,
variable-products,B4B ‑ Variable Products,store-design-product-display-collections,53,4.9,0,21,0,1e-09,0.0,
zine-builder,B2B Catalog & Linesheet Maker,finding-products-sourcing-options-wholesale,53,4.6,0,68,0,1e-09,0.0,
bundly,Bundly • Mix & Match Bundles,marketing-and-conversion-upsell-and-bundles-product-bundles,52,4.9,0,14,0,1e-09,0.0,
creator-gift-link,IGF ‑ Influencer Gift Form,marketing-and-conversion-social-trust-social-proof,52,5.0,0,20,0,1e-09,0.0,
custom-background-music,MX AI: Background Music Player,store-design-design-elements-animation-and-effects,52,4.7,0,2,0,1e-09,0.0,
dear-lover-dropshipping-1,Dear‑Lover Dropshipping,finding-products-sourcing-options-wholesale,52,4.4,0,60,0,1e-09,0.0,
easywholesale-wholesale-bulk-orders,Easy:Wholesale Bulk Order Form,selling-products-custom-products-product-variants,52,5.0,0,28,0,1e-09,0.0,
fd-product-groups,FD Combined Listings & Variant,selling-products-custom-products-product-variants,52,5.0,0,17,0,1e-09,0.0,
in-stock-reminder,A1: back in stock | sms alerts,marketing-and-conversion-upsell-and-bundles-stock-alerts,52,4.8,0,56,0,1e-09,0.0,
mercado-pago-antifraud-plus,Mercado Pago Antifraude Plus,store-management-security-fraud,52,4.5,0,8,0,1e-09,0.0,
no-spy,NoSpy ‑ Anti Fraud Spy Blocker,store-management-security-anti-theft,52,4.8,0,6,0,1e-09,0.0,
openfiskal,OpenFiskal TSE & RKSV for POS,store-management-finances-taxes,52,5.0,0,6,0,1e-09,0.0,
shipright-conditional-shipping-methods,ShipRight Hide Shipping Method,orders-and-shipping-shipping-solutions-shipping-rates,52,5.0,0,12,0,1e-09,0.0,
sku-generator-1,SKUGen SKU & Barcode Generator,store-management-operations-bulk-editor,52,4.4,0,49,0,1e-09,0.0,
speedsize,SpeedSize AI Image & Video,store-design-site-optimization-seo,52,4.9,0,57,0,1e-09,0.0,
supportcorner,Corner FAQ Page & Help Center,store-management-support-faq,52,5.0,0,23,0,1e-09,0.0,
tinybackup,TinyBackup ‑ Backups & restore,sales-channels-selling-online-store-data-importer,52,5.0,0,12,0,1e-09,0.0,
vibe,VIBE Shoppable Instagram Feed,store-design-images-and-media-image-gallery,52,5.0,0,22,0,1e-09,0.0,
ysms,YSMS ‑ SMS Marketing,marketing-and-conversion-marketing-sms-marketing,52,4.6,0,4,0,1e-09,0.0,
billbee-de,Billbee,sales-channels-selling-online-store-data-importer,51,4.5,0,57,0,1e-09,0.0,
easyecom-inventory-management-app,EasyEcom Inventory Management,orders-and-shipping-inventory-inventory-optimization,51,4.9,0,9,0,1e-09,0.0,
gropulse-rich-snippets-for-seo,GP JSON‑LD Schema & AI SEO,store-design-images-and-media-image-editor,51,4.9,0,19,0,1e-09,0.0,
market-sync-multi-channel,Market Sync ‑ Multi‑Channel,sales-channels-selling-online-marketplaces,51,5.0,0,43,0,1e-09,0.0,
migratify,Migratify: Copy Products + AI,sales-channels-selling-online-store-data-importer,51,4.4,0,24,0,1e-09,0.0,
nosto-personalization-for-shopify,Nosto | AI Search & Discovery,store-design-search-and-navigation-search-and-filters,51,4.8,0,48,0,1e-09,0.0,
option-price-calculator,SE: Option Price Calculator,selling-products-custom-products-product-variants,51,4.3,0,89,0,1e-09,0.0,
powr-survey,POWR: Customer Survey | Poll,store-management-support-surveys,51,4.7,0,23,0,1e-09,0.0,
quickreturns-returns-exchanges,Quick Returns and Exchanges ↻↺,orders-and-shipping-returns-and-warranty-returns-and-exchanges,51,5.0,0,13,0,1e-09,0.0,
related-blog-posts,Digital Darts: Related Posts,store-design-content-blogs,51,4.1,0,43,0,1e-09,0.0,
rtlmaster,RTL Master: עברית / عربي,store-design-internationalization-currency-and-translation,51,4.5,0,40,0,1e-09,0.0,
sellthetrend,Sell The Trend AI Dropshipping,store-design-content-product-content,51,4.5,0,17,0,1e-09,0.0,
testimonial-review,Testimonials Master,marketing-and-conversion-social-trust-product-reviews,51,4.8,0,62,0,1e-09,0.0,
afterpay-messaging,Afterpay On‑Site Messaging,selling-products-payments-payment-experience,50,3.1,0,8,0,1e-09,0.0,
back-in-stock-notifier-1,Pre‑Order | Restock Notifier,marketing-and-conversion-upsell-and-bundles-pre-orders,50,4.4,0,42,0,1e-09,0.0,
ecoprice-analytics,AI Dynamic Pricing by Intelis,selling-products-pricing-pricing-optimization,50,4.9,0,22,0,1e-09,0.0,
enhance-vat-dual-pricing,Enhance: VAT Dual Prices B2B,store-management-finances-taxes,50,4.9,0,26,0,1e-09,0.0,
fiidom,Fiidom: AI Product Description,store-design-content-blogs,50,4.9,0,14,0,1e-09,0.0,
galaxio,GO Product Page Gallery + Zoom,store-design-images-and-media-image-gallery,50,5.0,0,42,0,1e-09,0.0,
givy,Givy → Gifting & Gift Cards,marketing-and-conversion-gifts-gift-cards,50,5.0,0,8,0,1e-09,0.0,
nudgify,Nudgify Social Proof Sales Pop,store-design-notifications-pop-ups,50,4.3,0,70,0,1e-09,0.0,
popupsmart,"Popupsmart: AI Popup, A/B Test",store-design-notifications-pop-ups,50,4.8,0,60,0,1e-09,0.0,
price-comparison-funnel,Libautech: Amazon Buy Button,store-design-design-elements-badges-and-icons,50,4.8,0,26,0,1e-09,0.0,
quickbooks-sync-by-myworks,QuickBooks Sync by MyWorks,store-management-finances-accounting,50,4.9,0,4,0,1e-09,0.0,
simesy-estimated-delivery-date,SM Estimated Delivery Date ETA,orders-and-shipping-shipping-solutions-delivery-and-pickup,50,4.7,0,71,0,1e-09,0.0,
bk-reviews,BK Reviews,marketing-and-conversion-social-trust-product-reviews,49,4.0,0,58,0,1e-09,0.0,
customer-review-app,Google Reviews by TrustSync,marketing-and-conversion-marketing-email-marketing,49,5.0,0,26,0,1e-09,0.0,
materials-inventory,Materials Inventory,orders-and-shipping-inventory-inventory-optimization,49,5.0,0,67,0,1e-09,0.0,
pickup-points-pro,Octolize Pickup Points PRO,orders-and-shipping-shipping-solutions-shipping-rates,49,5.0,0,53,0,1e-09,0.0,
resell,Post Purchase Upsell—ReSell,marketing-and-conversion-upsell-and-bundles-upsell-and-cross-sell,49,4.9,0,95,0,1e-09,0.0,
simple-inventory,Simple Inventory Sync,store-management-operations-bulk-editor,49,5.0,0,41,0,1e-09,0.0,
storista-stories,Storista Shoppable Videos UGC,store-design-images-and-media-image-gallery,49,5.0,0,14,0,1e-09,0.0,
wixpa-google-analytics-4,Wixpa Google Analytics 4 (GA4),store-management-operations-analytics,49,5.0,0,57,0,1e-09,0.0,
antla,Antla AI Virtual Try On,store-design-images-and-media-3d-ar-vr,48,5.0,0,2,0,1e-09,0.0,
bsdropshipping,BSDropshipping: Order Fulfill,finding-products-sourcing-options-dropshipping,48,4.7,0,16,0,1e-09,0.0,
coco-ai-cart-recovery,Coco: AI Cart Recovery & Chat,marketing-and-conversion-marketing-sms-marketing,48,4.5,0,40,0,1e-09,0.0,
dear-inventory,Cin7 Core,orders-and-shipping-inventory-inventory-optimization,48,4.6,0,8,0,1e-09,0.0,
disconnect-by-constacloud-1,Constacloud All in 1 Connector,sales-channels-selling-online-marketplaces,48,4.8,0,47,0,1e-09,0.0,
product-rentals-pro,Product Rentals Pro,selling-products-digital-goods-and-services-event-booking,48,5.0,0,16,0,1e-09,0.0,
rh-advance-bulk-tag-editor,RUBIX Bulk Tag Editor,store-management-operations-bulk-editor,48,4.8,0,52,0,1e-09,0.0,
sevdesk,sevdesk Buchhaltung 2027+,store-management-finances-accounting,48,4.2,0,27,0,1e-09,0.0,
store-locator-w3,Store Locator ‑ W3,sales-channels-selling-in-person-store-locator,48,4.6,0,44,0,1e-09,0.0,
surebright-extended-warranty,SureBright Product Protection,orders-and-shipping-returns-and-warranty-warranties-and-insurance,48,4.7,0,11,0,1e-09,0.0,
sync-master-gogo,Inventory Sync ‑ GoGo,sales-channels-selling-in-person-retail,48,4.6,0,22,0,1e-09,0.0,
t1-envios-comercios,T1 Envíos,orders-and-shipping-shipping-solutions-shipping,48,4.8,0,55,0,1e-09,0.0,
under-construction,LaunchX ‑ Under Construction,store-design-storefronts-page-builder,48,4.8,0,72,0,1e-09,0.0,
virtue,Virtue ‑ Charity Donations,marketing-and-conversion-customer-loyalty-donations,48,5.0,0,12,0,1e-09,0.0,
wipeout,Wipeout Hide out of stock,orders-and-shipping-inventory-inventory-optimization,48,5.0,0,63,0,1e-09,0.0,
xb-wishlist,XB Wishlist,marketing-and-conversion-customer-loyalty-wishlists,48,4.8,0,3,0,1e-09,0.0,
bot-protection,Negate ‑ Bot Protection,store-management-security-fraud,47,4.6,0,14,0,1e-09,0.0,
bulk-account-invite-sender,BAIS Bulk Account Invites Send,store-management-security-accounts-and-login,47,4.6,0,60,0,1e-09,0.0,
customer-blacklist,EB Country Blocker Bot Blocker,store-management-security-fraud,47,4.8,0,18,0,1e-09,0.0,
dollar-discounts,Dollarlabs: Ultimate Discounts,marketing-and-conversion-promotions-discounts,47,5.0,0,92,0,1e-09,0.0,
fulfill-tracking,syncX: Order Fulfillment Bulk,store-management-operations-workflow-automation,47,4.7,0,30,0,1e-09,0.0,
hide-price-access-control,SP Hide Price & Access Control,selling-products-pricing-pricing-quotes,47,5.0,0,2,0,1e-09,0.0,
nimbuspost,NimbusPost‑ eCommerce Shipping,orders-and-shipping-shipping-solutions-third-party-logistics-3pl,47,2.9,0,7,0,1e-09,0.0,
paczkomaty-inpost,InPost – Tale Commerce,orders-and-shipping-shipping-solutions-shipping-rates,47,4.7,0,44,0,1e-09,0.0,
selfnamed-cosmetics-on-demand,Selfnamed: Cosmetics on demand,finding-products-sourcing-options-wholesale,47,4.5,0,48,0,1e-09,0.0,
skydropx,Skydropx: Rates and shipping,orders-and-shipping-shipping-solutions-shipping-rates,47,3.7,0,91,0,1e-09,0.0,
square-instagram-feed,Square: Instagram Feed Gallery,store-design-images-and-media-image-gallery,47,5.0,0,8,0,1e-09,0.0,
trakpilot-google-ads-tracking,"Omega Google Ads, GA4 & GTM",store-management-operations-analytics,47,4.8,0,46,0,1e-09,0.0,
arrives-by,ArrivesBy – Delivery Date ETA,orders-and-shipping-shipping-solutions-delivery-and-pickup,46,4.5,0,48,0,1e-09,0.0,
auto-purchase-orders,Auto Purchase Orders,store-management-operations-staff-notifications,46,4.9,0,3,0,1e-09,0.0,
click-and-collect-delivery,GAF ‑ Store Pickup & Delivery,orders-and-shipping-shipping-solutions-delivery-and-pickup,46,4.9,0,85,0,1e-09,0.0,
contrado-print-on-demand,Contrado: Print on Demand,finding-products-sourcing-options-dropshipping,46,4.5,0,21,0,1e-09,0.0,
creativehub,creativehub: Sell Art Prints,finding-products-sourcing-options-print-on-demand-pod,46,4.1,0,61,0,1e-09,0.0,
elite-cart-upsell,Elite Cart Drawer Cart Upsell,marketing-and-conversion-checkout-cart-customization,46,5.0,0,49,0,1e-09,0.0,
evlop-app-builder,Evlop ‑ Mobile app builder,store-design-storefronts-mobile-app-builder,46,4.9,0,13,0,1e-09,0.0,
forge-ai-store-builder,Forge: AI Store Builder,store-design-storefronts-page-builder,46,5.0,0,6,0,1e-09,0.0,
guide-1,Guide Protection + Returns,orders-and-shipping-returns-and-warranty-warranties-and-insurance,46,4.7,0,25,0,1e-09,0.0,
ordertracker,Ordertracker ‑ Track & Upsell,orders-and-shipping-orders-order-tracking,46,4.3,0,33,0,1e-09,0.0,
picture-it,Picture It: AR & Art Previews,store-design-images-and-media-image-gallery,46,4.8,0,5,0,1e-09,0.0,
product-options-addons,Aco ‑ Product Options & Addons,selling-products-custom-products-product-variants,46,5.0,0,35,0,1e-09,0.0,
products-review-app,ReviewXpo Product Reviews App,marketing-and-conversion-social-trust-product-reviews,46,4.9,0,49,0,1e-09,0.0,
promer-creative-studio,Promer AI Ads Creative/Meta Ad,marketing-and-conversion-advertising-ads,46,4.8,0,16,0,1e-09,0.0,
twitter-multi-pixels,"Omega Twitter Pixel,Conversion",marketing-and-conversion-advertising-ads,46,4.4,0,90,0,1e-09,0.0,
yagi-automatic-discount-helper,Yagi Automatic Discount Helper,marketing-and-conversion-promotions-discounts,46,5.0,0,85,0,1e-09,0.0,
betterdocs-knowledgebase,BetterDocs FAQ Knowledge Base,store-management-support-chat,45,4.9,0,18,0,1e-09,0.0,
clickpost-order-edit-cancel,CP: Order Editing & Upsells,marketing-and-conversion-upsell-and-bundles-upsell-and-cross-sell,45,5.0,0,7,0,1e-09,0.0,
fakturoid-invoices,Fakturoid • Integration,store-management-finances-accounting,45,5.0,0,19,0,1e-09,0.0,
growth-suite,Growth Suite Mystery Discounts,marketing-and-conversion-upsell-and-bundles-countdown-timer,45,5.0,0,13,0,1e-09,0.0,
lulu-direct,Lulu Direct,finding-products-sourcing-options-print-on-demand-pod,45,3.4,0,31,0,1e-09,0.0,
mahina-event-calendar,Mahina Event Calendar App,selling-products-digital-goods-and-services-event-booking,45,4.9,0,26,0,1e-09,0.0,
printout-designer,Printout Designer,orders-and-shipping-orders-invoices-and-receipts,45,4.9,0,86,0,1e-09,0.0,
simple-social-login,HIKO Social Login,store-management-security-accounts-and-login,45,4.5,0,47,0,1e-09,0.0,
variantify,Show variants ‑ Variantify,store-design-product-display-collections,45,5.0,0,8,0,1e-09,0.0,
banner-slider,SmartBN: Banner Slider,store-design-images-and-media-image-gallery,44,3.4,0,80,0,1e-09,0.0,
clearsale,ClearSale Fraud Protection,store-management-security-fraud,44,3.8,0,55,0,1e-09,0.0,
cod-order-confirmation-1,Cashfree CODFIRM,selling-products-payments-pay-later,44,4.4,0,12,0,1e-09,0.0,
dc-preorders,DC | Customer Order Limits,marketing-and-conversion-upsell-and-bundles-pre-orders,44,4.8,0,15,0,1e-09,0.0,
fancy-product-design,Fancy Product Designer,selling-products-custom-products-product-variants,44,4.8,0,66,0,1e-09,0.0,
free-shipping-bar-by-bear,Free Shipping Bear,store-design-notifications-banners,44,4.8,0,91,0,1e-09,0.0,
invoicify,Invoicify ‑ Automatic Invoices,orders-and-shipping-orders-invoices-and-receipts,44,4.9,0,83,0,1e-09,0.0,
omnivore,Omnivore for Marketplaces,sales-channels-selling-online-marketplaces,44,4.2,0,45,0,1e-09,0.0,
pal,"PAL ‑ Gift Wrap, Gift Note",marketing-and-conversion-upsell-and-bundles-upsell-and-cross-sell,44,4.9,0,75,0,1e-09,0.0,
selling-point-gift-card-migrations,Selling Point,marketing-and-conversion-gifts-gift-cards,44,5.0,0,11,0,1e-09,0.0,
vendor-payout,Vendor Payout ‑ Consignment,store-management-operations-workflow-automation,44,4.9,0,46,0,1e-09,0.0,
4seller,4Seller: Order & Inventory,orders-and-shipping-shipping-solutions-shipping,43,5.0,0,1,0,1e-09,0.0,
address-ninja,Address Validation Ninja,orders-and-shipping-shipping-solutions-delivery-and-pickup,43,4.9,0,24,0,1e-09,0.0,
asklayer,Asklayer Survey & NPS for pros,store-management-support-surveys,43,4.9,0,25,0,1e-09,0.0,
boo-eu-withdrawal-button,BOO EU Withdrawal Button,store-management-security-legal,43,4.9,0,14,0,1e-09,0.0,
boxtal,Boxtal ‑ Shipping solution,orders-and-shipping-shipping-solutions-shipping,43,4.4,0,37,0,1e-09,0.0,
custom-pricing-shipping,Discount Depot,finding-products-sourcing-options-wholesale,43,5.0,0,50,0,1e-09,0.0,
discount-genie,Discount Genie,selling-products-pricing-pricing-optimization,43,4.9,0,40,0,1e-09,0.0,
easy-points,easyPoints,marketing-and-conversion-customer-loyalty-loyalty-and-rewards,43,4.2,0,46,0,1e-09,0.0,
easyreviews,EasyReviews ‑ Product Reviews,marketing-and-conversion-social-trust-product-reviews,43,4.7,0,45,0,1e-09,0.0,
firework,Firework Shoppable Video & UGC,store-design-images-and-media-video-and-livestream,43,5.0,0,32,0,1e-09,0.0,
inpost-paczkomaty-1,InPost Paczkomaty Orlen Paczka,orders-and-shipping-shipping-solutions-delivery-and-pickup,43,4.7,0,17,0,1e-09,0.0,
measurement-price-calculator,Ex Custom Price Calculator,selling-products-pricing-pricing-quotes,43,4.6,0,32,0,1e-09,0.0,
merchbees-inventory-value,Merchbees Inventory Value,store-management-finances-accounting,43,4.9,0,74,0,1e-09,0.0,
orderlogic,OrderLogic ‑ Min & Max Limits,marketing-and-conversion-checkout-order-limits,43,4.1,0,45,0,1e-09,0.0,
sourcinbox,SourcinBox‑Dropshipping Agent,finding-products-sourcing-options-dropshipping,43,5.0,0,40,0,1e-09,0.0,
time-tracker,PTT: POS Time Tracker,store-management-finances-accounting,43,4.8,0,7,0,1e-09,0.0,
xflow,XFlow Back in Stock Alert,marketing-and-conversion-marketing-email-marketing,43,5.0,0,11,0,1e-09,0.0,
xpert-importer,PRO Importer For Amazon,sales-channels-selling-online-store-data-importer,43,4.5,0,72,0,1e-09,0.0,
bestapper-mergify,"Mergify: Combine, Merge Orders",orders-and-shipping-orders-order-editing,42,4.5,0,6,0,1e-09,0.0,
careers-page-pro,Careers Page Pro,store-design-notifications-forms,42,4.3,0,47,0,1e-09,0.0,
cartlytics,Cartlytics ‑ Cart Analytics,store-management-operations-analytics,42,4.9,0,13,0,1e-09,0.0,
channel-talk,Channel Sales Chat Bot CRM,store-management-support-helpdesk,42,4.8,0,35,0,1e-09,0.0,
codify-order-cancel,Codify ‑ Order Cancel,orders-and-shipping-orders-order-editing,42,4.0,0,10,0,1e-09,0.0,
depict,Supergrid Collections ‑ Depict,store-design-product-display-collections,42,4.5,0,12,0,1e-09,0.0,
event-ticketing,GM Event Ticketing,selling-products-digital-goods-and-services-event-booking,42,4.9,0,18,0,1e-09,0.0,
flash-downloads,Digital Downloads PDF Flash,selling-products-digital-goods-and-services-digital-products,42,5.0,0,18,0,1e-09,0.0,
ilm-size-chart,ILM Size Chart & Size Guide,selling-products-custom-products-product-variants,42,4.9,0,19,0,1e-09,0.0,
improved-contact-form,AWIO Improved Contact Form,store-design-notifications-forms,42,4.6,0,41,0,1e-09,0.0,
lumise-product-design-tool,Lumise ‑ POD Product Designer,selling-products-custom-products-custom-file-upload,42,3.7,0,68,0,1e-09,0.0,
now-in-stock-3,Mst: Preorder + Back in stock,marketing-and-conversion-upsell-and-bundles-pre-orders,42,4.4,0,48,0,1e-09,0.0,
sales-countup,Sales CountUp,marketing-and-conversion-upsell-and-bundles-stock-alerts,42,5.0,0,74,0,1e-09,0.0,
dropmagic-ai,Dropmagic: AI Store Builder,store-design-storefronts-page-builder,41,4.8,0,31,0,1e-09,0.0,
easy-shipping-protection,Easy Shipping Protection,orders-and-shipping-orders-order-tracking,41,5.0,0,2,0,1e-09,0.0,
embed-contact-form,ECF: Contact Form Builder,store-design-notifications-forms,41,4.9,0,28,0,1e-09,0.0,
ff-factures-france-rapports,FF: Factures Client en France,store-management-finances-taxes,41,5.0,0,5,0,1e-09,0.0,
guarantees-features-icons,GA:Ultimate Trust Badges+Icons,store-design-design-elements-badges-and-icons,41,5.0,0,66,0,1e-09,0.0,
ia-announcement-bar,Oxify Announcement Bar,store-design-notifications-banners,41,4.9,0,12,0,1e-09,0.0,
insureshield,InsureShield & CommerceShield,orders-and-shipping-returns-and-warranty-warranties-and-insurance,41,3.8,0,31,0,1e-09,0.0,
livechat,LiveChat: AI live chat by Text,store-management-support-chat,41,4.4,0,37,0,1e-09,0.0,
lockpro-b2b-access-control,LockPro: Password Protect Lock,store-management-security-accounts-and-login,41,4.9,0,4,0,1e-09,0.0,
metorik,Metorik: Analytics & Reports,marketing-and-conversion-marketing-email-marketing,41,5.0,0,50,0,1e-09,0.0,
packeta,ShipD Labels & Pickup points,orders-and-shipping-shipping-solutions-delivery-and-pickup,41,5.0,0,23,0,1e-09,0.0,
post-to-xero,Hyve ‑ Post to Xero,store-management-finances-accounting,41,5.0,0,8,0,1e-09,0.0,
shiprocket-smart-cart,Fastrr Cart,marketing-and-conversion-checkout-cart-customization,41,5.0,0,33,0,1e-09,0.0,
build-a-gang-sheet,Drip Apps: Build a Gang Sheet,selling-products-custom-products-custom-file-upload,40,4.2,0,24,0,1e-09,0.0,
code-bulk,Code Bulk Discounts,marketing-and-conversion-promotions-discounts,40,4.9,0,39,0,1e-09,0.0,
contribe,Contribe,marketing-and-conversion-customer-loyalty-donations,40,4.8,0,7,0,1e-09,0.0,
easydisplay-product-showcase,"EasyBoost:Carousel, Collection",store-design-product-display-collections,40,5.0,0,19,0,1e-09,0.0,
easygls,GLS Shipping | easyGLS,orders-and-shipping-orders-invoices-and-receipts,40,4.7,0,63,0,1e-09,0.0,
flowmail,WorkflowMail,store-management-operations-workflow-automation,40,5.0,0,4,0,1e-09,0.0,
freshly,Freshly Batch Inventory,orders-and-shipping-inventory-inventory-optimization,40,4.9,0,39,0,1e-09,0.0,
ga-social-media-icons,Social Bar: Social Media Icons,store-design-design-elements-badges-and-icons,40,4.8,0,16,0,1e-09,0.0,
get-a-quote-by-gs,"D: Request a Quote, Hide Price",store-design-notifications-forms,40,3.8,0,64,0,1e-09,0.0,
linkmybooks,Link My Books for Xero & QBO,store-management-operations-analytics,40,4.8,0,17,0,1e-09,0.0,
nabu-redirect-manager,404/301 URL Redirects by Nabu,store-design-site-optimization-seo,40,4.7,0,38,0,1e-09,0.0,
reputon-tiktok-gallery,TikTok Feed ‑ Shoppable Videos,store-design-images-and-media-video-and-livestream,40,4.9,0,11,0,1e-09,0.0,
shopify-counter,Shopify Counter,orders-and-shipping-orders-order-tracking,40,2.1,0,22,0,1e-09,0.0,
sihi-dropshipping-fulfillment,SIHI Dropshipping Fulfillment,finding-products-sourcing-options-dropshipping,40,4.3,0,20,0,1e-09,0.0,
tax-exemption,VAT/ TAX Exemption & invoices,store-management-finances-taxes,40,4.9,0,12,0,1e-09,0.0,
universal-courier-pakistan,Universal Courier Pakistan,orders-and-shipping-shipping-solutions-shipping,40,5.0,0,21,0,1e-09,0.0,
vicify-pre-order,Vicify Preorder now & Presale,marketing-and-conversion-upsell-and-bundles-pre-orders,40,5.0,0,12,0,1e-09,0.0,
wi-add-to-cart-prod,Wi Buy Now: Sticky Add to Cart,marketing-and-conversion-checkout-cart-customization,40,5.0,0,18,0,1e-09,0.0,
advanced-registration,Talon Advanced Registration,store-design-notifications-forms,39,4.9,0,50,0,1e-09,0.0,
age-verification-popup,Smart Age Verification Popup,store-design-notifications-pop-ups,39,4.8,0,16,0,1e-09,0.0,
brandsgateway-app,BrandsGateway‑Fashion Dropship,finding-products-sourcing-options-dropshipping,39,4.3,0,71,0,1e-09,0.0,
branvas,Branvas Private Label Jewelry,finding-products-sourcing-options-dropshipping,39,5.0,0,16,0,1e-09,0.0,
catalogly,Catalogly ‑ PDF Catalog Maker,store-design-images-and-media-image-gallery,39,4.6,0,15,0,1e-09,0.0,
chargeblast,Chargeblast: Block Chargebacks,store-management-security-fraud,39,4.8,0,6,0,1e-09,0.0,
countdownultimate,KILATECH Countdown Timer,marketing-and-conversion-upsell-and-bundles-countdown-timer,39,5.0,0,32,0,1e-09,0.0,
currency-converter-master,Currency Converter ‑ Multicoin,store-design-internationalization-currency-and-translation,39,4.1,0,55,0,1e-09,0.0,
discount-pop-up,Pop Up Discount by MITS,store-design-notifications-pop-ups,39,4.9,0,58,0,1e-09,0.0,
event-calendar-app,Event Calendar: Tickets & RSVP,selling-products-digital-goods-and-services-event-booking,39,4.7,0,34,0,1e-09,0.0,
image-alt-text-optimizer,AltGenius: Alt Text Optimizer,store-design-site-optimization-accessibility,39,4.8,0,32,0,1e-09,0.0,
ot-easy-instagram-feed,"OT: Instagram Feed, Instafeed",store-design-images-and-media-image-gallery,39,4.7,0,34,0,1e-09,0.0,
partnrup-shoppable-video-creator-ugc,partnrUP: Shoppable Video UGC,store-design-images-and-media-video-and-livestream,39,5.0,0,31,0,1e-09,0.0,
pixelfy-facebook-pixels,Pixelfy: Multi Facebook Pixels,marketing-and-conversion-advertising-ads,39,3.9,0,38,0,1e-09,0.0,
popspin,PopSpin ‑ Spin Wheel Popup,store-design-notifications-pop-ups,39,5.0,0,31,0,1e-09,0.0,
product-images-gallery-slider,Generate images AI Images,store-design-images-and-media-image-gallery,39,4.9,0,81,0,1e-09,0.0,
product-samples,Product Samples by Luke,selling-products-pricing-pricing-quotes,39,5.0,0,57,0,1e-09,0.0,
put-it-on-lay-buy,Layaway Control Panel,selling-products-payments-payment-experience,39,4.6,0,18,0,1e-09,0.0,
quantity-break,PriceBazi: Volume Discount,selling-products-pricing-pricing-optimization,39,4.9,0,66,0,1e-09,0.0,
sell-products-by-weight,Filljoy Sell by Weight for POS,sales-channels-selling-in-person-retail,39,4.6,0,23,0,1e-09,0.0,
spec-compare,Bear Specs & Compare,store-design-product-display-product-comparison,39,5.0,0,17,0,1e-09,0.0,
sticky-social-media-icons-bar,B:Instagram Social Media Icons,store-design-design-elements-badges-and-icons,39,4.7,0,41,0,1e-09,0.0,
swipeup,SwipeUp Shoppable Videos Reels,store-design-images-and-media-video-and-livestream,39,4.9,0,28,0,1e-09,0.0,
sync-master,Products Sync Master,store-management-operations-bulk-editor,39,4.9,0,42,0,1e-09,0.0,
terms-and-conditions-pro,Terms and Conditions Check Box,store-management-security-legal,39,4.8,0,26,0,1e-09,0.0,
xboost-trust-badges,XB: Trust Badges & Trust Icons,store-design-design-elements-badges-and-icons,39,5.0,0,17,0,1e-09,0.0,
99minds-gift-card-loyalty-referral,99minds Gift Card & Loyalty,marketing-and-conversion-gifts-gift-cards,38,4.6,0,10,0,1e-09,0.0,
accessibility-assistant,Accessibility Assistant : ADA,store-design-site-optimization-accessibility,38,4.8,0,14,0,1e-09,0.0,
boomgate,BoomGate: Checkout Validation,marketing-and-conversion-checkout-cart-customization,38,5.0,0,7,0,1e-09,0.0,
cali-event-calendar,Calee: Events Calendar Widget,selling-products-digital-goods-and-services-event-booking,38,4.7,0,13,0,1e-09,0.0,
cart-persistify,Persistent Cart ‑ Sync Devices,marketing-and-conversion-marketing-abandoned-cart,38,4.9,0,27,0,1e-09,0.0,
e-stebdal,E‑stebdal Returns & Exchanges,orders-and-shipping-returns-and-warranty-returns-and-exchanges,38,5.0,0,24,0,1e-09,0.0,
hue-cart-drawer-cart-upsell,HUE Cart Drawer,marketing-and-conversion-checkout-cart-customization,38,5.0,0,73,0,1e-09,0.0,
llms-txt-agent,LLMS.txt Agent: AI SEO Traffic,store-design-site-optimization-seo,38,5.0,0,27,0,1e-09,0.0,
login-with-phone-number,Ex OTP Login with Phone Number,store-management-security-accounts-and-login,38,5.0,0,23,0,1e-09,0.0,
mbc-bundle-builder,MBC Bundle Builder BYOB,marketing-and-conversion-upsell-and-bundles-product-bundles,38,4.8,0,93,0,1e-09,0.0,
primy-form-builder,Primy Contact Form File Upload,store-design-notifications-forms,38,4.9,0,9,0,1e-09,0.0,
schema-breadcrumbs,Schema & Breadcrumbs by Bogdan,store-design-search-and-navigation-navigation-and-menus,38,4.6,0,36,0,1e-09,0.0,
shogard,Shogard: Security IP Bot Block,store-management-security-anti-theft,38,4.7,0,5,0,1e-09,0.0,
sternify,Sternify ‑ Bundles & Sections,store-design-storefronts-page-builder,38,5.0,0,28,0,1e-09,0.0,
subscription-recurring-pay,TA Subscriptions App,selling-products-payments-subscriptions,38,5.0,0,18,0,1e-09,0.0,
sup-dropshipping-2,Sup Dropshipping,finding-products-sourcing-options-dropshipping,38,5.0,0,70,0,1e-09,0.0,
teemill,Teemill: Eco Print on Demand,finding-products-sourcing-options-print-on-demand-pod,38,4.0,0,79,0,1e-09,0.0,
titan,Titan ‑ AI Store Builder,store-design-storefronts-page-builder,38,4.7,0,38,0,1e-09,0.0,
whatflow-official-api,WhatFlow WhatsApp Business API,store-management-support-chat,38,5.0,0,9,0,1e-09,0.0,
wholesale-bear,Wholesale Bear ‑ Bulk Discount,selling-products-pricing-pricing-optimization,38,4.4,0,80,0,1e-09,0.0,
yanet-back-in-stock,Yanet: Back in stock alerts,marketing-and-conversion-upsell-and-bundles-stock-alerts,38,4.5,0,54,0,1e-09,0.0,
badge-icon-badges,Goat ‑ Trust Badges and Icons,store-design-design-elements-badges-and-icons,37,5.0,0,69,0,1e-09,0.0,
bulk-price-edit-springify,Springify: Bulk Price Editor,store-management-operations-bulk-editor,37,4.8,0,28,0,1e-09,0.0,
channable,Channable,sales-channels-selling-online-product-feeds,37,3.9,0,21,0,1e-09,0.0,
checkbox-assistant,Checkbox Assistant: Terms Box,store-management-security-legal,37,5.0,0,11,0,1e-09,0.0,
cozy-video-gallery,Cozy YouTube Videos Gallery,store-design-images-and-media-video-and-livestream,37,4.8,0,89,0,1e-09,0.0,
dropshipper-ai,AI Dropshipping:US|EU Dropship,finding-products-sourcing-options-print-on-demand-pod,37,4.3,0,83,0,1e-09,0.0,
events-calendar,InlightLabs ‑ Events Calendar,selling-products-digital-goods-and-services-event-booking,37,4.6,0,25,0,1e-09,0.0,
exemptify,Exemptify,store-management-finances-taxes,37,4.1,0,35,0,1e-09,0.0,
fiidomds,FD AliExpress Dropshipping POD,finding-products-sourcing-options-dropshipping,37,4.5,0,25,0,1e-09,0.0,
form-builder-by-evm,EM Form Builder,store-design-notifications-forms,37,4.7,0,36,0,1e-09,0.0,
instaindex,InstaIndex: IndexNow & AI SEO,store-design-site-optimization-seo,37,4.8,0,33,0,1e-09,0.0,
kaktus-pop-up,K:Pop Up Discount+Coupon Codes,store-design-notifications-pop-ups,37,5.0,0,71,0,1e-09,0.0,
mini-vacation-mode,Restock Alert & Waitlist ‑Mini,marketing-and-conversion-upsell-and-bundles-stock-alerts,37,4.6,0,18,0,1e-09,0.0,
nitro-lookbook-gallery,Nitro Lookbook & Image Gallery,store-design-images-and-media-image-gallery,37,5.0,0,48,0,1e-09,0.0,
octolize-postcode-shipping,Shipping Rates Rules & Zones,orders-and-shipping-shipping-solutions-shipping-rates,37,4.9,0,16,0,1e-09,0.0,
skydropx-pro,Skydropx Envíos y Fulfillment,orders-and-shipping-shipping-solutions-shipping-rates,37,4.9,0,15,0,1e-09,0.0,
smart-product-descriptions,T2 Product Description Icons,store-design-design-elements-badges-and-icons,37,5.0,0,81,0,1e-09,0.0,
socialplus,CRM PLUS on LINE,store-management-security-accounts-and-login,37,5.0,0,15,0,1e-09,0.0,
stockyphi,Hide Sold Out by Stockyphi,marketing-and-conversion-upsell-and-bundles-stock-alerts,37,4.7,0,61,0,1e-09,0.0,
uncomplicated-categories,Categories Uncomplicated,store-design-search-and-navigation-navigation-and-menus,37,4.9,0,11,0,1e-09,0.0,
wallet-management,Webkul Wallet Management,marketing-and-conversion-customer-loyalty-loyalty-and-rewards,37,4.6,0,55,0,1e-09,0.0,
weshop-ai-1,WeShop AI: E‑com Photo & Video,store-design-images-and-media-image-editor,37,4.7,0,70,0,1e-09,0.0,
xo-scroll-to-top,XO Scroll to Top,store-design-search-and-navigation-navigation-and-menus,37,4.9,0,31,0,1e-09,0.0,
zon-staff-management,POS Clock In ‑Staff Management,store-management-operations-staff-notifications,37,4.9,0,2,0,1e-09,0.0,
bitmeli-import-products-from-mercado-libre,Bitmeli ML,sales-channels-selling-online-store-data-importer,36,4.7,0,38,0,1e-09,0.0,
cancellable,Yagi Order Cancellable,orders-and-shipping-orders-order-editing,36,5.0,0,37,0,1e-09,0.0,
cloneify-copy-products,Kopy‑fy Import & Copy Products,finding-products-sourcing-options-dropshipping,36,5.0,0,8,0,1e-09,0.0,
donate-source,Donate Source ‑ Charity Widget,marketing-and-conversion-customer-loyalty-donations,36,4.2,0,27,0,1e-09,0.0,
dondo-ai,DONDO: AI AEO + SEO + Images,store-design-content-product-content,36,4.7,0,9,0,1e-09,0.0,
ecologi,Ecologi: Plant Trees per Sale,marketing-and-conversion-customer-loyalty-donations,36,4.8,0,4,0,1e-09,0.0,
gift-pro-free-gifts-auto-add-to-cart,GP Auto Add to Cart FREE Gifts,marketing-and-conversion-checkout-cart-customization,36,5.0,0,25,0,1e-09,0.0,
kwik-cart-slide-cart-drawer,GoKwik Cart Drawer & Upsell,marketing-and-conversion-checkout-cart-customization,36,5.0,0,37,0,1e-09,0.0,
mydesigns-io,MyDesigns: Print on Demand,finding-products-sourcing-options-print-on-demand-pod,36,5.0,0,44,0,1e-09,0.0,
picmanager-image-uploader,PicManager Bulk Image Upload,store-design-images-and-media-image-editor,36,4.6,0,11,0,1e-09,0.0,
pixi-order-printer,Pixi Order Printer PDF Invoice,store-management-operations-workflow-automation,36,5.0,0,23,0,1e-09,0.0,
powr-faq,POWR: FAQ Page | Help Center,store-management-support-faq,36,4.5,0,22,0,1e-09,0.0,
ruffruff-pre-orders,RuffRuff 予約販売｜期間限定セールも会員限定販売も,marketing-and-conversion-upsell-and-bundles-pre-orders,36,4.9,0,23,0,1e-09,0.0,
seo-page-optimizer,MetaMaster: AI SEO Optimizer,store-design-site-optimization-seo,36,4.9,0,36,0,1e-09,0.0,
shipping-protection,ShipProtect ShippingProtection,orders-and-shipping-returns-and-warranty-warranties-and-insurance,36,4.2,0,30,0,1e-09,0.0,
ticket-spot,Ticket Spot ‑ Event Ticketing,selling-products-digital-goods-and-services-event-booking,36,5.0,0,14,0,1e-09,0.0,
add-upsell-cross-sell,Libautech: Bundles & Upsell,marketing-and-conversion-upsell-and-bundles-product-bundles,35,4.7,0,78,0,1e-09,0.0,
algolia-search,Algolia AI Search & Discovery,store-design-search-and-navigation-search-and-filters,35,3.5,0,26,0,1e-09,0.0,
annify-announcement-bar,Annify Announcement Bar,store-design-notifications-banners,35,4.7,0,28,0,1e-09,0.0,
exportyourstore,ExportYourStore: AI Cross‑List,sales-channels-selling-online-marketplaces,35,4.2,0,78,0,1e-09,0.0,
genlook-virtual-try-on,GenLook: AI Virtual Try On,store-design-images-and-media-3d-ar-vr,35,5.0,0,1,0,1e-09,0.0,
inflowkit-2,Inflowkit Courses & Membership,selling-products-payments-subscriptions,35,4.2,0,36,0,1e-09,0.0,
kedra-ai-index,Kedra AI Index: AEO Visibility,store-design-site-optimization-seo,35,4.8,0,54,0,1e-09,0.0,
mobile-app-builder-by-magecomp,MageComp Mobile App Builder,store-design-storefronts-mobile-app-builder,35,5.0,0,9,0,1e-09,0.0,
multi-store-locator,MSL: Store Locators,sales-channels-selling-in-person-store-locator,35,4.6,0,20,0,1e-09,0.0,
peel-insights,Peel: Retention Analytics,marketing-and-conversion-advertising-ads,35,5.0,0,74,0,1e-09,0.0,
prescription-eye-contact-lens,SB Prescription Lens,selling-products-custom-products-product-variants,35,5.0,0,15,0,1e-09,0.0,
quiqr-codes-1,QuiQR Codes: QR Code Generator,sales-channels-selling-in-person-retail,35,4.9,0,6,0,1e-09,0.0,
retail-ready-photos-by-pixc,Pixc: AI Image Editing,store-design-images-and-media-image-editor,35,4.7,0,78,0,1e-09,0.0,
rewardify,Rewardify Credit & Loyalty,marketing-and-conversion-customer-loyalty-loyalty-and-rewards,35,4.3,0,81,0,1e-09,0.0,
server-gtm,Stape Conversion Tracking,store-management-operations-analytics,35,4.3,0,24,0,1e-09,0.0,
shipoff-shipping-discount,Shipoff: Shipping Offer,orders-and-shipping-shipping-solutions-shipping-rates,35,5.0,0,49,0,1e-09,0.0,
shipping-availability-checker,Zipcode Checker ‑ Zipprover,orders-and-shipping-shipping-solutions-delivery-and-pickup,35,5.0,0,45,0,1e-09,0.0,
shopcodes,Shopcodes,sales-channels-selling-in-person-retail,35,2.7,0,15,0,1e-09,0.0,
simicart-mobile-app-builder,SimiCart ‑ Mobile App Builder,store-design-storefronts-mobile-app-builder,35,4.3,0,6,0,1e-09,0.0,
simple-sitemap-1,SM Hide Payment Shipping Rules,marketing-and-conversion-checkout-cart-customization,35,4.8,0,48,0,1e-09,0.0,
splitorder,SplitOrder,orders-and-shipping-orders-order-editing,35,3.7,0,52,0,1e-09,0.0,
storeimporter,AppsByB: WooCommerce Importer,sales-channels-selling-online-store-data-importer,35,4.9,0,29,0,1e-09,0.0,
storelab,StoreLab ‑ Mobile App Builder,store-design-storefronts-mobile-app-builder,35,5.0,0,40,0,1e-09,0.0,
theme-sections-ai-pages,Theme Sections & Page Builder,store-design-storefronts-page-builder,35,5.0,0,5,0,1e-09,0.0,
wishlist-power,Wishlist Power,marketing-and-conversion-customer-loyalty-wishlists,35,5.0,0,9,0,1e-09,0.0,
afluencer,Afluencer Influencer Collabs,marketing-and-conversion-advertising-affiliate-programs,34,4.7,0,28,0,1e-09,0.0,
amazon-easy-tool,ToolE Amazon Easy Sync,sales-channels-selling-online-marketplaces,34,4.4,0,31,0,1e-09,0.0,
atomic-pos-sell-by-weight,Measura: Sell by Weight & More,sales-channels-selling-in-person-retail,34,5.0,0,16,0,1e-09,0.0,
auto-schedule,JD Auto Schedule,store-management-operations-bulk-editor,34,4.7,0,25,0,1e-09,0.0,
awtomic,Awtomic Subscriptions,selling-products-payments-subscriptions,34,5.0,0,64,0,1e-09,0.0,
brand-page,Brand Page Pro A‑Z Brands List,store-design-search-and-navigation-navigation-and-menus,34,4.6,0,17,0,1e-09,0.0,
by-enzuzo,Enzuzo Data Privacy,store-design-internationalization-cookie-consent,34,3.5,0,24,0,1e-09,0.0,
collection-sort-ouiteo,OT | Collection Sort & Manage,store-design-product-display-collections,34,4.9,0,25,0,1e-09,0.0,
daily-deal-sales-discounts,FlashX: Bulk Price Editor,store-management-operations-bulk-editor,34,4.1,0,62,0,1e-09,0.0,
dialog-ai-sales-assistant,Dialog ‑ AI Personal Shopper,store-management-support-chat,34,5.0,0,43,0,1e-09,0.0,
digitally-digital-products,Digitally ‑ Digital Products,selling-products-digital-goods-and-services-digital-products,34,4.8,0,30,0,1e-09,0.0,
fit-quiz,Fit Quiz: Size Recommender,store-design-product-display-product-comparison,34,4.4,0,21,0,1e-09,0.0,
fulfillrite-order-fulfillment,Fulfillrite Order Fulfillment,orders-and-shipping-shipping-solutions-third-party-logistics-3pl,34,5.0,0,29,0,1e-09,0.0,
k-amazon-reviews,K: Amazon Reviews Importer,marketing-and-conversion-social-trust-product-reviews,34,4.9,0,38,0,1e-09,0.0,
magical-vacation-mode,Magical Vacation Mode,store-design-notifications-pop-ups,34,4.8,0,17,0,1e-09,0.0,
mrpeasy-manufacturing-system,MRPeasy Manufacturing ERP,orders-and-shipping-inventory-erp,34,4.6,0,18,0,1e-09,0.0,
multivendor-marketplace,Garnet Multivendor Marketplace,finding-products-sourcing-options-dropshipping,34,4.9,0,59,0,1e-09,0.0,
progress-bar-shipping-gift,Kai Progress bar & Free Gift,marketing-and-conversion-promotions-discounts,34,5.0,0,38,0,1e-09,0.0,
relocate-address-editor,Relocate+ Address Editing,store-management-support-helpdesk,34,5.0,0,24,0,1e-09,0.0,
shiptection,ShipTection,orders-and-shipping-returns-and-warranty-warranties-and-insurance,34,4.7,0,15,0,1e-09,0.0,
speedy-google-shopping-feed,SPD: Google Feed & Ads Doctor,sales-channels-selling-online-product-feeds,34,4.9,0,11,0,1e-09,0.0,
supercart-1,Supercart,orders-and-shipping-returns-and-warranty-warranties-and-insurance,34,5.0,0,18,0,1e-09,0.0,
swym-registry,Swym Gift Lists and Registries,marketing-and-conversion-customer-loyalty-wishlists,34,4.6,0,32,0,1e-09,0.0,
trackr,Trackr: Order Tracking UpSell,orders-and-shipping-orders-order-tracking,34,3.8,0,60,0,1e-09,0.0,
wizzy-search-filters,Wizzy AI Search & Filter,store-design-search-and-navigation-search-and-filters,34,4.8,0,28,0,1e-09,0.0,
zing-loyalty-program-rewards,Zing Loyalty Program & Rewards,marketing-and-conversion-customer-loyalty-loyalty-and-rewards,34,5.0,0,43,0,1e-09,0.0,
adtrace-facebook-pixel-conversion-api,CAPI Facebook Pixel Meta API,marketing-and-conversion-advertising-ads,33,2.8,0,78,0,1e-09,0.0,
advance-store-locator,AW Store Locator,sales-channels-selling-in-person-store-locator,33,5.0,0,35,0,1e-09,0.0,
bulk-delete-products,CS ‑ Bulk Delete Products,store-management-operations-bulk-editor,33,5.0,0,24,0,1e-09,0.0,
cartify-9,Cartify Ai cart upsells,marketing-and-conversion-checkout-cart-customization,33,5.0,0,56,0,1e-09,0.0,
category-breadcrumbs-uncomplicated,Breadcrumbs Uncomplicated,store-design-search-and-navigation-navigation-and-menus,33,4.8,0,23,0,1e-09,0.0,
combined-listings,Shopify Combined Listings,selling-products-custom-products-product-variants,33,3.6,0,45,0,1e-09,0.0,
customer-account-deluxe,Customer Accounts Deluxe,store-management-security-accounts-and-login,33,4.1,0,18,0,1e-09,0.0,
donatemate,DonateMate,marketing-and-conversion-customer-loyalty-donations,33,4.2,0,5,0,1e-09,0.0,
etsy-import-and-sync-by-sp,SP Etsy Importer & Sync,sales-channels-selling-online-store-data-importer,33,4.9,0,36,0,1e-09,0.0,
lavar,LV Product Badges & Size Chart,store-design-design-elements-badges-and-icons,33,4.7,0,9,0,1e-09,0.0,
lensadvizor,LensAdvisor: Prescription Lens,selling-products-custom-products-product-variants,33,5.0,0,23,0,1e-09,0.0,
lexoffice,Lexware Office+ (lexoffice),store-management-finances-accounting,33,4.8,0,16,0,1e-09,0.0,
multi-currency-converter,Hextom: Currency Converter,store-design-internationalization-currency-and-translation,33,4.8,0,31,0,1e-09,0.0,
notifications,Notifications by Modd Apps,store-management-operations-staff-notifications,33,5.0,0,17,0,1e-09,0.0,
postship-survey,InstaVid Shoppable Videos+Reel,store-design-images-and-media-video-and-livestream,33,4.8,0,59,0,1e-09,0.0,
riskified,Riskified,store-management-security-fraud,33,4.8,0,38,0,1e-09,0.0,
robo-product-importer,Robo Product Importer,store-design-content-product-content,33,4.0,0,33,0,1e-09,0.0,
smoothie-brands-page,Brands Page Pro,store-design-search-and-navigation-navigation-and-menus,33,4.3,0,40,0,1e-09,0.0,
steppun-discount,Steppun Discount,selling-products-pricing-pricing-optimization,33,4.8,0,24,0,1e-09,0.0,
tiny-icons-and-badges,"T:Trust Badges, features Icons",store-design-design-elements-badges-and-icons,33,5.0,0,85,0,1e-09,0.0,
ymq-cart-drawer-cart-upsell,Ymq Cart Drawer & Cart Upsell,marketing-and-conversion-checkout-cart-customization,33,4.8,0,90,0,1e-09,0.0,
8returns,8returns Returns & Exchanges,orders-and-shipping-returns-and-warranty-returns-and-exchanges,32,5.0,0,34,0,1e-09,0.0,
absolutely,ABsolutely: A/B Testing,selling-products-pricing-pricing-optimization,32,5.0,0,17,0,1e-09,0.0,
add-external-links-button,AOD External Links Button,marketing-and-conversion-advertising-affiliate-programs,32,4.9,0,36,0,1e-09,0.0,
appmaker,Mobile App Builder ‑ AppMaker,store-design-storefronts-mobile-app-builder,32,4.9,0,14,0,1e-09,0.0,
artsadd,Artsadd: Print On Demand,finding-products-sourcing-options-print-on-demand-pod,32,4.2,0,48,0,1e-09,0.0,
bargain-make-an-offer,PriceMate – Make An Offer,selling-products-pricing-pricing-optimization,32,4.8,0,23,0,1e-09,0.0,
bloom-analytics,Bloom Profit Analytics,store-management-operations-analytics,32,5.0,0,34,0,1e-09,0.0,
cart-auto-update,PF: Sticky Add To Cart Bar,store-design-content-product-content,32,4.4,0,10,0,1e-09,0.0,
ecombe-page-builder,Ecombe ‑ Landing Page Builder,store-design-storefronts-page-builder,32,5.0,0,25,0,1e-09,0.0,
ethos,"ethos: Loyalty, Referrals, UGC",marketing-and-conversion-customer-loyalty-loyalty-and-rewards,32,5.0,0,40,0,1e-09,0.0,
free-gift-upsell,HUE Free Gifts Upsell,marketing-and-conversion-promotions-discounts,32,4.7,0,61,0,1e-09,0.0,
gdpr-cookie-notice,Hulk GDPR Cookie Consent Bar,store-design-internationalization-cookie-consent,32,4.9,0,20,0,1e-09,0.0,
ia-cart-drawer-free-gifts,Oxify Cart Drawer & Upsells,marketing-and-conversion-checkout-cart-customization,32,5.0,0,36,0,1e-09,0.0,
k1-pre-order-manager,K1 PreOrder Now & Deposit,marketing-and-conversion-upsell-and-bundles-pre-orders,32,5.0,0,17,0,1e-09,0.0,
leat-loyalty-rewards,Leat: Loyalty & Marketing,marketing-and-conversion-customer-loyalty-loyalty-and-rewards,32,5.0,0,33,0,1e-09,0.0,
photo-gallery-lookbook,G: AI Slideshow: Photo Gallery,store-design-images-and-media-image-gallery,32,4.8,0,45,0,1e-09,0.0,
product-description-magic,Yodel: AI Product Descriptions,store-design-content-product-content,32,5.0,0,26,0,1e-09,0.0,
sellkit-digital-products,Sellkite Digital Downloads,selling-products-digital-goods-and-services-digital-products,32,5.0,0,41,0,1e-09,0.0,
size-chart-smart,Zify: Size Chart & Size Guide,store-design-product-display-product-comparison,32,4.7,0,44,0,1e-09,0.0,
whapi-whatsapp,Whapi: WhatsApp API Automation,store-management-operations-workflow-automation,32,4.9,0,6,0,1e-09,0.0,
whatsy-live-whatsapp-chat,Whatsy WhatsApp Abandoned Cart,marketing-and-conversion-marketing-abandoned-cart,32,4.9,0,61,0,1e-09,0.0,
wrong-address-checker,AddressGuard Address Validator,orders-and-shipping-shipping-solutions-delivery-and-pickup,32,5.0,0,20,0,1e-09,0.0,
accessify-web-accessibility,Ai Accessibility ‑ ADA & WCAG,store-management-security-legal,31,5.0,0,8,0,1e-09,0.0,
awin-advertiser-tracking,Awin ‑ Affiliate Marketing,marketing-and-conversion-advertising-affiliate-programs,31,2.0,0,23,0,1e-09,0.0,
background-image-remover,Pxl ‑ Photo Background Remover,store-design-images-and-media-image-editor,31,5.0,0,14,0,1e-09,0.0,
bulk-product-edits,Bulk Product Edit by MITS,store-management-operations-bulk-editor,31,4.5,0,51,0,1e-09,0.0,
collection-cart-button,Carty: Add To Cart Button,store-design-product-display-collections,31,4.2,0,30,0,1e-09,0.0,
country-blocker-1,BlockX Fraud & country Blocker,store-management-security-fraud,31,3.4,0,64,0,1e-09,0.0,
digital-downloads-2,Uplinkly Digital Downloads,selling-products-digital-goods-and-services-digital-products,31,4.9,0,40,0,1e-09,0.0,
edrone,"edrone: Email, SMS & WhatsApp",store-management-operations-analytics,31,4.7,0,35,0,1e-09,0.0,
ego-free-gift,Ego Free Gifts BOGO Upsell,marketing-and-conversion-promotions-discounts,31,5.0,0,42,0,1e-09,0.0,
every-possible-discount,Every Possible Discount,marketing-and-conversion-promotions-discounts,31,4.9,0,95,0,1e-09,0.0,
fondue-cashback-promotions,Fondue CashBack Promotions,marketing-and-conversion-gifts-gift-cards,31,5.0,0,29,0,1e-09,0.0,
ga-spin,Spin Wheel+Gamification+Games,store-design-notifications-pop-ups,31,4.9,0,82,0,1e-09,0.0,
hoppy-banners,"Hoppy Announcement Bar, Banner",store-design-notifications-banners,31,5.0,0,18,0,1e-09,0.0,
inventory-alerts,Stockbot Low Stock Alert,marketing-and-conversion-upsell-and-bundles-stock-alerts,31,4.9,0,80,0,1e-09,0.0,
kixxl,Kixxl: Gang Sheet Builder,selling-products-custom-products-custom-file-upload,31,4.8,0,14,0,1e-09,0.0,
magic-360,Magic 360,store-design-images-and-media-image-editor,31,4.6,0,61,0,1e-09,0.0,
ms-agree-terms-condition,Terms and Conditions Pro+,store-design-internationalization-cookie-consent,31,4.0,0,21,0,1e-09,0.0,
napps-builder,NAPPS Mobile App Builder,store-design-storefronts-mobile-app-builder,31,5.0,0,12,0,1e-09,0.0,
navidium-cart-and-upsells,Dynamatic Cart & Upsell Engine,marketing-and-conversion-checkout-cart-customization,31,5.0,0,71,0,1e-09,0.0,
opus-mobile-builder,Ego Mobile App Builder,store-design-storefronts-mobile-app-builder,31,5.0,0,3,0,1e-09,0.0,
pify-size-charts-size-guide,Pify Size Charts & Size Guides,store-design-product-display-product-comparison,31,5.0,0,4,0,1e-09,0.0,
product-upload,ProductUpload.ai Copy Products,finding-products-sourcing-options-dropshipping,31,4.8,0,2,0,1e-09,0.0,
progressify-me-1,Ampify PWA: Mobile App Builder,store-design-storefronts-mobile-app-builder,31,5.0,0,8,0,1e-09,0.0,
reeltok,Shoppable Videos UGC ‑ ReelTok,store-design-images-and-media-video-and-livestream,31,5.0,0,51,0,1e-09,0.0,
snap-preorder-backorder,Snap Preorder & Back In Stock,marketing-and-conversion-upsell-and-bundles-pre-orders,31,4.9,0,33,0,1e-09,0.0,
snap-price-design-icon,Snap Product Badges & Labels,store-design-design-elements-badges-and-icons,31,4.5,0,27,0,1e-09,0.0,
stocksmith-inventory-manufacturing,Stocksmith Inventory & Sync,orders-and-shipping-inventory-inventory-optimization,31,4.4,0,43,0,1e-09,0.0,
vouch,Vouch ‑ Ai Product Reviews,marketing-and-conversion-social-trust-product-reviews,31,5.0,0,41,0,1e-09,0.0,
zotasell-ai-smart-upsell-cross-sell,Zotasell: AI Upsell & Bundles,marketing-and-conversion-checkout-cart-customization,31,4.8,0,79,0,1e-09,0.0,
ai-models-and-product-photos,AI Models & Product Photos: ST,store-design-images-and-media-image-editor,30,4.7,0,25,0,1e-09,0.0,
appscenic,DropShipping AI ‑ AppScenic,store-design-content-product-content,30,3.3,0,41,0,1e-09,0.0,
appyantra,Mobile App Builder | appYantra,store-design-storefronts-mobile-app-builder,30,5.0,0,4,0,1e-09,0.0,
auction-plus,Treo · Auction Plus,selling-products-pricing-pricing-quotes,30,5.0,0,9,0,1e-09,0.0,
bing-seo-indexnow-for-bing,Bing SEO: IndexNow for Bing,store-design-site-optimization-seo,30,4.6,0,53,0,1e-09,0.0,
checkoutlinks,Checkout Links,store-design-storefronts-page-builder,30,5.0,0,12,0,1e-09,0.0,
circle-hand,Circle Hand for Consignment,orders-and-shipping-inventory-inventory-optimization,30,4.7,0,26,0,1e-09,0.0,
customix-product-personalizer,Customix Product Personalizer,finding-products-sourcing-options-print-on-demand-pod,30,4.8,0,6,0,1e-09,0.0,
duxecom-ai-sales-agent,Cueline AI Voice & Sales Agent,store-management-support-chat,30,5.0,0,45,0,1e-09,0.0,
easyorder,EasyOrder COD Form&Order form,selling-products-payments-pay-later,30,4.7,0,35,0,1e-09,0.0,
entafix-bulk-discount-code,Bulk Discount Code Generator,marketing-and-conversion-promotions-discounts,30,5.0,0,30,0,1e-09,0.0,
facturama,Facturama,orders-and-shipping-orders-invoices-and-receipts,30,4.1,0,78,0,1e-09,0.0,
fudge-agent,Fudge AI Page Builder + Editor,store-design-storefronts-page-builder,30,4.8,0,17,0,1e-09,0.0,
fulfil-retail-erp,Fulfil,orders-and-shipping-inventory-erp,30,4.9,0,14,0,1e-09,0.0,
gojiberry,Gojiberry Survey & Feedback,store-management-support-surveys,30,5.0,0,18,0,1e-09,0.0,
gsrdropshipping-2,GSRDropshipping,finding-products-sourcing-options-dropshipping,30,5.0,0,84,0,1e-09,0.0,
helvy-bexio-connector,bexio,orders-and-shipping-inventory-inventory-sync,30,4.3,0,22,0,1e-09,0.0,
influencer-marketing-for-shopify-by-grin,GRIN Influencer Marketing,marketing-and-conversion-advertising-affiliate-programs,30,4.1,0,63,0,1e-09,0.0,
jotform-ai-chatbot,Jotform AI Chatbot ‑ Live Chat,store-management-support-helpdesk,30,3.7,0,20,0,1e-09,0.0,
juo-subscriptions,Juo,selling-products-payments-subscriptions,30,5.0,0,28,0,1e-09,0.0,
launchpad,Launchpad,store-management-operations-workflow-automation,30,2.6,0,38,0,1e-09,0.0,
magefan-blog,SEO Blog Writer,store-design-content-blogs,30,4.2,0,20,0,1e-09,0.0,
magic-menu,Magic Menu & Stories,store-design-search-and-navigation-navigation-and-menus,30,4.8,0,50,0,1e-09,0.0,
military-discount,VerifyPass Community ID,store-management-operations-workflow-automation,30,5.0,0,73,0,1e-09,0.0,
mini-image-upload,Mini Image Upload: Photo File,selling-products-custom-products-custom-file-upload,30,5.0,0,19,0,1e-09,0.0,
mixtable,Mixtable Spreadsheet Editor,store-management-operations-bulk-editor,30,4.5,0,21,0,1e-09,0.0,
oo-b2b-wholesale,OO ‑ EU B2B & Wholesale,finding-products-sourcing-options-wholesale,30,5.0,0,33,0,1e-09,0.0,
photolock,Photolock,store-management-security-anti-theft,30,3.7,0,15,0,1e-09,0.0,
postnord-by-synka-1,PostNord by SYNKA+,orders-and-shipping-shipping-solutions-shipping-rates,30,4.6,0,75,0,1e-09,0.0,
product-ads-by-criteo,Criteo GO,marketing-and-conversion-advertising-ads,30,4.2,0,48,0,1e-09,0.0,
real-id,Real ID ‑ ID verification,store-management-security-fraud,30,4.9,0,32,0,1e-09,0.0,
recently-bought-sales-popup,SalesPush ‑ Sales Popup,marketing-and-conversion-upsell-and-bundles-countdown-timer,30,4.9,0,44,0,1e-09,0.0,
scheduled-delivery-time-lite,CC Delivery Date & Time,orders-and-shipping-shipping-solutions-delivery-and-pickup,30,4.5,0,58,0,1e-09,0.0,
splitify-variants-as-products,Splitify: Variants As Products,selling-products-custom-products-product-variants,30,4.9,0,83,0,1e-09,0.0,
store-locator-by-metizsoft,MSPL Store Locator,sales-channels-selling-in-person-store-locator,30,4.2,0,40,0,1e-09,0.0,
tax-selector,T‑Selector VAT Toggle & Exempt,selling-products-pricing-pricing-optimization,30,5.0,0,34,0,1e-09,0.0,
ushopaid,uShopAid ‑ Bundle Builder App,marketing-and-conversion-upsell-and-bundles-product-bundles,30,5.0,0,66,0,1e-09,0.0,
zoomy-shop-the-look,Shop the look ‑ Ace,marketing-and-conversion-upsell-and-bundles-product-bundles,30,5.0,0,95,0,1e-09,0.0,
ai-meta-tag-generator,SEO HERO AI Meta Tag Generator,store-management-operations-bulk-editor,29,5.0,0,32,0,1e-09,0.0,
chatiq-ai-chatbot,ChatIQ: AI Chatbot & Live Chat,store-management-support-faq,29,3.9,0,15,0,1e-09,0.0,
claspo,Claspo Email Pop Up Spin Wheel,store-design-notifications-pop-ups,29,4.9,0,22,0,1e-09,0.0,
custom-falling-effect,Imgify: Logo Slider Marquee,store-design-design-elements-animation-and-effects,29,5.0,0,5,0,1e-09,0.0,
easy-pixels,eρ ‑ Facebook Pixels & CAPI,marketing-and-conversion-advertising-ads,29,4.6,0,23,0,1e-09,0.0,
hosted-email,Hosted Email,store-management-support-helpdesk,29,4.2,0,31,0,1e-09,0.0,
instant-faq-help-center,"RT: Instant FAQ, Help Center",store-management-support-faq,29,4.9,0,16,0,1e-09,0.0,
isonomy-web-accessibility,Ai Web Accessibility ADA WCAG,store-management-security-legal,29,4.3,0,16,0,1e-09,0.0,
logistified,Logistified Inventory Planning,orders-and-shipping-inventory-inventory-optimization,29,5.0,0,11,0,1e-09,0.0,
m2e-sales-channels,M2E Multichannel Connect,sales-channels-selling-online-marketplaces,29,4.8,0,11,0,1e-09,0.0,
maps-by-develic,Omnium Maps,sales-channels-selling-in-person-store-locator,29,5.0,0,9,0,1e-09,0.0,
moneybird-1,Moneybird Bookkeeping,store-management-finances-taxes,29,4.0,0,19,0,1e-09,0.0,
netsuite-integration,NetSuite Integration ‑ TM,orders-and-shipping-inventory-erp,29,5.0,0,10,0,1e-09,0.0,
oh-breadcrumbs-categories,Breadcrumbs & Categories,store-design-site-optimization-seo,29,5.0,0,13,0,1e-09,0.0,
omni-hub,Omni Hub オムニチャネル会員連携アプリ,sales-channels-selling-in-person-retail,29,5.0,0,27,0,1e-09,0.0,
plusshipping,プラスシッピング | ヤマト・日本郵便・佐川を特別料金で配送,orders-and-shipping-shipping-solutions-shipping,29,3.5,0,94,0,1e-09,0.0,
pricemole,PriceMole | AI Dynamic Pricing,selling-products-pricing-pricing-optimization,29,4.8,0,62,0,1e-09,0.0,
product-compare,Equate ‑ Product Compare,store-design-product-display-product-comparison,29,4.8,0,49,0,1e-09,0.0,
product-info-table,TableFlow Specification Table,store-design-product-display-product-comparison,29,5.0,0,35,0,1e-09,0.0,
regulo,Regulo – Invoice & Export,store-management-finances-accounting,29,5.0,0,21,0,1e-09,0.0,
rewize,Rewize Inventory Forecasting,orders-and-shipping-inventory-inventory-optimization,29,5.0,0,41,0,1e-09,0.0,
robo-call-pakistan,Robo Call Pakistan,store-management-support-chat,29,5.0,0,51,0,1e-09,0.0,
sp-recovery-monkey,CartKeeper: AI Cart Recovery,marketing-and-conversion-marketing-abandoned-cart,29,4.8,0,41,0,1e-09,0.0,
spinwheel,Spinnio Spin Wheel Email PopUp,store-design-notifications-pop-ups,29,5.0,0,73,0,1e-09,0.0,
swiss-post-label-printer-1,Swiss Post Label Printer,orders-and-shipping-shipping-solutions-shipping,29,4.9,0,14,0,1e-09,0.0,
trustyy-reviews,Trustyy Product Reviews App,marketing-and-conversion-social-trust-product-reviews,29,4.8,0,21,0,1e-09,0.0,
upcount-live-visitors-counter,Livo: Scarcity Visitor Counter,store-design-design-elements-badges-and-icons,29,4.9,0,14,0,1e-09,0.0,
upstackified,Upstack: Site Intelligence,marketing-and-conversion-advertising-ads,29,4.0,0,81,0,1e-09,0.0,
venn-apps,Venn Apps ‑ Mobile App Builder,store-design-storefronts-mobile-app-builder,29,5.0,0,19,0,1e-09,0.0,
wair-size-recommendation,WAIR Size & Fit Recommendation,store-design-images-and-media-3d-ar-vr,29,4.7,0,8,0,1e-09,0.0,
age-verification-age-verifier,AgeCheck 18+: Age verification,store-management-security-legal,28,4.8,0,25,0,1e-09,0.0,
asktimmy-ai,AskTimmy AI Chat Bot AI Search,store-management-support-chat,28,5.0,0,9,0,1e-09,0.0,
collection-import,Collections Import Export Pro,store-design-product-display-collections,28,4.1,0,24,0,1e-09,0.0,
delivery-date-range,Ultimate Delivery Date Range,marketing-and-conversion-upsell-and-bundles-countdown-timer,28,4.4,0,30,0,1e-09,0.0,
dropsure,DropSure ‑ Dropshipping & POD,finding-products-sourcing-options-dropshipping,28,4.9,0,28,0,1e-09,0.0,
frequentlify,Simesy Product FAQs & FAQ Page,store-management-support-faq,28,4.1,0,19,0,1e-09,0.0,
generate-sitemap,MAPIFY Sitemap Generator,store-design-search-and-navigation-navigation-and-menus,28,3.6,0,55,0,1e-09,0.0,
gladly,Gladly: AI Customer Support,store-management-support-helpdesk,28,4.7,0,14,0,1e-09,0.0,
gs-inventory-show-stock-level,Inventora ‑ show stock level,marketing-and-conversion-upsell-and-bundles-stock-alerts,28,4.8,0,86,0,1e-09,0.0,
gst-invoices-india,Sleek GST Invoices ‑ India,orders-and-shipping-orders-invoices-and-receipts,28,4.6,0,72,0,1e-09,0.0,
inkthreadable,Inkthreadable: Print on Demand,finding-products-sourcing-options-print-on-demand-pod,28,4.3,0,53,0,1e-09,0.0,
lookfor-ai-shopping-assistant,lookfor: Scalable CX Platform,store-management-support-helpdesk,28,4.8,0,36,0,1e-09,0.0,
order-tracking-notifier,Order Tracking Notifier by H3,orders-and-shipping-orders-order-tracking,28,5.0,0,38,0,1e-09,0.0,
plum,I:Google Reviews+Photo Gallery,store-design-notifications-pop-ups,28,5.0,0,52,0,1e-09,0.0,
podpartner,PODpartner: Print on Demand,finding-products-sourcing-options-dropshipping,28,4.9,0,15,0,1e-09,0.0,
popupboost-spin-wheel,PB: Spin Wheel & Email Popup,store-design-notifications-pop-ups,28,5.0,0,18,0,1e-09,0.0,
powerx-functions-creator,PowerX ‑ Functions Creator,marketing-and-conversion-promotions-discounts,28,4.7,0,71,0,1e-09,0.0,
reorder-rates,Shipping Rate Power Toy,orders-and-shipping-shipping-solutions-shipping-rates,28,5.0,0,27,0,1e-09,0.0,
request-a-quote,YouQuote: Request a Quote Form,store-design-notifications-forms,28,5.0,0,23,0,1e-09,0.0,
shipmondo,Shipmondo,store-management-operations-workflow-automation,28,4.7,0,32,0,1e-09,0.0,
shippingbo,Shippingbo,orders-and-shipping-shipping-solutions-shipping,28,5.0,0,73,0,1e-09,0.0,
social-media-autoposter,Magik Social Media Auto Post,marketing-and-conversion-advertising-ads,28,5.0,0,14,0,1e-09,0.0,
storerobo-import-export-app,StoreRobo Import Export,store-management-operations-bulk-editor,28,4.5,0,26,0,1e-09,0.0,
vfitz,VFitz‑ The Vehicle Product Fit,store-design-search-and-navigation-navigation-and-menus,28,4.9,0,22,0,1e-09,0.0,
videopoint,VideoPoint — Fashion AI Videos,store-design-images-and-media-video-and-livestream,28,5.0,0,27,0,1e-09,0.0,
visely,Search & Discovery ‑ Visely,store-design-search-and-navigation-navigation-and-menus,28,5.0,0,71,0,1e-09,0.0,
zapiet-product-options,Zapiet ‑ Product Options,selling-products-custom-products-product-variants,28,4.9,0,75,0,1e-09,0.0,
zotabox,ZB: Exit Intent Pop up Window,store-design-notifications-pop-ups,28,4.9,0,38,0,1e-09,0.0,
advance-gift-registry,AAA‑ Advance Gift Registry App,marketing-and-conversion-customer-loyalty-wishlists,27,4.7,0,62,0,1e-09,0.0,
app10199,Crisp ‑ Helpdesk & AI Chatbot,store-management-support-helpdesk,27,4.9,0,19,0,1e-09,0.0,
appokart,AppOkart‑ Mobile App Builder,store-design-storefronts-mobile-app-builder,27,5.0,0,22,0,1e-09,0.0,
content-restriction-and-fraud-prevention,LockOn‑ Restrict Store,store-management-security-accounts-and-login,27,3.9,0,49,0,1e-09,0.0,
coupons-bars,GA:Announcement Bar+Banners,store-design-notifications-banners,27,4.8,0,53,0,1e-09,0.0,
cross-device-cart,Casper ‑ Persistent Cart Sync,marketing-and-conversion-marketing-abandoned-cart,27,4.7,0,31,0,1e-09,0.0,
disable-right-click,MenuLock ‑ Disable Right Click,store-management-security-anti-theft,27,3.4,0,31,0,1e-09,0.0,
easy-gift-cards,iziGift: Gift Cards & Rewards,marketing-and-conversion-gifts-gift-cards,27,4.9,0,13,0,1e-09,0.0,
gsc-affiliate-external-links,GSC Product Labels & Badges,store-design-design-elements-badges-and-icons,27,4.9,0,8,0,1e-09,0.0,
helpdesk-app,"eDesk ‑ AI, Helpdesk & Chat",store-management-support-helpdesk,27,4.8,0,13,0,1e-09,0.0,
influence-io,Influence: Loyalty & Referral,marketing-and-conversion-customer-loyalty-loyalty-and-rewards,27,4.1,0,88,0,1e-09,0.0,
language-translate-by-uplinkly,Uplinkly Language Translate,store-design-internationalization-currency-and-translation,27,4.7,0,51,0,1e-09,0.0,
login-to-view-price,Talon Login to View Price,store-management-security-accounts-and-login,27,4.8,0,65,0,1e-09,0.0,
login-using-otp,Simplify My Login ‑ OTP Login,store-management-security-accounts-and-login,27,4.8,0,39,0,1e-09,0.0,
lyvecom,LYVECOM: Shoppable Video & UGC,store-design-images-and-media-video-and-livestream,27,3.8,0,72,0,1e-09,0.0,
pickify-orders-picklist,Pickify ‑ Orders Picklist,store-management-operations-workflow-automation,27,4.8,0,42,0,1e-09,0.0,
returnsforsale,DRIP: Sell Returns & Open Box,orders-and-shipping-returns-and-warranty-returns-and-exchanges,27,5.0,0,75,0,1e-09,0.0,
shipping-discounts,Octolize Shipping Discounts,marketing-and-conversion-promotions-discounts,27,5.0,0,14,0,1e-09,0.0,
shoppy-mobile-app-builder,Shoppy ‑ Mobile App Builder,store-design-storefronts-mobile-app-builder,27,5.0,0,28,0,1e-09,0.0,
shoptok,δ TikTok Pixel‑Facebook Pixel,store-management-operations-analytics,27,4.8,0,51,0,1e-09,0.0,
simple-simons-price-scheduler,Simple Product Price Scheduler,store-management-operations-bulk-editor,27,4.9,0,65,0,1e-09,0.0,
spoks,Spoks: Email & SMS Marketing,marketing-and-conversion-marketing-email-marketing,27,4.9,0,16,0,1e-09,0.0,
super-announcement-bar-banners,Super Announcement Bar Banners,store-design-notifications-banners,27,5.0,0,43,0,1e-09,0.0,
texnity,Texnity WhatsApp Business API,marketing-and-conversion-marketing-abandoned-cart,27,5.0,0,21,0,1e-09,0.0,
try-with-mirra,Try Before You Buy with Mirra,selling-products-payments-payment-experience,27,5.0,0,22,0,1e-09,0.0,
xb-sticky-add-to-cart,XB: Sticky Add To Cart Button,store-design-notifications-banners,27,4.9,0,19,0,1e-09,0.0,
zip-code-validator,Smart Zipcode Tracker,sales-channels-selling-in-person-store-locator,27,4.5,0,29,0,1e-09,0.0,
ai-index-pro,AI INDEX PRO,store-design-site-optimization-seo,26,4.9,0,49,0,1e-09,0.0,
airo-sku-barcode-generator,Airo Retail Barcode Generator,sales-channels-selling-in-person-retail,26,5.0,0,12,0,1e-09,0.0,
announcement-bar-6,Discount Announcement Bear,store-design-notifications-banners,26,5.0,0,81,0,1e-09,0.0,
assemblified,Assemblified Bill of Materials,store-management-operations-workflow-automation,26,5.0,0,25,0,1e-09,0.0,
disable-right-click-3,Disablo ‑ Disable Right Click,store-management-security-anti-theft,26,4.4,0,47,0,1e-09,0.0,
exportsi-google-sheets-orders,Exportsy Sync To Google Sheets,orders-and-shipping-inventory-inventory-sync,26,4.8,0,23,0,1e-09,0.0,
faqprime-lite,"FAQPRIME: FAQ, WhatsApp, Track",store-management-support-faq,26,4.8,0,21,0,1e-09,0.0,
fraudblock-fraud-prevention,FraudBlock Fraud Prevention,store-management-security-fraud,26,4.3,0,53,0,1e-09,0.0,
gd-amazon-importer,GD: Amazon Importer,sales-channels-selling-online-store-data-importer,26,4.6,0,16,0,1e-09,0.0,
gg-variant-images,gg Variant Images & Swatches,store-design-images-and-media-image-gallery,26,5.0,0,17,0,1e-09,0.0,
give-grow,Give & Grow Donations,marketing-and-conversion-customer-loyalty-donations,26,3.5,0,28,0,1e-09,0.0,
go-subscride,GO SUB | 定期購入,selling-products-payments-subscriptions,26,4.9,0,17,0,1e-09,0.0,
google-indexing,IndexNow: for Google & Gemini,store-design-site-optimization-seo,26,4.8,0,69,0,1e-09,0.0,
gpsr,GCM | GPSR Compliance Manager,store-management-security-legal,26,4.9,0,56,0,1e-09,0.0,
happy-birthday-marketing,Happy Birthday Marketing,marketing-and-conversion-marketing-email-marketing,26,4.6,0,81,0,1e-09,0.0,
horse,Horse Inventory Management,orders-and-shipping-inventory-inventory-optimization,26,5.0,0,82,0,1e-09,0.0,
kindly-payment-reminder,Kindly: Payment Reminder Pro,marketing-and-conversion-marketing-sms-marketing,26,5.0,0,27,0,1e-09,0.0,
mailerlite-email-automation,MailerLite Email Automation,marketing-and-conversion-marketing-email-marketing,26,3.0,0,33,0,1e-09,0.0,
marketing-cloud-integration,Webkul: Sync Marketing Cloud,marketing-and-conversion-marketing-email-marketing,26,4.7,0,76,0,1e-09,0.0,
max-dropshipping,MAX Dropshipping,finding-products-sourcing-options-dropshipping,26,5.0,0,63,0,1e-09,0.0,
merges,Merges ‑ Merge Products,selling-products-custom-products-product-variants,26,4.9,0,27,0,1e-09,0.0,
next-ai-product-image-seo-geo,Next AI: Product Image SEO/GEO,store-design-images-and-media-image-editor,26,5.0,0,18,0,1e-09,0.0,
nexus-functions-creator,Functions Creator & Discount,store-management-operations-workflow-automation,26,5.0,0,10,0,1e-09,0.0,
origin-utm-tracking,Origin: UTM & Ad Attribution,store-management-operations-analytics,26,5.0,0,57,0,1e-09,0.0,
outvio,Outvio Exchanges and Helpdesk,store-management-support-helpdesk,26,4.7,0,46,0,1e-09,0.0,
photoroom-production,Photoroom AI Listing Assistant,store-design-images-and-media-image-editor,26,4.7,0,10,0,1e-09,0.0,
product-options-personalizer,AI Custom Product Personalizer,finding-products-sourcing-options-print-on-demand-pod,26,4.8,0,2,0,1e-09,0.0,
shipping-rates-compare,Shipduo Freight LTL Shipping,orders-and-shipping-shipping-solutions-shipping,26,4.8,0,70,0,1e-09,0.0,
simple-reports-and-data-export,Reports & Export by SyncWith,store-management-operations-analytics,26,4.6,0,12,0,1e-09,0.0,
simple-shop-automation,Hextom: Workflow Automation,store-management-security-fraud,26,4.9,0,67,0,1e-09,0.0,
supacheckout,RUBIX Cash on Delivery:COD Fee,selling-products-payments-pay-later,26,5.0,0,9,0,1e-09,0.0,
superfaktura-integration,SuperFaktúra • Integration,store-management-finances-accounting,26,4.8,0,36,0,1e-09,0.0,
swap-shipping-returns,Swap Returns & Exchanges,orders-and-shipping-returns-and-warranty-returns-and-exchanges,26,5.0,0,21,0,1e-09,0.0,
tellos-shoppable-videos,Tellos AI Shoppable Videos UGC,store-design-images-and-media-video-and-livestream,26,5.0,0,60,0,1e-09,0.0,
videoselz,Videoselz Shoppable Video UGC,store-design-images-and-media-video-and-livestream,26,5.0,0,14,0,1e-09,0.0,
whatssy-order-automations-confirmation-otp,Whatssy WhatsApp Automation,orders-and-shipping-orders-order-tracking,26,4.9,0,49,0,1e-09,0.0,
ymq-b2b-login-lock-hide-price,"Ymq B2B Lock, Login & Password",store-management-security-accounts-and-login,26,4.9,0,48,0,1e-09,0.0,
accessibly-app,Accessibly,store-design-site-optimization-accessibility,25,4.5,0,31,0,1e-09,0.0,
amose-bundle,"Amose: Bundle, Quantity Breaks",marketing-and-conversion-upsell-and-bundles-product-bundles,25,4.3,0,94,0,1e-09,0.0,
aop,AOP+ Easy Print on Demand,finding-products-sourcing-options-print-on-demand-pod,25,3.7,0,68,0,1e-09,0.0,
at-last,At Last — Returns & Exchanges,orders-and-shipping-returns-and-warranty-returns-and-exchanges,25,5.0,0,26,0,1e-09,0.0,
awesome-facebook-product-feed,Awesome Facebook Product Feed,sales-channels-selling-online-product-feeds,25,3.9,0,54,0,1e-09,0.0,
bloom-product-feature-bullets,Bloom: Product Feature Bullets,store-design-design-elements-badges-and-icons,25,4.9,0,42,0,1e-09,0.0,
breezyfile,Sales Tax Filings ‑ BreezyFile,store-management-finances-taxes,25,5.0,0,11,0,1e-09,0.0,
collabpay,CollabPay: Multi Vendor Payout,marketing-and-conversion-advertising-affiliate-programs,25,3.5,0,68,0,1e-09,0.0,
collection-manager,Innovanet Collection Manager,store-design-product-display-collections,25,4.9,0,33,0,1e-09,0.0,
customall,Customall Product Personalizer,finding-products-sourcing-options-print-on-demand-pod,25,4.9,0,70,0,1e-09,0.0,
customer-reviews-collector,Trustindex ‑ Google Reviews,store-management-operations-workflow-automation,25,4.0,0,26,0,1e-09,0.0,
delete-duplicate-products,CS ‑ Delete Duplicate Products,store-management-operations-bulk-editor,25,4.9,0,40,0,1e-09,0.0,
dynamic-pricing-automation,Pricing.AI ‑ Dynamic Pricing,selling-products-pricing-pricing-optimization,25,4.9,0,25,0,1e-09,0.0,
easy-content-builder,Posstack Easy Content Builder,store-design-storefronts-page-builder,25,4.4,0,67,0,1e-09,0.0,
elfsight-google-reviews,Google Reviews by Elfsight,marketing-and-conversion-social-trust-product-reviews,25,4.3,0,68,0,1e-09,0.0,
evereye-fraud-protection,Evereye | Fraud Protection,store-management-security-fraud,25,5.0,0,35,0,1e-09,0.0,
faqify-1,FAQify,store-management-support-faq,25,4.7,0,27,0,1e-09,0.0,
fast-chat-connect,FAST Whatsapp: Chat & Leads,store-design-design-elements-badges-and-icons,25,5.0,0,51,0,1e-09,0.0,
forecast,Monocle Inventory & Forecast,orders-and-shipping-inventory-inventory-optimization,25,4.3,0,65,0,1e-09,0.0,
foridev-selling-codes-app,License Keys & Codes ‑ DPL,selling-products-digital-goods-and-services-digital-products,25,4.5,0,32,0,1e-09,0.0,
godatafeed,GoDataFeed,sales-channels-selling-online-product-feeds,25,4.9,0,30,0,1e-09,0.0,
google-reviews-by-repocean,Google Reviews By RepOcean,marketing-and-conversion-social-trust-product-reviews,25,5.0,0,19,0,1e-09,0.0,
hello-pine,Hello Pine: Easy Multichannel,orders-and-shipping-inventory-inventory-sync,25,4.7,0,73,0,1e-09,0.0,
hook-one-tap-login,HOOK Social Login,store-management-security-accounts-and-login,25,5.0,0,42,0,1e-09,0.0,
leo-mobile-app-builder,LEO ‑ Mobile App Builder,store-design-storefronts-mobile-app-builder,25,5.0,0,32,0,1e-09,0.0,
mintt-tiktok-feed,Mintt TikTok Feed,store-design-images-and-media-video-and-livestream,25,4.9,0,9,0,1e-09,0.0,
monday-com-2,monday.com,store-management-operations-workflow-automation,25,5.0,0,21,0,1e-09,0.0,
optimaconnector,Optima Tiktok Shop Connector,sales-channels-selling-online-product-feeds,25,4.9,0,7,0,1e-09,0.0,
parkour-tiktok-pixel,Parkour: TikTok Pixel & CAPI,store-management-operations-analytics,25,5.0,0,15,0,1e-09,0.0,
product-feeds-generator,FeedGeni ‑ Product Feeds,sales-channels-selling-online-product-feeds,25,4.7,0,79,0,1e-09,0.0,
product-questions-and-answers-by-appifycommerce,AC ‑ Questions & Answers,store-design-notifications-forms,25,5.0,0,7,0,1e-09,0.0,
reaktion-1,Reaktion: Tracking & Analytics,marketing-and-conversion-advertising-ads,25,5.0,0,45,0,1e-09,0.0,
smapify,Smapify,orders-and-shipping-inventory-inventory-sync,25,5.0,0,78,0,1e-09,0.0,
spin-studio,Spin Studio ‑ 360 Product Spin,store-design-images-and-media-image-editor,25,4.7,0,22,0,1e-09,0.0,
stock-take,BR Stock Take: Inventory Count,orders-and-shipping-inventory-erp,25,3.4,0,11,0,1e-09,0.0,
szamlazz-hu-1,Számlázz.hu ‑ Hivatalos,orders-and-shipping-orders-invoices-and-receipts,25,4.8,0,28,0,1e-09,0.0,
timer-sales-boost,Peak Pulse Countdown Timer Bar,store-design-notifications-banners,25,4.4,0,31,0,1e-09,0.0,
unifydrop,UnifyDropshipping,finding-products-sourcing-options-dropshipping,25,5.0,0,82,0,1e-09,0.0,
unum-pay,UnumPay,selling-products-payments-payment-experience,25,4.7,0,9,0,1e-09,0.0,
xero-accountancy-bookkeeping-integrator-by-carrytheone,Xero Connector by CarryTheOne,store-management-finances-taxes,25,4.6,0,43,0,1e-09,0.0,
affiliate-marketing-afflr,Yuko Affiliate Marketing,marketing-and-conversion-advertising-affiliate-programs,24,4.9,0,19,0,1e-09,0.0,
ai-blog-post-generator-1,"Vizby: AEO, GEO, & Agents",store-design-content-product-content,24,5.0,0,8,0,1e-09,0.0,
asset-export,CS ‑ Export Product Images,store-design-content-product-content,24,5.0,0,5,0,1e-09,0.0,
b2bridge-b2b-all-in-one,B2Bridge B2B Wholesale Pricing,selling-products-pricing-pricing-optimization,24,5.0,0,21,0,1e-09,0.0,
bosta-shipping-app,Bosta Shipping,orders-and-shipping-orders-order-tracking,24,3.9,0,16,0,1e-09,0.0,
ca-chat-order-button-widget,CA: WhatsApp Chat Order Button,store-management-support-chat,24,5.0,0,15,0,1e-09,0.0,
cloudshelf,Cloudshelf,store-design-storefronts-page-builder,24,5.0,0,24,0,1e-09,0.0,
essential-a-b-testing,Essential CRO Split AB Testing,store-management-operations-analytics,24,5.0,0,36,0,1e-09,0.0,
frame-up,Frame Up: Showcase Your Art,store-design-images-and-media-3d-ar-vr,24,5.0,0,11,0,1e-09,0.0,
groopie,GIE: combined listing swatches,selling-products-custom-products-product-variants,24,5.0,0,68,0,1e-09,0.0,
infinite-live-preview-options,Live Preview Options by Webyze,selling-products-custom-products-custom-file-upload,24,4.8,0,44,0,1e-09,0.0,
kintsugi,Kintsugi Sales Tax Automation,store-management-finances-taxes,24,4.7,0,17,0,1e-09,0.0,
ownbase,Ownbase: Sync to TikTok Shop,sales-channels-selling-online-marketplaces,24,4.7,0,87,0,1e-09,0.0,
printegy,Printegy: Print‑on‑Demand,orders-and-shipping-orders-order-tracking,24,4.8,0,52,0,1e-09,0.0,
sales-representative-commission-reports,Sales Reps Commission Manager,store-management-operations-staff-notifications,24,3.4,0,19,0,1e-09,0.0,
seasonal-effects-all,SFX ‑ Snow Christmas Effects,store-design-design-elements-animation-and-effects,24,4.7,0,17,0,1e-09,0.0,
selfserve-order-editing,SelfServe: Order Edits+Upsells,orders-and-shipping-orders-order-editing,24,5.0,0,15,0,1e-09,0.0,
senhub-global-pod,SenHub AI Print on Demand POD,finding-products-sourcing-options-dropshipping,24,4.9,0,24,0,1e-09,0.0,
tax-exempt-manager,Latori Tax Exempt Manager,store-management-finances-taxes,24,4.0,0,66,0,1e-09,0.0,
testparty,TestParty: ADA Compliance,store-design-site-optimization-accessibility,24,5.0,0,13,0,1e-09,0.0,
trustview,TrustView ‑ TrustPilot Reviews,marketing-and-conversion-social-trust-product-reviews,24,4.9,0,54,0,1e-09,0.0,
ultimate-wishlist-3,Ultimate Wishlist,marketing-and-conversion-customer-loyalty-wishlists,24,5.0,0,51,0,1e-09,0.0,
validify,DS: Address Validation / Block,orders-and-shipping-shipping-solutions-shipping,24,5.0,0,28,0,1e-09,0.0,
1688-dropshipping-pro,1688 Dropshipping Pro,finding-products-sourcing-options-dropshipping,23,4.8,0,43,0,1e-09,0.0,
aplusfulfill,AplusFulfill,finding-products-sourcing-options-dropshipping,23,5.0,0,77,0,1e-09,0.0,
avada-withdrawal-form,Avada EU Withdrawal Button,store-management-security-legal,23,5.0,0,20,0,1e-09,0.0,
booking-app-by-webkul,Booking App by Webkul,selling-products-digital-goods-and-services-digital-products,23,4.5,0,58,0,1e-09,0.0,
bulk-ai,Bulk AI ‑ Smart Product Editor,store-management-operations-bulk-editor,23,4.9,0,20,0,1e-09,0.0,
bulkflow-files-import-export,"Bulk Import, Migrate & Update",sales-channels-selling-online-store-data-importer,23,5.0,0,18,0,1e-09,0.0,
constant-contact-2,Constant Contact: Email & SMS,marketing-and-conversion-marketing-email-marketing,23,2.9,0,84,0,1e-09,0.0,
discount-master,Discount Master ‑ Quantity,marketing-and-conversion-upsell-and-bundles-countdown-timer,23,2.8,0,51,0,1e-09,0.0,
dollarback,Dollarback: Cashback & Loyalty,marketing-and-conversion-customer-loyalty-loyalty-and-rewards,23,4.8,0,54,0,1e-09,0.0,
dropship-auotmated-inventory,Dropship Easily — Wholesale2B,orders-and-shipping-shipping-solutions-third-party-logistics-3pl,23,4.3,0,25,0,1e-09,0.0,
dynamics-365-business-central,Dynamics 365 Business Central,store-management-finances-accounting,23,2.3,0,22,0,1e-09,0.0,
easy-google-customer-reviews,easy Google Customer Reviews,store-design-design-elements-badges-and-icons,23,4.6,0,12,0,1e-09,0.0,
easy-sale,Easy:Sale Schedule Sales Price,marketing-and-conversion-upsell-and-bundles-countdown-timer,23,4.5,0,23,0,1e-09,0.0,
editify,Editify Order Editing & Upsell,orders-and-shipping-orders-order-editing,23,3.8,0,56,0,1e-09,0.0,
facebook-feed-1,Universal Product Feed,sales-channels-selling-online-product-feeds,23,5.0,0,17,0,1e-09,0.0,
foxsell,OctoSlide Slider & Carousel,store-design-images-and-media-image-gallery,23,4.5,0,49,0,1e-09,0.0,
gogetters-eu-dropshipping,GOGETTERS EU Dropshipping,finding-products-sourcing-options-dropshipping,23,4.9,0,28,0,1e-09,0.0,
infinite-facebook-catalog-feed,∞ Facebook Product Feed,marketing-and-conversion-advertising-ads,23,4.8,0,22,0,1e-09,0.0,
instagram-shop,Taggbox,store-design-images-and-media-video-and-livestream,23,3.9,0,64,0,1e-09,0.0,
kincustom,Kin Custom Fashion Dropshipper,finding-products-sourcing-options-wholesale,23,3.0,0,90,0,1e-09,0.0,
kite-pickup-delivery-date,Kite: Pickup Delivery Date,orders-and-shipping-shipping-solutions-delivery-and-pickup,23,5.0,0,30,0,1e-09,0.0,
kustomer,Kustomer,store-management-support-helpdesk,23,5.0,0,16,0,1e-09,0.0,
linkshop-link-in-bio,LinkShop ‑ Link in Bio Shop,store-design-storefronts-page-builder,23,4.8,0,11,0,1e-09,0.0,
mimeeq-3d-configurator,Mimeeq 3D Configurator 3D & AR,store-design-images-and-media-3d-ar-vr,23,5.0,0,10,0,1e-09,0.0,
nada-sort-hide-out-of-stock,Nada • Hide Out of Stock,store-design-product-display-collections,23,4.8,0,6,0,1e-09,0.0,
nova-multiple-variant-images,Nova Multiple Variant Images,store-design-images-and-media-image-gallery,23,5.0,0,12,0,1e-09,0.0,
personalized-every-customer,Wholesale Hero B2B Pricing,selling-products-pricing-pricing-optimization,23,4.1,0,57,0,1e-09,0.0,
printrooster-order-printer,Printrooster Order Printing,orders-and-shipping-orders-invoices-and-receipts,23,4.3,0,43,0,1e-09,0.0,
prizma-updatrr,Updatrr WhatsApp AI Automation,marketing-and-conversion-marketing-abandoned-cart,23,4.9,0,35,0,1e-09,0.0,
pro-blogger,LFS Pro Blogger,store-design-content-blogs,23,4.7,0,64,0,1e-09,0.0,
product-xml-import-by-proxi,Product XML Import by ProXI,sales-channels-selling-online-store-data-importer,23,4.7,0,54,0,1e-09,0.0,
pronavi-navigation-design,Navi+ AI Menu Builder,store-design-search-and-navigation-navigation-and-menus,23,5.0,0,26,0,1e-09,0.0,
recurly-commerce,Recurly Commerce Subscriptions,selling-products-payments-subscriptions,23,3.9,0,66,0,1e-09,0.0,
request-a-quote-hide-prices,CWS Request Quote ‑ Hide Price,selling-products-pricing-pricing-quotes,23,4.9,0,61,0,1e-09,0.0,
restock-rooster,Back In Stock ︱Restock Rooster,marketing-and-conversion-upsell-and-bundles-stock-alerts,23,4.7,0,47,0,1e-09,0.0,
return-management-system,Easy Returns Management System,orders-and-shipping-returns-and-warranty-returns-and-exchanges,23,4.9,0,49,0,1e-09,0.0,
salemate,TL: Post Purchase Upsell,marketing-and-conversion-upsell-and-bundles-upsell-and-cross-sell,23,4.9,0,64,0,1e-09,0.0,
seo-hero-ai-audit-tool,SEO HERO: AI Audit Tool,store-design-site-optimization-seo,23,5.0,0,77,0,1e-09,0.0,
settle,Settle,orders-and-shipping-inventory-erp,23,5.0,0,9,0,1e-09,0.0,
shipmozo,Shipmozo ‑ Smart Shipping,orders-and-shipping-shipping-solutions-shipping-rates,23,3.7,0,39,0,1e-09,0.0,
sku-code-generator,F: SKU Code Generator,store-management-operations-bulk-editor,23,4.5,0,55,0,1e-09,0.0,
star-review,SS Product Reviews App & AI,marketing-and-conversion-social-trust-product-reviews,23,5.0,0,42,0,1e-09,0.0,
translator-by-ciwi,Ciwi.ai:AI Translator GPT‑4.1,store-design-internationalization-currency-and-translation,23,4.7,0,37,0,1e-09,0.0,
ultimate-sticky-add-to-cart,Ultimate Sticky Add to Cart,store-design-notifications-banners,23,5.0,0,79,0,1e-09,0.0,
videeo-by-commentsold,Videeo: Shoppable Videos & UGC,store-design-images-and-media-video-and-livestream,23,3.3,0,38,0,1e-09,0.0,
alertme,Back In Stock | Restock Alerts,marketing-and-conversion-upsell-and-bundles-stock-alerts,22,5.0,0,17,0,1e-09,0.0,
amp-bundles,Amp Bundles | Volume Discounts,marketing-and-conversion-upsell-and-bundles-product-bundles,22,5.0,0,90,0,1e-09,0.0,
avantlink-tracking-1,AvantLink Affiliate Marketing,marketing-and-conversion-advertising-affiliate-programs,22,5.0,0,14,0,1e-09,0.0,
back-in-stock-alert-engine,Back In Stock! Alert Engine,marketing-and-conversion-marketing-email-marketing,22,4.9,0,23,0,1e-09,0.0,
beyondcart,BeyondCart Mobile app builder,store-design-storefronts-mobile-app-builder,22,5.0,0,21,0,1e-09,0.0,
boardroom,Boardroom: AI Analytics & SEO,store-design-content-blogs,22,4.9,0,47,0,1e-09,0.0,
boostab-a-b-testing,ABboost: A/B Testing & CRO,selling-products-pricing-pricing-optimization,22,4.4,0,35,0,1e-09,0.0,
bulk-image-butler,Bulk Image Editor & Optimizer,store-design-images-and-media-image-editor,22,4.8,0,26,0,1e-09,0.0,
bulk-products-order,Prezen Wholesale Order,finding-products-sourcing-options-wholesale,22,4.8,0,84,0,1e-09,0.0,
bun-bundles,Bun Bundles Volume Discounts,marketing-and-conversion-upsell-and-bundles-product-bundles,22,5.0,0,47,0,1e-09,0.0,
community,Mega Community,selling-products-digital-goods-and-services-digital-products,22,4.9,0,17,0,1e-09,0.0,
cp24-form-builder-contact,"CP24 Form Builder, File Upload",store-design-notifications-forms,22,4.9,0,21,0,1e-09,0.0,
customer-gallery-pro,Uploadify ‑ Customer Gallery,store-design-images-and-media-image-gallery,22,4.8,0,16,0,1e-09,0.0,
ds-shipping-payment-hide-sort,DS Sort Hide Payment Shipping,orders-and-shipping-shipping-solutions-shipping-rates,22,4.9,0,22,0,1e-09,0.0,
easyimport,Easy:Import ‑ Etsy Import,sales-channels-selling-online-store-data-importer,22,4.0,0,87,0,1e-09,0.0,
edgetag,Blotout EdgeTag,marketing-and-conversion-advertising-ads,22,4.9,0,86,0,1e-09,0.0,
faire-integration,"Faire: Import, Export, Fulfill",sales-channels-selling-online-marketplaces,22,4.9,0,24,0,1e-09,0.0,
fakturownia-integration,Fakturownia • Integration,store-management-finances-accounting,22,5.0,0,30,0,1e-09,0.0,
flexcon-product-rental-hire,"FlexCon Rental Booking, Hire",selling-products-digital-goods-and-services-event-booking,22,5.0,0,21,0,1e-09,0.0,
govalo,Govalo | Gift Card Suite,marketing-and-conversion-gifts-gift-cards,22,3.9,0,18,0,1e-09,0.0,
id-me-group-verification,ID.me Community Verification,store-management-operations-workflow-automation,22,4.0,0,53,0,1e-09,0.0,
import2tally,Import2Tally,store-management-finances-accounting,22,5.0,0,51,0,1e-09,0.0,
interlinks,Automatic Internal Linking,store-design-content-blogs,22,5.0,0,12,0,1e-09,0.0,
k-estimated-delivery-date,K: Estimated Delivery Date+ETA,orders-and-shipping-shipping-solutions-delivery-and-pickup,22,5.0,0,79,0,1e-09,0.0,
moloni-portugal,Moloni Portugal,orders-and-shipping-orders-invoices-and-receipts,22,4.7,0,23,0,1e-09,0.0,
multi-lingo,Multi Lingo,store-design-internationalization-currency-and-translation,22,4.6,0,67,0,1e-09,0.0,
multilocation,Multi‑Location Stock info,selling-products-custom-products-product-variants,22,5.0,0,52,0,1e-09,0.0,
myappify-fattureincloud,GetSync per Fatture in Cloud,orders-and-shipping-inventory-inventory-sync,22,5.0,0,54,0,1e-09,0.0,
netwise,NetWise B2B Wholesale Pricing,selling-products-pricing-pricing-optimization,22,4.9,0,31,0,1e-09,0.0,
news-ticker-1,ZipStore ‑ AI Store Builder,store-design-storefronts-page-builder,22,3.6,0,71,0,1e-09,0.0,
order-desk,Order Desk,orders-and-shipping-inventory-inventory-sync,22,4.9,0,68,0,1e-09,0.0,
otto,Otto Blocks & Images Scheduler,store-design-images-and-media-image-gallery,22,4.9,0,37,0,1e-09,0.0,
pixpix-simple-image-editor,PixPix Image Editor,store-design-images-and-media-image-editor,22,4.0,0,79,0,1e-09,0.0,
product-waiting-lists,Wait.li ‑ Viral Waiting Lists,store-management-security-accounts-and-login,22,3.9,0,53,0,1e-09,0.0,
scarcity-cart-countdown-timer,Scarcity+ Countdown Timer Bar,marketing-and-conversion-upsell-and-bundles-countdown-timer,22,5.0,0,9,0,1e-09,0.0,
shoppable-galleries-fashion-looks,Lookbookify,store-design-images-and-media-image-gallery,22,4.8,0,84,0,1e-09,0.0,
super-pinch-zoom,Super Pinch and Zoom,store-design-images-and-media-image-gallery,22,4.9,0,28,0,1e-09,0.0,
wishlist-1,Listr: Wishlist + Reminder,marketing-and-conversion-customer-loyalty-wishlists,22,4.2,0,66,0,1e-09,0.0,
yipsms,YipSMS: Simple SMS Marketing,store-design-notifications-pop-ups,22,4.7,0,14,0,1e-09,0.0,
yurtici-kargo,Pax: Yurtiçi Kargo,orders-and-shipping-orders-order-tracking,22,4.9,0,41,0,1e-09,0.0,
2-factor-authentication-and-passwordless-login,miniOrange OTP Login/Register,store-management-security-accounts-and-login,21,4.1,0,50,0,1e-09,0.0,
ai-content-generator-by-amasty,WritePilot Product Description,store-design-content-product-content,21,4.2,0,19,0,1e-09,0.0,
avantify-sales-pop-up-popups,Popupy: Sales Pop Up Email,store-design-notifications-pop-ups,21,4.9,0,52,0,1e-09,0.0,
billingo-integracio,Billingo ‑ Hivatalos,orders-and-shipping-orders-invoices-and-receipts,21,5.0,0,31,0,1e-09,0.0,
cod-order-confirmation,Cashify COD Order Confirmation,selling-products-payments-pay-later,21,2.5,0,48,0,1e-09,0.0,
convboxtracking,Convbox Tracking ‑ FB Pixels,marketing-and-conversion-advertising-ads,21,5.0,0,33,0,1e-09,0.0,
delivery-pickup,Delivery Date Time Slot Pickup,selling-products-digital-goods-and-services-event-booking,21,5.0,0,12,0,1e-09,0.0,
duplicate-finder,WTE ‑ Duplicate Finder,store-management-operations-bulk-editor,21,4.3,0,69,0,1e-09,0.0,
ea-accessibility,EA• Accessibility ADA WCAG EAA,store-management-security-legal,21,5.0,0,11,0,1e-09,0.0,
ea-upsell-popups-cross-sell,"Æ Upsell Bundle, Post Purchase",marketing-and-conversion-promotions-discounts,21,4.9,0,60,0,1e-09,0.0,
easyfulfill-tracking-codes-manager,Easy Fulfillment: Bulk Fulfill,orders-and-shipping-shipping-solutions-third-party-logistics-3pl,21,4.9,0,6,0,1e-09,0.0,
elfsight-event-calendar,Event Calendar by Elfsight,selling-products-digital-goods-and-services-event-booking,21,3.5,0,44,0,1e-09,0.0,
etsy-importer-2,Etsy Integration ‑ InfoShore,sales-channels-selling-online-store-data-importer,21,4.9,0,14,0,1e-09,0.0,
flexibar,FlexiBar: AI Announcement Bar,store-design-notifications-banners,21,4.9,0,25,0,1e-09,0.0,
growably,Growably: Currency Converter,store-design-internationalization-currency-and-translation,21,5.0,0,23,0,1e-09,0.0,
hide-price-and-add-to-cart,HP: Hide Price and Add to Cart,selling-products-pricing-pricing-quotes,21,4.5,0,39,0,1e-09,0.0,
iadvize,iAdvize: AI Shopping Assistant,store-management-support-chat,21,5.0,0,66,0,1e-09,0.0,
ifreturns,iF Returns & Exchanges,orders-and-shipping-returns-and-warranty-returns-and-exchanges,21,5.0,0,58,0,1e-09,0.0,
imageagram,Imageagram ‑ Instagram Feed,store-design-images-and-media-image-gallery,21,4.9,0,64,0,1e-09,0.0,
kobu-menu-highlight,KOBU ‑ Menu Highlight & Quiz,store-design-design-elements-badges-and-icons,21,5.0,0,29,0,1e-09,0.0,
kosr,kosR,orders-and-shipping-shipping-solutions-delivery-and-pickup,21,4.8,0,35,0,1e-09,0.0,
kwikbooster,AI Popup ‑ Smart Email Pop‑up,store-design-notifications-pop-ups,21,5.0,0,68,0,1e-09,0.0,
line-loyalty,Line Loyalty Program & Rewards,marketing-and-conversion-customer-loyalty-loyalty-and-rewards,21,5.0,0,69,0,1e-09,0.0,
mezereon,Smart Search & Filter,store-design-search-and-navigation-search-and-filters,21,5.0,0,46,0,1e-09,0.0,
modern-bundles,MOD Bundles: Bundle Builder,marketing-and-conversion-upsell-and-bundles-product-bundles,21,5.0,0,84,0,1e-09,0.0,
options-price-calculator,Options Price Calculator,selling-products-custom-products-product-variants,21,5.0,0,59,0,1e-09,0.0,
ordergroove,Ordergroove Subscriptions,selling-products-payments-subscriptions,21,5.0,0,65,0,1e-09,0.0,
page-speed-optimization,Boostify: Page Speed Optimizer,store-design-site-optimization-seo,21,4.5,0,94,0,1e-09,0.0,
panda-preorder,Panda PreOrder‑Split Payments,marketing-and-conversion-upsell-and-bundles-pre-orders,21,4.3,0,66,0,1e-09,0.0,
pipe17-app,Pipe17,orders-and-shipping-inventory-inventory-sync,21,4.9,0,61,0,1e-09,0.0,
print-now,Printly ‑ Invoice Print,store-management-operations-workflow-automation,21,4.7,0,13,0,1e-09,0.0,
retenzy-loyalty-reward-program,Retenzy Loyalty Rewards Points,marketing-and-conversion-social-trust-product-reviews,21,4.8,0,90,0,1e-09,0.0,
rimix-product-badges,Rimix Product Badges & Labels,store-design-design-elements-badges-and-icons,21,5.0,0,15,0,1e-09,0.0,
seguno-product-reviews,Seguno Product Reviews,marketing-and-conversion-social-trust-product-reviews,21,5.0,0,79,0,1e-09,0.0,
servv,ServvAI Event Bookings,selling-products-digital-goods-and-services-event-booking,21,5.0,0,39,0,1e-09,0.0,
shipaid-shipping-protection,SHIPAID ‑ Shipping Guarantee,orders-and-shipping-returns-and-warranty-warranties-and-insurance,21,5.0,0,33,0,1e-09,0.0,
shoplock-login-required,SHOPLOCK Login Required,store-management-security-accounts-and-login,21,4.6,0,40,0,1e-09,0.0,
shopping-assistant-by-shoplyai,Shoply AI Search & AI Chatbot,store-management-support-chat,21,4.9,0,8,0,1e-09,0.0,
trexity,Trexity,orders-and-shipping-shipping-solutions-third-party-logistics-3pl,21,4.0,0,49,0,1e-09,0.0,
upro-credit-limit-b2b-and-wholesale,Upro B2B & Wholesale,store-management-security-accounts-and-login,21,5.0,0,21,0,1e-09,0.0,
variant-images-manager,VIM: Variant Image Module,store-design-images-and-media-image-gallery,21,4.9,0,18,0,1e-09,0.0,
vat-dual-pricing,VAT Dual Pricing,store-management-finances-taxes,21,4.9,0,52,0,1e-09,0.0,
verisart,Verisart,selling-products-digital-goods-and-services-nfts-and-tokengating,21,4.8,0,1,0,1e-09,0.0,
zon-customer-accounts-return,Zon Returns and Exchanges ‑B2B,store-management-security-accounts-and-login,21,5.0,0,53,0,1e-09,0.0,
zooomy-sales-pop,Sales Pop up ‑ Boost Sales Ace,store-design-notifications-pop-ups,21,4.9,0,61,0,1e-09,0.0,
accessibilityspark,Accessibility Spark ADA & WCAG,store-design-site-optimization-accessibility,20,5.0,0,20,0,1e-09,0.0,
affitch,Affitch ‑ アフィリエイト,marketing-and-conversion-advertising-affiliate-programs,20,4.9,0,34,0,1e-09,0.0,
altseo-ai-alt-text-generator,ALT SEO: AI Alt Text Generator,store-design-site-optimization-accessibility,20,4.1,0,10,0,1e-09,0.0,
automatic-account-invites,WOTIO Account Invites Plus,store-management-security-accounts-and-login,20,4.8,0,63,0,1e-09,0.0,
bizyness,Bizyness,orders-and-shipping-orders-invoices-and-receipts,20,5.0,0,50,0,1e-09,0.0,
bundle,AI Product Bundle Builder,marketing-and-conversion-upsell-and-bundles-product-bundles,20,4.9,0,55,0,1e-09,0.0,
buyscout,BuyScout AI Store Agent,store-management-support-chat,20,5.0,0,39,0,1e-09,0.0,
cdiscount-feed,Cdiscount Marketplace,sales-channels-selling-online-product-feeds,20,2.2,0,48,0,1e-09,0.0,
contact-form-autoresponder,WebPanda Contact AutoResponder,store-design-notifications-forms,20,5.0,0,26,0,1e-09,0.0,
custom-registration-form,Singleton | Rich Registration,store-management-security-accounts-and-login,20,4.8,0,55,0,1e-09,0.0,
desti-ai-automate-chatbot,ReCom AI Chatbot,store-management-support-chat,20,5.0,0,67,0,1e-09,0.0,
ea-image-page-speed-booster,EA• Image & Page Speed Booster,store-design-site-optimization-seo,20,4.7,0,50,0,1e-09,0.0,
editmyorder,OrderEditing.app & Upsell,store-management-operations-workflow-automation,20,5.0,0,11,0,1e-09,0.0,
exact-online-3,Exact Online Bookkeeping,store-management-finances-accounting,20,4.2,0,49,0,1e-09,0.0,
fatture-italia,Fatture Italia,orders-and-shipping-orders-invoices-and-receipts,20,4.5,0,57,0,1e-09,0.0,
hive-logistics-services,Hive,orders-and-shipping-shipping-solutions-third-party-logistics-3pl,20,4.7,0,12,0,1e-09,0.0,
hocusfocus-tab-animations,Favi: Favicon Tab Animation,store-design-design-elements-badges-and-icons,20,4.8,0,79,0,1e-09,0.0,
i-agree-checkbox,Terms and Conditions checkbox,store-management-security-legal,20,5.0,0,23,0,1e-09,0.0,
lifter-store-locator,Lifter Store Locator,sales-channels-selling-in-person-store-locator,20,3.6,0,36,0,1e-09,0.0,
lightboxai,Lightbox ‑ AI Product Images,store-design-images-and-media-image-editor,20,4.5,0,17,0,1e-09,0.0,
listrak,"Listrak: Email, SMS & Identity",marketing-and-conversion-marketing-sms-marketing,20,5.0,0,32,0,1e-09,0.0,
memberr,memberr | Store Credit Suite,marketing-and-conversion-customer-loyalty-loyalty-and-rewards,20,5.0,0,90,0,1e-09,0.0,
mobidesign-android-app-builder,Mobile App Builder ‑ WebPlanex,store-design-storefronts-mobile-app-builder,20,5.0,0,31,0,1e-09,0.0,
mutual-dropshipping-app,MutualDropshipping,finding-products-sourcing-options-dropshipping,20,4.4,0,46,0,1e-09,0.0,
nerdy-form-builder,Nerdy Form Builder,store-design-notifications-forms,20,4.8,0,17,0,1e-09,0.0,
new-arrivals,New Arrivals Maestro,store-design-product-display-collections,20,4.9,0,28,0,1e-09,0.0,
notify-customers,Notify Customers SMS Marketing,marketing-and-conversion-marketing-sms-marketing,20,5.0,0,16,0,1e-09,0.0,
open-signin,Open SignIn ‑ Social Login,store-management-security-accounts-and-login,20,3.9,0,71,0,1e-09,0.0,
ordersplit-pro,OrderSplit Pro ‑ Split Order,orders-and-shipping-orders-order-editing,20,4.7,0,12,0,1e-09,0.0,
orichi-product-feeds,OC Multi Product Feed LLMs.txt,sales-channels-selling-online-product-feeds,20,5.0,0,13,0,1e-09,0.0,
orka-live-chat,Live Chat & AI ChatGPT : Orka,store-management-support-helpdesk,20,5.0,0,34,0,1e-09,0.0,
patrol,Patrol ‑ ADA Code Level Fixes,store-design-site-optimization-accessibility,20,5.0,0,15,0,1e-09,0.0,
preloader,Preloadify ‑ Preloader Effects,store-design-design-elements-animation-and-effects,20,5.0,0,12,0,1e-09,0.0,
product-slider,Ada IQ: Slideshow Image Slider,store-design-images-and-media-image-gallery,20,4.8,0,82,0,1e-09,0.0,
puco-discounts,Puco Shipping Discounts,orders-and-shipping-shipping-solutions-shipping-rates,20,5.0,0,74,0,1e-09,0.0,
quickbooks-desktop-sync,MyWorks QuickBooksDesktop Sync,store-management-finances-accounting,20,4.9,0,21,0,1e-09,0.0,
retentics,Retentics: Repeat Order AI,marketing-and-conversion-marketing-email-marketing,20,5.0,0,46,0,1e-09,0.0,
review-collect,Review Collect by Scaly,marketing-and-conversion-social-trust-product-reviews,20,5.0,0,57,0,1e-09,0.0,
roster,Roster: Ambassador Marketing,marketing-and-conversion-advertising-affiliate-programs,20,4.8,0,43,0,1e-09,0.0,
ryzo-search,Ryzo AI Search & Visual Search,store-design-search-and-navigation-search-and-filters,20,5.0,0,15,0,1e-09,0.0,
shopaw-product-builder,Shopaw Product Options (POD),finding-products-sourcing-options-print-on-demand-pod,20,4.8,0,54,0,1e-09,0.0,
shoplocal-store-locator,ShopLocal Store Locator,sales-channels-selling-in-person-store-locator,20,4.7,0,38,0,1e-09,0.0,
sortwise,SortWise Collection Sort,store-design-product-display-collections,20,5.0,0,7,0,1e-09,0.0,
subscribfy,Subscribfy Subscriptions App,selling-products-payments-subscriptions,20,5.0,0,30,0,1e-09,0.0,
swap-global,Swap Global,orders-and-shipping-shipping-solutions-shipping-rates,20,4.0,0,70,0,1e-09,0.0,
tse-for-kassensichv,TSE (KassenSichV),store-management-security-legal,20,1.3,0,36,0,1e-09,0.0,
turn-14-distribution-api,Turn 14 Distribution,finding-products-sourcing-options-dropshipping,20,4.9,0,93,0,1e-09,0.0,
userloop-reviews-feedback,UserLoop AI Surveys & Popups,store-management-support-surveys,20,5.0,0,29,0,1e-09,0.0,
videos-stories-on-products,My Stories ‑ Video UGC & Leads,store-design-images-and-media-video-and-livestream,20,5.0,0,17,0,1e-09,0.0,
autocart-auto-add-to-cart,AutoCart: Gift With Purchase,marketing-and-conversion-checkout-cart-customization,19,4.8,0,55,0,1e-09,0.0,
bablic-translation,Bablic Translation,store-design-internationalization-currency-and-translation,19,4.5,0,71,0,1e-09,0.0,
backstock-preorder,Pre‑order Manager Pro,marketing-and-conversion-upsell-and-bundles-pre-orders,19,4.6,0,52,0,1e-09,0.0,
beez,Subscription & Bundle App Beez,selling-products-payments-subscriptions,19,5.0,0,13,0,1e-09,0.0,
bitbybit-google-signin,bitLoyalty: Loyalty & Login,store-management-security-accounts-and-login,19,4.1,0,58,0,1e-09,0.0,
calculator-builder-staging,Calconic ‑ Calculator Builder,selling-products-pricing-pricing-quotes,19,4.2,0,74,0,1e-09,0.0,
cartwhisper-checkoutsaver,Cart Whisper | Live View Pro,marketing-and-conversion-marketing-abandoned-cart,19,4.5,0,59,0,1e-09,0.0,
ccl-hide-sort-payments,CCL Hide Payment Methods,selling-products-payments-payment-experience,19,5.0,0,13,0,1e-09,0.0,
commercial-invoice,Customs Buddy,orders-and-shipping-orders-invoices-and-receipts,19,4.8,0,51,0,1e-09,0.0,
compareder-product-compare,Compareder ‑ Product Compare,store-design-product-display-product-comparison,19,4.9,0,10,0,1e-09,0.0,
create-custom-forms,Custom Form Builder by Websyms,store-design-notifications-forms,19,4.4,0,70,0,1e-09,0.0,
custom-pricing-wholesale,OSCP B2B Wholesale Pricing,finding-products-sourcing-options-wholesale,19,4.9,0,27,0,1e-09,0.0,
custom-size-price-calculator,M Custom Size Price Calculator,selling-products-pricing-pricing-quotes,19,5.0,0,54,0,1e-09,0.0,
dfplusio,dfplus.io 商品データ最適化,sales-channels-selling-online-product-feeds,19,5.0,0,76,0,1e-09,0.0,
disqus-integration-product-comments-reviews,Comments Plus: blog comments,store-design-content-blogs,19,4.7,0,48,0,1e-09,0.0,
dotdigital,Dotdigital Marketing,marketing-and-conversion-marketing-sms-marketing,19,4.4,0,29,0,1e-09,0.0,
dropship-india,Dropship India,finding-products-sourcing-options-dropshipping,19,3.5,0,24,0,1e-09,0.0,
e-fatura-entegrasyonu-1,Pax: eFatura Entegrasyonu,orders-and-shipping-orders-invoices-and-receipts,19,4.9,0,70,0,1e-09,0.0,
extend-protection,Extend Shopper Operations,orders-and-shipping-returns-and-warranty-warranties-and-insurance,19,4.8,0,26,0,1e-09,0.0,
faq-frequently-asked-questions,Enorm FAQ Page & Product FAQs,store-management-support-faq,19,3.7,0,28,0,1e-09,0.0,
financify,Financify:COD Profit Analytics,store-management-finances-accounting,19,4.1,0,66,0,1e-09,0.0,
flow-companion,Workflow Companion,store-management-operations-workflow-automation,19,4.9,0,19,0,1e-09,0.0,
fraud-control,Fraud Control,store-management-security-fraud,19,2.4,0,15,0,1e-09,0.0,
fundlet,Fundlet Fundraiser,marketing-and-conversion-customer-loyalty-donations,19,4.8,0,3,0,1e-09,0.0,
fundpop-crowdfunding,Fundpop Crowdfunding,marketing-and-conversion-upsell-and-bundles-pre-orders,19,4.5,0,27,0,1e-09,0.0,
go-gift-cards,GoGiftCards: Schedule & Send,marketing-and-conversion-gifts-gift-cards,19,4.2,0,17,0,1e-09,0.0,
hitide-social-sms-list-growth,HiTide: Grow your SMS List,marketing-and-conversion-marketing-sms-marketing,19,5.0,0,56,0,1e-09,0.0,
inflate,Inflate,marketing-and-conversion-social-trust-product-reviews,19,5.0,0,68,0,1e-09,0.0,
inventory-forecasting-hero,IFH Inventory Forecasting Hero,orders-and-shipping-inventory-inventory-optimization,19,5.0,0,46,0,1e-09,0.0,
japan-order-csv,Japan Order CSV,orders-and-shipping-shipping-solutions-shipping,19,4.8,0,47,0,1e-09,0.0,
lalamove,Lalamove: Deliver Faster,orders-and-shipping-shipping-solutions-delivery-and-pickup,19,4.1,0,70,0,1e-09,0.0,
limitsify-checkout-limits-done-right,Min&Max Limits by Limitsify,marketing-and-conversion-checkout-order-limits,19,4.4,0,40,0,1e-09,0.0,
material-manager,Material Manager,orders-and-shipping-inventory-inventory-optimization,19,4.2,0,17,0,1e-09,0.0,
mergn,"Mergn: Email, SMS & WhatsApp",marketing-and-conversion-marketing-sms-marketing,19,5.0,0,18,0,1e-09,0.0,
mimoran-purchase-order-plus,Mimoran Purchase Orders,orders-and-shipping-inventory-inventory-optimization,19,4.8,0,23,0,1e-09,0.0,
mt-cod-form,Madgic COD Form & Upsells,store-design-notifications-forms,19,4.6,0,15,0,1e-09,0.0,
mystery-box-builder,Mysbox Mystery Boxes & Bundles,marketing-and-conversion-upsell-and-bundles-product-bundles,19,5.0,0,63,0,1e-09,0.0,
octolize-hide-sort-shipping,OCT Hide Shipping Methods,marketing-and-conversion-checkout-cart-customization,19,4.9,0,19,0,1e-09,0.0,
omni-loyalty-rewards,OMNI Memberships & Loyalty CRM,marketing-and-conversion-customer-loyalty-loyalty-and-rewards,19,5.0,0,87,0,1e-09,0.0,
osco,"Osco: Shopee, Lazada, TikTok",sales-channels-selling-online-marketplaces,19,5.0,0,91,0,1e-09,0.0,
pathway-rechnungsprinter,Rechnungsprinter Pro > DATEV,store-management-finances-accounting,19,4.4,0,35,0,1e-09,0.0,
pickware,Pickware ERP & WMS,orders-and-shipping-inventory-erp,19,5.0,0,25,0,1e-09,0.0,
pify-order-purchase-limit,Pify Order Limits Quantity,marketing-and-conversion-checkout-order-limits,19,5.0,0,10,0,1e-09,0.0,
plug-in-ai-seo-optimizer,Plug in AI ‑ AI SEO Optimizer,store-management-operations-bulk-editor,19,4.9,0,74,0,1e-09,0.0,
poscafe,POS Cafe: Coffee Shops & QSR,sales-channels-selling-in-person-retail,19,5.0,0,11,0,1e-09,0.0,
postship-2,Postship Order Tracking Upsell,orders-and-shipping-orders-order-tracking,19,4.3,0,76,0,1e-09,0.0,
reversia,Reversia Al Language Translate,store-design-internationalization-currency-and-translation,19,5.0,0,20,0,1e-09,0.0,
ruffruff-order-limits,RuffRuff Order Limits,store-management-security-accounts-and-login,19,5.0,0,11,0,1e-09,0.0,
selluxe-sections-app,Sections by Selluxe,store-design-storefronts-page-builder,19,5.0,0,55,0,1e-09,0.0,
shopify-audiences,Shopify Audiences,marketing-and-conversion-advertising-ads,19,3.7,0,73,0,1e-09,0.0,
simplesync,SimpleSync » Sync by SKU,orders-and-shipping-inventory-inventory-optimization,19,4.0,0,77,0,1e-09,0.0,
sprii,Sprii,store-design-images-and-media-video-and-livestream,19,4.8,0,44,0,1e-09,0.0,
urgency-pack-ultimate,Urgency Pack Ultimate,marketing-and-conversion-upsell-and-bundles-stock-alerts,19,4.6,0,62,0,1e-09,0.0,
vervaunt-labs-surveys,Census: Customer Surveys,store-management-support-surveys,19,5.0,0,34,0,1e-09,0.0,
xenforum,Xenforum,store-design-notifications-forms,19,4.4,0,55,0,1e-09,0.0,
xero-6,Xero,store-management-finances-accounting,19,4.0,0,13,0,1e-09,0.0,
ai-size-chart-app,AI Fit Finder Size Recommender,store-design-product-display-product-comparison,18,5.0,0,18,0,1e-09,0.0,
answer-ai,AnswerAI Chatbot & Live Chat,store-management-support-helpdesk,18,5.0,0,29,0,1e-09,0.0,
art-of-where,Art of Where ‑ Print on Demand,finding-products-sourcing-options-dropshipping,18,4.7,0,43,0,1e-09,0.0,
athoscommerce,Athos: Unified Discovery,store-design-search-and-navigation-search-and-filters,18,3.7,0,41,0,1e-09,0.0,
avis-garantis,Guaranteed Reviews Company,marketing-and-conversion-social-trust-product-reviews,18,5.0,0,69,0,1e-09,0.0,
bl-external-links,BL External Links Button,store-design-design-elements-badges-and-icons,18,5.0,0,16,0,1e-09,0.0,
byte,Byte: Product Recommender Quiz,store-management-support-surveys,18,4.6,0,39,0,1e-09,0.0,
chatbase,Chatbase,store-management-support-helpdesk,18,4.7,0,10,0,1e-09,0.0,
clevercat-shoppable-videos,Clevercat Shoppable Videos,marketing-and-conversion-social-trust-social-proof,18,4.9,0,58,0,1e-09,0.0,
closeby-store-locator,Closeby ‑ Store Locator,sales-channels-selling-in-person-store-locator,18,4.9,0,31,0,1e-09,0.0,
corso-crew,Corso,orders-and-shipping-returns-and-warranty-warranties-and-insurance,18,4.8,0,10,0,1e-09,0.0,
dhl-express-commerce,DHL Express (Official),orders-and-shipping-shipping-solutions-shipping-rates,18,2.6,0,38,0,1e-09,0.0,
doc2blog,Reputon Blog & Page Builder,store-design-content-blogs,18,4.7,0,60,0,1e-09,0.0,
ecommix-google-sheets-sync,eCommix ‑ Google Sheets Sync,store-management-operations-bulk-editor,18,4.9,0,13,0,1e-09,0.0,
eraya-a-b-testing-and-cro,Eraya: A/B Testing,selling-products-pricing-pricing-optimization,18,5.0,0,26,0,1e-09,0.0,
filtor-search,Filtor AI Search & Filter,store-design-search-and-navigation-navigation-and-menus,18,4.9,0,73,0,1e-09,0.0,
flashyapp-marketing-automation,Flashy: Email Marketing & SMS,marketing-and-conversion-marketing-abandoned-cart,18,5.0,0,31,0,1e-09,0.0,
gemx-cro,GemX: CRO & A/B Testing,selling-products-pricing-pricing-optimization,18,4.7,0,23,0,1e-09,0.0,
gogenerosity-pay-it-forward,GoGenerosity ‑ Donations,marketing-and-conversion-customer-loyalty-donations,18,5.0,0,29,0,1e-09,0.0,
help-scout,Help Scout,store-management-support-helpdesk,18,3.5,0,38,0,1e-09,0.0,
hreflang-tags,Hreflang Tags: Digital Darts,store-design-site-optimization-seo,18,4.8,0,86,0,1e-09,0.0,
interestprint,InterestPrint:Print on Demand,finding-products-sourcing-options-print-on-demand-pod,18,4.8,0,33,0,1e-09,0.0,
it-recht-agb-schnittstelle,IT‑Recht AGB‑Schnittstelle,store-design-internationalization-currency-and-translation,18,4.9,0,14,0,1e-09,0.0,
join-shopping-connect,JOIN: Shoppable Video & UGC,store-design-images-and-media-video-and-livestream,18,5.0,0,26,0,1e-09,0.0,
kashpay-cod-form-builder,COD Form & Builder ‑ KashPay,selling-products-payments-pay-later,18,4.2,0,18,0,1e-09,0.0,
levelops-email-to-order,PDF to Order by LevelOps,store-management-operations-workflow-automation,18,5.0,0,17,0,1e-09,0.0,
linktree,Linktree,sales-channels-selling-online-marketplaces,18,3.6,0,41,0,1e-09,0.0,
lockgate-password-page,∞ Password Page + Lock Pages,store-management-security-accounts-and-login,18,5.0,0,12,0,1e-09,0.0,
mapmigo,MAPMIGO: Store Locator & Maps,sales-channels-selling-in-person-store-locator,18,5.0,0,5,0,1e-09,0.0,
my-store-credit,CreditsYard — Store Credit,orders-and-shipping-returns-and-warranty-returns-and-exchanges,18,4.8,0,85,0,1e-09,0.0,
narvar-returns,Narvar Return and Exchange,orders-and-shipping-returns-and-warranty-returns-and-exchanges,18,4.6,0,42,0,1e-09,0.0,
nexo-order-limit,Nexo ‑ Order Limits Quantity,marketing-and-conversion-checkout-order-limits,18,5.0,0,21,0,1e-09,0.0,
nextcart-store-migration,Next‑Cart Store Migration,sales-channels-selling-online-store-data-importer,18,4.8,0,78,0,1e-09,0.0,
order-status-tracker,Hulk Order Tracking & Upsell,orders-and-shipping-orders-order-tracking,18,3.3,0,82,0,1e-09,0.0,
preorder-now-presale-fordeer,Fordeer: PreOrder Now PreSale,marketing-and-conversion-upsell-and-bundles-pre-orders,18,3.5,0,57,0,1e-09,0.0,
resourcehub,ResourceHub Document Library,store-design-search-and-navigation-search-and-filters,18,5.0,0,13,0,1e-09,0.0,
sectionhub-theme-sections,SectionHub: Theme Sections,store-design-storefronts-page-builder,18,5.0,0,63,0,1e-09,0.0,
shieldify-fraud-filter,"Blockly Fraud Filter, Blocker",store-management-security-fraud,18,4.3,0,11,0,1e-09,0.0,
shipping-popup-app,Sendica Pickup Points,orders-and-shipping-shipping-solutions-shipping-rates,18,5.0,0,24,0,1e-09,0.0,
shoprank-ai,ShopRank AI: Rank in ChatGPT,store-design-site-optimization-seo,18,4.8,0,47,0,1e-09,0.0,
sms-marketing-abandoned-cart,SMSGo: Abandoned Cart Recovery,marketing-and-conversion-marketing-sms-marketing,18,4.0,0,10,0,1e-09,0.0,
startstorez-upsell,Sparrow Upsell & Cross Sell,marketing-and-conversion-upsell-and-bundles-upsell-and-cross-sell,18,5.0,0,70,0,1e-09,0.0,
stockistly,Stockistly Inventory Sync,orders-and-shipping-inventory-inventory-sync,18,5.0,0,67,0,1e-09,0.0,
truefit,True Fit: AI Size Guidance,store-design-product-display-product-comparison,18,4.4,0,53,0,1e-09,0.0,
veeform-product-quiz-builder,Veeform ‑ Product Quiz Builder,store-design-notifications-pop-ups,18,5.0,0,88,0,1e-09,0.0,
winehub-wine-club,Winehub Commerce,selling-products-payments-subscriptions,18,5.0,0,41,0,1e-09,0.0,
wishlist-suite,WishlistSuite Wishlist App,marketing-and-conversion-customer-loyalty-wishlists,18,5.0,0,16,0,1e-09,0.0,
accessibility-by-appifycommerce,AC ‑ Accessibility Toolkit,store-design-site-optimization-accessibility,17,5.0,0,29,0,1e-09,0.0,
advanced-custom-collections,Advanced Collections,store-design-product-display-collections,17,3.6,0,36,0,1e-09,0.0,
alma-badge,Alma ‑ Widget,store-design-design-elements-badges-and-icons,17,2.3,0,42,0,1e-09,0.0,
ankorstore-sell-wholesale,Ankorstore: Sell Wholesale,sales-channels-selling-online-marketplaces,17,4.7,0,51,0,1e-09,0.0,
anywherepod,Anywhere POD Personalizer,finding-products-sourcing-options-print-on-demand-pod,17,4.4,0,76,0,1e-09,0.0,
best-multi-currency-converter,Libautech: Currency Converter,store-design-internationalization-currency-and-translation,17,5.0,0,39,0,1e-09,0.0,
better-free-shipping,RM: Advanced Free Shipping,orders-and-shipping-shipping-solutions-shipping-rates,17,5.0,0,47,0,1e-09,0.0,
bill-pay,Shopify Bill Pay,store-management-finances-accounting,17,2.5,0,16,0,1e-09,0.0,
bony-subscriptions-app,Bony Subscriptions App,selling-products-payments-subscriptions,17,5.0,0,45,0,1e-09,0.0,
cart-saver,PluralCart: Save Carts & Share,marketing-and-conversion-customer-loyalty-wishlists,17,4.2,0,42,0,1e-09,0.0,
chargepay,ChargePay‑Chargeback AI Agent,store-management-security-fraud,17,5.0,0,20,0,1e-09,0.0,
christmas-calendar-by-saio,Saio: Daily Deals Calendar,selling-products-digital-goods-and-services-event-booking,17,3.0,0,52,0,1e-09,0.0,
custom-product-design,PODbazi: Tshirt Product Design,selling-products-custom-products-custom-file-upload,17,4.4,0,60,0,1e-09,0.0,
cymbio,Cymbio,sales-channels-selling-online-marketplaces,17,5.0,0,83,0,1e-09,0.0,
deliver-via-shipos,Ship OS,orders-and-shipping-shipping-solutions-shipping,17,5.0,0,50,0,1e-09,0.0,
dokopoi,総合ポイントアプリ「どこポイ」,marketing-and-conversion-customer-loyalty-loyalty-and-rewards,17,4.9,0,75,0,1e-09,0.0,
donate-bee,Donate Bee ‑ Easy Donations,marketing-and-conversion-customer-loyalty-donations,17,4.9,0,1,0,1e-09,0.0,
dyrect-warranty-registrations,Warranty Registration & Claims,orders-and-shipping-returns-and-warranty-warranties-and-insurance,17,4.9,0,13,0,1e-09,0.0,
endear,Endear AI‑Powered Clienteling,marketing-and-conversion-marketing-sms-marketing,17,4.7,0,24,0,1e-09,0.0,
eu-withdrawal-button-form,EU Withdrawal Button Free,store-management-security-legal,17,4.2,0,17,0,1e-09,0.0,
feed-idealo,Feed for Idealo,sales-channels-selling-online-product-feeds,17,5.0,0,28,0,1e-09,0.0,
fish-wishlist,Fish Wishlist,selling-products-pricing-pricing-quotes,17,5.0,0,18,0,1e-09,0.0,
flexi-theme-section,Flexi — Sections,store-design-storefronts-page-builder,17,4.9,0,80,0,1e-09,0.0,
gurmehub-yurtici-entegrasyonu,Kargo Entegratör: Tüm Kargolar,orders-and-shipping-shipping-solutions-third-party-logistics-3pl,17,5.0,0,16,0,1e-09,0.0,
helio-ai,YourLio AI,store-management-support-chat,17,5.0,0,81,0,1e-09,0.0,
jump,Jump: Affiliate Storefronts,marketing-and-conversion-advertising-affiliate-programs,17,5.0,0,69,0,1e-09,0.0,
k-facebook-reviews,K: Facebook Reviews Importer,marketing-and-conversion-social-trust-product-reviews,17,4.8,0,59,0,1e-09,0.0,
keystone-product-options-variants,"Key Product Options, Variants",selling-products-custom-products-product-variants,17,4.6,0,41,0,1e-09,0.0,
king-checkout-validation,King Checkout Validation,marketing-and-conversion-checkout-order-limits,17,5.0,0,14,0,1e-09,0.0,
kleio,Kleio Analytics,store-management-operations-analytics,17,5.0,0,63,0,1e-09,0.0,
osaria-audio-player,Osaria Audio Player,store-design-design-elements-animation-and-effects,17,4.8,0,19,0,1e-09,0.0,
pathlight,Pathlight Post Purchase Survey,store-management-support-surveys,17,4.6,0,13,0,1e-09,0.0,
pos-variable-price-products,POS Variable Priced Products,sales-channels-selling-in-person-retail,17,4.9,0,28,0,1e-09,0.0,
powr-tabs,POWR: Accordion Product Tabs,store-design-search-and-navigation-navigation-and-menus,17,4.6,0,61,0,1e-09,0.0,
product-memo,Huski Product Sample & memo,selling-products-pricing-pricing-quotes,17,5.0,0,52,0,1e-09,0.0,
pushbot,PushBot: Web Push Notification,marketing-and-conversion-marketing-abandoned-cart,17,4.6,0,50,0,1e-09,0.0,
quickfiles,QuickFiles — File Uploads,selling-products-custom-products-custom-file-upload,17,5.0,0,9,0,1e-09,0.0,
reforestation-app,One Tree Planted at Checkout,marketing-and-conversion-customer-loyalty-donations,17,4.7,0,54,0,1e-09,0.0,
shipany-1,"ShipAny: Label, Track, Pickup",orders-and-shipping-shipping-solutions-third-party-logistics-3pl,17,4.7,0,26,0,1e-09,0.0,
shopify-openerp-connector,Webkul Odoo Connector,orders-and-shipping-inventory-erp,17,3.6,0,48,0,1e-09,0.0,
shopwaive,"Shopwaive Credit, Loyalty & AI",marketing-and-conversion-customer-loyalty-loyalty-and-rewards,17,5.0,0,21,0,1e-09,0.0,
simple-subscriptions,SubZero Subscriptions App,selling-products-payments-subscriptions,17,4.0,0,60,0,1e-09,0.0,
simprosys-advance-search,SearchGro: Search & Filter,store-design-search-and-navigation-search-and-filters,17,4.0,0,23,0,1e-09,0.0,
smart-notifications,Smart Order Emails,store-management-operations-staff-notifications,17,5.0,0,23,0,1e-09,0.0,
storerank-ai,StoreRank Rank in ChatGPT & AI,store-design-site-optimization-seo,17,5.0,0,88,0,1e-09,0.0,
supportify-1,Supportify: AI‑powered support,store-management-support-chat,17,5.0,0,50,0,1e-09,0.0,
teleship-cross-border-delivery,Teleship Global Shipping,orders-and-shipping-shipping-solutions-shipping,17,5.0,0,86,0,1e-09,0.0,
turbo-bundles,Turbo Bundles Free Bundles,marketing-and-conversion-promotions-discounts,17,5.0,0,51,0,1e-09,0.0,
valet-theme-scheduler,Theme Scheduler ‑ Valet,store-management-operations-workflow-automation,17,4.9,0,51,0,1e-09,0.0,
all-in-one-upsell-and-discount,Searchanise Upsell Cross‑sell,store-design-notifications-banners,16,4.9,0,85,0,1e-09,0.0,
alpha-loyalty,"Alpha: Loyalty Program, Points",marketing-and-conversion-customer-loyalty-loyalty-and-rewards,16,5.0,0,34,0,1e-09,0.0,
apploy-mobile-app-builder,Apploy: Mobile App Builder,store-design-storefronts-mobile-app-builder,16,5.0,0,20,0,1e-09,0.0,
axon,AppLovin,marketing-and-conversion-advertising-ads,16,3.3,0,29,0,1e-09,0.0,
breadcrumbs,PH Breadcrumbs,store-design-search-and-navigation-navigation-and-menus,16,5.0,0,32,0,1e-09,0.0,
cart-block,Cart Block: checkout validator,marketing-and-conversion-checkout-order-limits,16,4.9,0,18,0,1e-09,0.0,
catalogace,Catalog PDF Maker ‑ AceCatalog,store-design-images-and-media-image-gallery,16,3.4,0,29,0,1e-09,0.0,
chargify-extra-fee,CHARGIFY Extra Fee,selling-products-pricing-pricing-quotes,16,4.0,0,64,0,1e-09,0.0,
discountprime,Discount Prime,finding-products-sourcing-options-wholesale,16,5.0,0,58,0,1e-09,0.0,
drdownload,DrDownload Digital Downloads,selling-products-digital-goods-and-services-digital-products,16,3.4,0,48,0,1e-09,0.0,
duty-calculator,Crossborderit IOSS and DDP,store-management-finances-taxes,16,1.4,0,67,0,1e-09,0.0,
easy-loyalty-rewards,ECA: Easy Loyalty Rewards,store-design-notifications-pop-ups,16,5.0,0,64,0,1e-09,0.0,
easylogic-functions-studio,Function Studio,marketing-and-conversion-promotions-discounts,16,4.9,0,83,0,1e-09,0.0,
ebb,Postsell: Order Editing Upsell,orders-and-shipping-orders-order-editing,16,3.4,0,58,0,1e-09,0.0,
etsy-reviews,Etsy Reviews ‑ FSL,marketing-and-conversion-social-trust-product-reviews,16,5.0,0,91,0,1e-09,0.0,
eu-energy-label,EPREL EU Energy Label Suite,store-design-design-elements-badges-and-icons,16,5.0,0,75,0,1e-09,0.0,
ez-fulfill,EZ Fulfill ‑ Auto Fulfillment,store-management-operations-workflow-automation,16,4.3,0,26,0,1e-09,0.0,
fastmagsync,SyncTo Fastmag,sales-channels-selling-in-person-retail,16,5.0,0,24,0,1e-09,0.0,
fin,Fin AI Agent & Intercom,store-management-support-helpdesk,16,4.6,0,23,0,1e-09,0.0,
fourcore-breadcrumbs,FourCore Breadcrumbs,store-design-search-and-navigation-navigation-and-menus,16,5.0,0,16,0,1e-09,0.0,
ga-faq,FAQ Page:Accordion+Help Center,store-management-support-faq,16,4.7,0,11,0,1e-09,0.0,
geo-shipping-bar,MLV Geo Shipping Bar,store-design-notifications-banners,16,5.0,0,68,0,1e-09,0.0,
goodszilla-donation-app,Conscious Cart,marketing-and-conversion-customer-loyalty-donations,16,5.0,0,14,0,1e-09,0.0,
gst-invoice-india-1,GST Invoices India,orders-and-shipping-orders-invoices-and-receipts,16,5.0,0,25,0,1e-09,0.0,
hreflang-manager,GWA: Hreflang Manager,store-design-site-optimization-seo,16,4.9,0,59,0,1e-09,0.0,
i-change-app-giveback,i=Change,marketing-and-conversion-customer-loyalty-donations,16,5.0,0,24,0,1e-09,0.0,
infinite-scroll-load-more-for-collections,Infi ‑ Infinite Scroll Load,store-design-search-and-navigation-navigation-and-menus,16,5.0,0,56,0,1e-09,0.0,
izprati-bg,izprati.bg ‑ Pickup & Shipping,orders-and-shipping-shipping-solutions-shipping-rates,16,4.7,0,42,0,1e-09,0.0,
magic-mirror-fashion-optics-jewelry,Auglio Eyewear Virtual Try‑On,store-design-images-and-media-3d-ar-vr,16,3.5,0,27,0,1e-09,0.0,
mercuri-ai-copilot,Mercuri SMS Marketing WhatsApp,marketing-and-conversion-marketing-sms-marketing,16,5.0,0,34,0,1e-09,0.0,
moship-siigo-integration,Integración Siigo Colombia,orders-and-shipping-orders-invoices-and-receipts,16,4.9,0,41,0,1e-09,0.0,
obake-ma,StoreCRM | LINE連携 | メール＋LINE配信,marketing-and-conversion-customer-loyalty-wishlists,16,5.0,0,72,0,1e-09,0.0,
pabloo-store-credit,Pabloo Store Credit & Cashback,marketing-and-conversion-customer-loyalty-loyalty-and-rewards,16,2.7,0,73,0,1e-09,0.0,
panda-size-chart,Size Chart & AI Size Guide,store-design-product-display-product-comparison,16,3.8,0,59,0,1e-09,0.0,
parcelous,Parcelous Order Tracking,orders-and-shipping-shipping-solutions-shipping,16,5.0,0,26,0,1e-09,0.0,
printkk,PrintKK Unique Print on Demand,finding-products-sourcing-options-print-on-demand-pod,16,4.7,0,12,0,1e-09,0.0,
product-auction-pro,Auction Pro,selling-products-pricing-pricing-optimization,16,4.9,0,48,0,1e-09,0.0,
product-back-image-on-hover,SB Product Image Hover Effect,store-design-images-and-media-image-gallery,16,5.0,0,31,0,1e-09,0.0,
proteger,proteger ‑ 安心して買える延長保証サービス,orders-and-shipping-returns-and-warranty-warranties-and-insurance,16,4.1,0,54,0,1e-09,0.0,
remix-discount,DiscountOS ‑ Market Discount,marketing-and-conversion-promotions-discounts,16,5.0,0,50,0,1e-09,0.0,
ruffruff-table-of-contents,RuffRuff Table of Contents,store-design-content-blogs,16,5.0,0,37,0,1e-09,0.0,
salesmartly-chat,SaleSmartly：Omnichannel chat,store-management-support-chat,16,5.0,0,52,0,1e-09,0.0,
same-day-delivery-by-getcho,Getcho ‑ Same Day Delivery Ops,orders-and-shipping-shipping-solutions-delivery-and-pickup,16,5.0,0,62,0,1e-09,0.0,
savify,Savify Automatic Discounts,marketing-and-conversion-checkout-cart-customization,16,5.0,0,83,0,1e-09,0.0,
scan-picker,Scan Picker,orders-and-shipping-shipping-solutions-shipping,16,5.0,0,77,0,1e-09,0.0,
sellify-post-purchase-upsell,Sellify Post Purchase Upsell,store-management-support-surveys,16,5.0,0,21,0,1e-09,0.0,
shipping-rates-on-product-page,OCT Shipping Rates Calculator,orders-and-shipping-shipping-solutions-shipping-rates,16,4.6,0,52,0,1e-09,0.0,
shopkeeper-branded-gift-card,ShopKeeper Gift Cards,marketing-and-conversion-gifts-gift-cards,16,4.4,0,32,0,1e-09,0.0,
stack,Stack | Conversion booster,store-design-content-product-content,16,4.9,0,25,0,1e-09,0.0,
sticky-floating-contact-form,Premio Sticky Contact Us Form,store-design-notifications-forms,16,4.7,0,53,0,1e-09,0.0,
sun-order-tracking,Avada Order Tracking,orders-and-shipping-orders-order-tracking,16,4.9,0,12,0,1e-09,0.0,
swift-b2b-cart-csv-upload,B2B Bulk Order / CSV Upload,finding-products-sourcing-options-wholesale,16,4.9,0,34,0,1e-09,0.0,
upsell-checkbox,Flex Upsell Cart Auto Discount,marketing-and-conversion-checkout-cart-customization,16,5.0,0,68,0,1e-09,0.0,
wishlist-plus-my-wishlist,Wishlist Plus ‑ My Wishlists,marketing-and-conversion-customer-loyalty-wishlists,16,4.9,0,10,0,1e-09,0.0,
xb-free-shipping-bar-upsell,XB: Free Shipping Bar Upsell,store-design-notifications-banners,16,4.8,0,22,0,1e-09,0.0,
accesswidget,accessiBe Web Accessibility,store-management-security-legal,15,3.5,0,18,0,1e-09,0.0,
advanced-order-quantity,Ex Minimum Order Quantity,marketing-and-conversion-checkout-order-limits,15,4.0,0,56,0,1e-09,0.0,
affordability-widget,Razorpay Affordability Widget,selling-products-payments-payment-experience,15,1.2,0,16,0,1e-09,0.0,
amazonify,Zonify‑ Amazon AI Dropshipping,marketing-and-conversion-advertising-affiliate-programs,15,5.0,0,71,0,1e-09,0.0,
amplius,Amplius Customer Fields,store-design-notifications-forms,15,3.6,0,54,0,1e-09,0.0,
antigro-gang-sheet-builder,Gang Sheet Builder,selling-products-custom-products-custom-file-upload,15,4.1,0,49,0,1e-09,0.0,
auto-discounts,FAD: Bundles & Upsell discount,marketing-and-conversion-promotions-discounts,15,5.0,0,94,0,1e-09,0.0,
base-1,base.com,orders-and-shipping-shipping-solutions-shipping,15,5.0,0,4,0,1e-09,0.0,
beautyboss,BeautyBoss: Private Label POD,finding-products-sourcing-options-print-on-demand-pod,15,5.0,0,60,0,1e-09,0.0,
blocklist,Blox: Chargeback Blacklist,store-management-security-fraud,15,4.6,0,24,0,1e-09,0.0,
cfdi-express,CFDI Express ‑ Mexican Invoice,orders-and-shipping-orders-invoices-and-receipts,15,4.9,0,32,0,1e-09,0.0,
cod-toolkit,COD Toolkit by Breeze,selling-products-payments-pay-later,15,5.0,0,30,0,1e-09,0.0,
codmonster,COD Form & Upsell ‑ CodMonster,store-design-notifications-forms,15,3.3,0,22,0,1e-09,0.0,
commentify,Commentify: Customer Comments,store-design-content-blogs,15,4.7,0,32,0,1e-09,0.0,
consignify,Consignify,store-management-finances-accounting,15,4.9,0,30,0,1e-09,0.0,
crowd-control,Crowd Control Pledge Manager,marketing-and-conversion-upsell-and-bundles-pre-orders,15,5.0,0,46,0,1e-09,0.0,
dext-greenback,Dext Commerce,store-management-finances-accounting,15,5.0,0,55,0,1e-09,0.0,
easy-rates-japan-post,easyRates: Japan Post,orders-and-shipping-shipping-solutions-shipping-rates,15,4.9,0,88,0,1e-09,0.0,
etsy-reviews-1,GA: Etsy Reviews Importer,marketing-and-conversion-social-trust-product-reviews,15,4.6,0,76,0,1e-09,0.0,
expertrec-smart-search-bar,Search & Product Discovery ‑AI,store-design-search-and-navigation-search-and-filters,15,5.0,0,39,0,1e-09,0.0,
expresstext,ExpressText Connect,marketing-and-conversion-marketing-sms-marketing,15,5.0,0,65,0,1e-09,0.0,
filejar,FileJar ‑ Digital Downloads,selling-products-digital-goods-and-services-digital-products,15,5.0,0,28,0,1e-09,0.0,
fuego,Fuego ‑ Mobile App Builder,store-design-storefronts-mobile-app-builder,15,5.0,0,25,0,1e-09,0.0,
geosort,Geosort: Country Sorting,store-design-product-display-collections,15,5.0,0,16,0,1e-09,0.0,
gp-free-shipping-bar,GP Free Shipping Bar,store-design-notifications-banners,15,4.6,0,41,0,1e-09,0.0,
helphq,AMP: FAQ Page & Help Center HQ,store-management-support-faq,15,4.5,0,24,0,1e-09,0.0,
indexnow,IndexNow: for Bing and Yandex,store-design-site-optimization-seo,15,5.0,0,72,0,1e-09,0.0,
jsrates-shipping-rates,JsRates: Custom Shipping Rates,orders-and-shipping-shipping-solutions-shipping-rates,15,5.0,0,80,0,1e-09,0.0,
live-visitor-counter-shopify-app,LH Visitor Counter Sales Popup,store-design-design-elements-badges-and-icons,15,4.6,0,38,0,1e-09,0.0,
mapstore,Mapstore ‑ Store Locator Map,sales-channels-selling-in-person-store-locator,15,4.9,0,7,0,1e-09,0.0,
mobiapp-mobile-app-builder,Casa Mobile App Builder,store-management-support-chat,15,5.0,0,17,0,1e-09,0.0,
mobikul-mobile-app,Mobile App Builder ‑ Mobikul,store-design-storefronts-mobile-app-builder,15,2.6,0,43,0,1e-09,0.0,
multiparcels-shipping-and-labels,NoParcels Shipping & Labels,orders-and-shipping-shipping-solutions-shipping-rates,15,4.9,0,78,0,1e-09,0.0,
netcore,Netcore Customer Engagement,store-management-operations-analytics,15,5.0,0,79,0,1e-09,0.0,
portalsphere,PortalSphere | B2B Wholesale,finding-products-sourcing-options-wholesale,15,4.8,0,29,0,1e-09,0.0,
postex-official,PostEx,orders-and-shipping-shipping-solutions-shipping,15,4.0,0,24,0,1e-09,0.0,
printbest-print-on-demand,Printbest: Print on Demand,finding-products-sourcing-options-print-on-demand-pod,15,4.1,0,62,0,1e-09,0.0,
profitfinder,ProfitFinder Profit Calculator,store-management-operations-analytics,15,5.0,0,49,0,1e-09,0.0,
puda-dropshipping-fulfillment,PUDA Dropshipping Fulfillment,finding-products-sourcing-options-dropshipping,15,5.0,0,92,0,1e-09,0.0,
recheck,Recheck Order Editing & Upsell,orders-and-shipping-orders-order-editing,15,5.0,0,22,0,1e-09,0.0,
releasit-bundle,Releasit Bundles & Upsells,marketing-and-conversion-upsell-and-bundles-product-bundles,15,4.9,0,35,0,1e-09,0.0,
replay-pro,ReplayPRO: Replays & Heatmaps,store-management-operations-analytics,15,4.7,0,56,0,1e-09,0.0,
revoka,Retractly: EU Withdrawal,store-management-security-legal,15,4.9,0,22,0,1e-09,0.0,
scrolling-logo-showcase,Fab Logo Slider Scrolling Logo,store-design-design-elements-badges-and-icons,15,5.0,0,23,0,1e-09,0.0,
serial-number-manager,SeriaLogic ‑ Order Serializer,store-management-operations-workflow-automation,15,4.0,0,14,0,1e-09,0.0,
shipit-delivery-checkout,Shipit Delivery Checkout,orders-and-shipping-shipping-solutions-shipping,15,4.8,0,58,0,1e-09,0.0,
shipping-market-selector,GeoFly Lang & Market Selector,store-design-internationalization-currency-and-translation,15,4.8,0,54,0,1e-09,0.0,
storelocators,StoreLocators: Live Retail Map,sales-channels-selling-in-person-store-locator,15,5.0,0,15,0,1e-09,0.0,
suprimg-anti-theft-watermark,SuprImg: Anti‑theft Watermark,store-management-security-anti-theft,15,3.8,0,24,0,1e-09,0.0,
tapday-mobile-app-builder,Tapday ‑ AI Mobile App Builder,store-design-storefronts-mobile-app-builder,15,5.0,0,18,0,1e-09,0.0,
the-detective-faq,Detective FAQ Chat & Helpdesk,store-management-support-faq,15,4.8,0,39,0,1e-09,0.0,
wholesale-discount-pro-b2b-pricing,Wholesale Pro B2B Pricing App,selling-products-pricing-pricing-quotes,15,4.6,0,18,0,1e-09,0.0,
xb-countdown-timer,XB: Countdown Timer Bar Banner,store-design-notifications-banners,15,5.0,0,11,0,1e-09,0.0,
year-make-model-fitment-search,Convermax: Year Make Model,store-design-search-and-navigation-search-and-filters,15,5.0,0,17,0,1e-09,0.0,
adoric-post-purchase-upsell,Adoric Post Purchase Upsell,marketing-and-conversion-checkout-cart-customization,14,5.0,0,66,0,1e-09,0.0,
ai-product-description-1,PC SEO: AI Product Description,store-design-content-product-content,14,4.0,0,52,0,1e-09,0.0,
approvepro,ApprovePro ‑ Design Approvals,store-management-operations-workflow-automation,14,5.0,0,21,0,1e-09,0.0,
bazaarvoice-reviews-photos-social,Bazaarvoice Ratings & Reviews,marketing-and-conversion-social-trust-product-reviews,14,4.2,0,50,0,1e-09,0.0,
bing-shopping-product-feed,Microsoft Shopping Feed,sales-channels-selling-online-product-feeds,14,4.2,0,60,0,1e-09,0.0,
bitcrm-whatsapp-automation-1,bitCRM WhatsApp Abandoned Cart,marketing-and-conversion-marketing-abandoned-cart,14,4.5,0,58,0,1e-09,0.0,
callback-request,Mega Callback,store-design-notifications-forms,14,5.0,0,58,0,1e-09,0.0,
cartsguru,Carts Guru,marketing-and-conversion-marketing-sms-marketing,14,4.6,0,73,0,1e-09,0.0,
checkmate,CheckMate Terms and Conditions,store-management-security-legal,14,4.5,0,33,0,1e-09,0.0,
clay-b2b-lock,Clay • B2B Wholesale Lock,store-management-security-accounts-and-login,14,5.0,0,9,0,1e-09,0.0,
cloney-copy-products,Clony: Copy Products,sales-channels-selling-online-store-data-importer,14,4.1,0,76,0,1e-09,0.0,
contact-form-master,Contact form Master,store-design-notifications-forms,14,4.8,0,57,0,1e-09,0.0,
content-vault-subscriptions,Digital Product Subscriptions,selling-products-payments-subscriptions,14,4.9,0,23,0,1e-09,0.0,
discord-connect,Discord Connect,store-management-security-accounts-and-login,14,5.0,0,45,0,1e-09,0.0,
dori,Dori: AI Search & AI Chatbot,store-management-support-chat,14,5.0,0,59,0,1e-09,0.0,
dotsy-preorder-presale,TA Preorder & Back In Stock,marketing-and-conversion-upsell-and-bundles-pre-orders,14,4.7,0,20,0,1e-09,0.0,
ds-shipping-rates-zip-distance,DS Shipping Rates Zip Distance,orders-and-shipping-shipping-solutions-shipping-rates,14,5.0,0,35,0,1e-09,0.0,
dual-price-display-tax,EUR Tax Dual Price B2B Europe,store-management-finances-taxes,14,3.1,0,55,0,1e-09,0.0,
easy-price-list,Price List Pro ‑ products list,selling-products-pricing-pricing-optimization,14,5.0,0,43,0,1e-09,0.0,
ecodrive-dashboard,Support Causes You Can Track,marketing-and-conversion-customer-loyalty-donations,14,4.6,0,31,0,1e-09,0.0,
essential-back-in-stock-pro,Essential ‑ Back In Stock Pro,marketing-and-conversion-upsell-and-bundles-pre-orders,14,4.9,0,49,0,1e-09,0.0,
estimated-delivery-date-eta,Wow Estimated Delivery Date,orders-and-shipping-shipping-solutions-delivery-and-pickup,14,5.0,0,39,0,1e-09,0.0,
evmfreeshipping,Free Shipping Bar By Sellify,marketing-and-conversion-customer-loyalty-wishlists,14,4.0,0,67,0,1e-09,0.0,
ez-notify,EZ Notify ‑ Slack Integration,store-management-operations-staff-notifications,14,4.9,0,22,0,1e-09,0.0,
feed-trovaprezzi-drezzy,Feed Trovaprezzi.it/Drezzy.it,sales-channels-selling-online-product-feeds,14,5.0,0,73,0,1e-09,0.0,
flex-stock-sync,FlexSync: Google Sheets Sync,orders-and-shipping-inventory-inventory-optimization,14,4.6,0,20,0,1e-09,0.0,
fulbix-variant-images,"FB Variant Image, Color Swatch",selling-products-custom-products-product-variants,14,5.0,0,42,0,1e-09,0.0,
image-alt-texts-optimizer,SEOPro: SEO Products Optimizer,store-design-content-product-content,14,4.8,0,62,0,1e-09,0.0,
inhouse-shipping-protection,ShipGuard: Shipping Protection,marketing-and-conversion-upsell-and-bundles-upsell-and-cross-sell,14,4.4,0,7,0,1e-09,0.0,
lensia-ai-models-and-product-photos,Lensia AI Ads Create and UGC,store-design-images-and-media-image-editor,14,5.0,0,22,0,1e-09,0.0,
magic-bundles,Magic Bundles Quantity Breaks,marketing-and-conversion-promotions-discounts,14,5.0,0,48,0,1e-09,0.0,
mergeit-combine-merge-orders,MergeIt ‑ Combine Merge Orders,store-management-operations-workflow-automation,14,4.7,0,31,0,1e-09,0.0,
modash,Modash Influencer Marketing,marketing-and-conversion-advertising-affiliate-programs,14,5.0,0,21,0,1e-09,0.0,
mp-request-a-quote-rfq,SP Request a Quote (RFQ),selling-products-pricing-pricing-quotes,14,5.0,0,12,0,1e-09,0.0,
nexora-product-labels,Nexora Product Labels & Badges,store-design-design-elements-badges-and-icons,14,4.4,0,46,0,1e-09,0.0,
parcelamento,Tabela Parcelamento Empreender,selling-products-payments-payment-experience,14,4.8,0,27,0,1e-09,0.0,
pixlee,Emplifi UGC,store-design-images-and-media-image-gallery,14,4.8,0,73,0,1e-09,0.0,
reel-app,Reelify Shoppable Video & UGC,store-design-images-and-media-video-and-livestream,14,5.0,0,47,0,1e-09,0.0,
sales-shield,Sales Shield: Store Protection,store-management-security-fraud,14,4.6,0,12,0,1e-09,0.0,
seo-buddy-ai-json-ld-tool,SEO Buddy: AI Rich Results,store-design-images-and-media-image-editor,14,3.7,0,58,0,1e-09,0.0,
sharpei,Sharpei: Hardware‑as‑a‑Service,selling-products-payments-subscriptions,14,4.7,0,57,0,1e-09,0.0,
shipy-app,Shipy 2 ‑ Andreani y CorreoArg,orders-and-shipping-shipping-solutions-shipping-rates,14,4.3,0,29,0,1e-09,0.0,
specification-charts,Easy Specs,store-design-product-display-product-comparison,14,4.8,0,47,0,1e-09,0.0,
stock-counter-elite,ET Scarcity Low Stock Counter,marketing-and-conversion-upsell-and-bundles-stock-alerts,14,5.0,0,78,0,1e-09,0.0,
stores-2,会員プログラム・ポイント・POSレジ連携・モバイルアプリ,store-design-storefronts-mobile-app-builder,14,4.9,0,30,0,1e-09,0.0,
survey-daddy,Survey Daddy,store-management-support-surveys,14,5.0,0,24,0,1e-09,0.0,
swipe-1,GST Invoice Inventory ‑ Swipe,orders-and-shipping-orders-invoices-and-receipts,14,4.1,0,47,0,1e-09,0.0,
syncora-backup-restore,Syncora: Backup & Restore,sales-channels-selling-online-store-data-importer,14,4.8,0,52,0,1e-09,0.0,
upload-center,Upload Center: File Upload,selling-products-custom-products-custom-file-upload,14,5.0,0,37,0,1e-09,0.0,
vip,VIP ‑ 会員プログラム,marketing-and-conversion-customer-loyalty-loyalty-and-rewards,14,4.9,0,82,0,1e-09,0.0,
wishlist-monk,Wishlist Monk,marketing-and-conversion-customer-loyalty-wishlists,14,5.0,0,21,0,1e-09,0.0,
wixpa-tag-manager,Wixpa Google Ads ‑ GA4 ‑ GTM,marketing-and-conversion-advertising-ads,14,4.8,0,47,0,1e-09,0.0,
wolfpack-product-bundles-1,"Wolfpack Bundle Builder, BYOB",marketing-and-conversion-upsell-and-bundles-product-bundles,14,5.0,0,83,0,1e-09,0.0,
yuko,Yuko Loyalty Program Rewards,marketing-and-conversion-customer-loyalty-loyalty-and-rewards,14,5.0,0,48,0,1e-09,0.0,
zak-affiliate-marketing-link,Affiliate Marketing Short Link,marketing-and-conversion-advertising-affiliate-programs,14,5.0,0,58,0,1e-09,0.0,
zegsu-sold-stock-counter,Sold Count: Low Stock Counter,marketing-and-conversion-upsell-and-bundles-countdown-timer,14,3.3,0,55,0,1e-09,0.0,
zendra,Zendra Memberships,selling-products-payments-subscriptions,14,4.9,0,22,0,1e-09,0.0,
asklo,"Asklo AI Assistant | FAQs, Q&A",store-design-content-product-content,13,4.2,0,26,0,1e-09,0.0,
automotive-part-search,PartFinder: Year Make Model,store-design-search-and-navigation-search-and-filters,13,5.0,0,49,0,1e-09,0.0,
blueexpress-app,Blue Express,orders-and-shipping-shipping-solutions-shipping-rates,13,2.5,0,56,0,1e-09,0.0,
bookscloud,BooksCloud: Book Dropshipping,finding-products-sourcing-options-wholesale,13,5.0,0,54,0,1e-09,0.0,
bulk-variants-editor,SpurIT Bulk Products Editor,store-design-content-product-content,13,4.2,0,61,0,1e-09,0.0,
call-now-button,SimpleCall ‑ Click to Call,store-design-notifications-forms,13,3.7,0,74,0,1e-09,0.0,
chargeback-specialist,Chargeback Dispute Specialist,store-management-security-fraud,13,5.0,0,25,0,1e-09,0.0,
cleero-payment-matching,Cleero: Auto Payment Matching,selling-products-payments-payment-experience,13,5.0,0,10,0,1e-09,0.0,
codeinspire-accessibility-tool,CodeInspire Accessibility Tool,store-design-site-optimization-accessibility,13,5.0,0,33,0,1e-09,0.0,
coming-soon-pro,Coming Soon ‑ Launch Page,store-design-storefronts-page-builder,13,4.4,0,35,0,1e-09,0.0,
competitor-tracking,PriceOtus | Dynamic Pricing,selling-products-pricing-pricing-optimization,13,5.0,0,53,0,1e-09,0.0,
dailyfulfill,DailyFulfill: Dropship&Branded,finding-products-sourcing-options-dropshipping,13,5.0,0,38,0,1e-09,0.0,
datarize-public,Datarize : CRM made so easy,marketing-and-conversion-marketing-email-marketing,13,5.0,0,47,0,1e-09,0.0,
donation-pop,Donation Pop | Pop‑up in cart,marketing-and-conversion-customer-loyalty-donations,13,4.7,0,17,0,1e-09,0.0,
draft-and-custom-orders-for-pos,Custom & Draft Orders For POS,orders-and-shipping-orders-order-editing,13,3.8,0,66,0,1e-09,0.0,
dynasort,Dynasort AI Merchandising,store-design-product-display-collections,13,4.5,0,20,0,1e-09,0.0,
easy-portfolio-gallery,Pavo Photo Gallery & Portfolio,store-design-images-and-media-image-gallery,13,4.9,0,75,0,1e-09,0.0,
easy-table-of-content,Easy Table of Contents 2.0,store-design-content-blogs,13,4.8,0,26,0,1e-09,0.0,
ego-subscriptions,Ego Subscriptions App,selling-products-payments-subscriptions,13,4.6,0,38,0,1e-09,0.0,
entafix-bulk-gift-cards,GiftFix | Bulk Gift Cards,marketing-and-conversion-gifts-gift-cards,13,5.0,0,3,0,1e-09,0.0,
estore2app,eStore2App Mobile App Builder,store-design-storefronts-mobile-app-builder,13,5.0,0,29,0,1e-09,0.0,
faslet-size-me-up,Faslet Size & Fit,store-design-product-display-product-comparison,13,5.0,0,31,0,1e-09,0.0,
flow-trigger-extensions,Workflow Trigger Extensions,store-management-operations-workflow-automation,13,5.0,0,7,0,1e-09,0.0,
form-builder-by-elfsight,Elfsight Contact Form Builder,store-design-notifications-forms,13,4.7,0,72,0,1e-09,0.0,
ga-gdpr-ccpa-cookie-banner,GA:GDPR+Cookie Consent+Privacy,store-design-internationalization-cookie-consent,13,4.9,0,5,0,1e-09,0.0,
la-poste-pro-expeditions,La Poste Pro Expéditions,orders-and-shipping-shipping-solutions-shipping,13,3.9,0,71,0,1e-09,0.0,
link-gpt,LinkGPT–Get Found on AI Search,store-design-site-optimization-seo,13,4.6,0,70,0,1e-09,0.0,
loopz-gift-cards,Loopz Gift Cards,marketing-and-conversion-gifts-gift-cards,13,3.7,0,22,0,1e-09,0.0,
mageplaza-product-feed,MP Google Shopping Feed,sales-channels-selling-online-product-feeds,13,4.7,0,38,0,1e-09,0.0,
notify-slackapp,Ting ‑ Slack Notifications,store-management-operations-staff-notifications,13,5.0,0,16,0,1e-09,0.0,
numos-bookings,Numos Bookings,selling-products-digital-goods-and-services-event-booking,13,5.0,0,29,0,1e-09,0.0,
omnibus-insight-price-tracker-by-amasty,Omnibus Insight: Price History,store-management-security-legal,13,4.9,0,24,0,1e-09,0.0,
one-stop-volume-discounts,One Stop Volume Discounts,marketing-and-conversion-promotions-discounts,13,5.0,0,61,0,1e-09,0.0,
penguincod-partial-cod,PenguinCOD: Partial COD & OTP,selling-products-payments-pay-later,13,5.0,0,14,0,1e-09,0.0,
powr-media-gallery,POWR YouTube Gallery,store-design-images-and-media-image-gallery,13,4.7,0,89,0,1e-09,0.0,
product-badge,Badgy : Product Label & Badges,store-design-design-elements-badges-and-icons,13,4.7,0,10,0,1e-09,0.0,
push-bundle,Push Bundle ‑ Build a Box App,marketing-and-conversion-upsell-and-bundles-product-bundles,13,4.9,0,71,0,1e-09,0.0,
quotilio-quote-manager,Quotilio ‑ Quote Manager,selling-products-pricing-pricing-quotes,13,3.2,0,48,0,1e-09,0.0,
reelme-shoppable-videos,ReelMe ‑ Shoppable Videos,store-design-images-and-media-video-and-livestream,13,5.0,0,24,0,1e-09,0.0,
returnhelper-return-centre,Return Helper: Return Centre,orders-and-shipping-returns-and-warranty-returns-and-exchanges,13,3.2,0,44,0,1e-09,0.0,
sales-terminal,BR Sales Terminal POS,sales-channels-selling-in-person-retail,13,4.6,0,43,0,1e-09,0.0,
scan2sell,Scan2Sell,sales-channels-selling-in-person-retail,13,4.8,0,17,0,1e-09,0.0,
shop-protector-1,Shop Protector,store-management-security-anti-theft,13,3.9,0,20,0,1e-09,0.0,
shop2app-mobile-app-builder,Mobile App Builder ‑ Shop2App,store-design-storefronts-mobile-app-builder,13,5.0,0,56,0,1e-09,0.0,
steadfast,SteadFast,orders-and-shipping-shipping-solutions-delivery-and-pickup,13,1.7,0,90,0,1e-09,0.0,
storehero-profit-analytics,StoreHero Profit Analytics,store-management-operations-analytics,13,5.0,0,74,0,1e-09,0.0,
syncerize,Syncerize ‑ inventory sync,store-management-operations-bulk-editor,13,5.0,0,76,0,1e-09,0.0,
trustap-reviews,Trustap Reviews,marketing-and-conversion-social-trust-product-reviews,13,4.9,0,46,0,1e-09,0.0,
ultimate-scarcity-pro,Ultimate Scarcity Pro,marketing-and-conversion-upsell-and-bundles-countdown-timer,13,4.8,0,41,0,1e-09,0.0,
urlaudit,"URLAudit: SEO, AEO, GEO, LLMO",store-design-site-optimization-seo,13,5.0,0,53,0,1e-09,0.0,
variants-shared-inventory,VSI: Variants Shared Inventory,orders-and-shipping-inventory-inventory-optimization,13,3.0,0,72,0,1e-09,0.0,
wd-easy-courier-bd,WD: Easy Courier BD,orders-and-shipping-shipping-solutions-delivery-and-pickup,13,5.0,0,49,0,1e-09,0.0,
whatzi,WhatZi: WhatsApp AI Automation,store-management-operations-workflow-automation,13,4.6,0,41,0,1e-09,0.0,
ad-scroll-to-top,ScrollEase | Scroll To Top,store-design-search-and-navigation-navigation-and-menus,12,5.0,0,58,0,1e-09,0.0,
add-instagram-feed,Add Social Feed on Website,store-design-images-and-media-image-gallery,12,5.0,0,58,0,1e-09,0.0,
address-edit-helper,Yagi Address Edit Helper,orders-and-shipping-orders-order-editing,12,5.0,0,42,0,1e-09,0.0,
anycover,Anycover Extended Warranty,orders-and-shipping-returns-and-warranty-warranties-and-insurance,12,5.0,0,48,0,1e-09,0.0,
appy-stamp-loyalty-rewards,Appy Stamp: Loyalty Punch Card,marketing-and-conversion-customer-loyalty-loyalty-and-rewards,12,5.0,0,74,0,1e-09,0.0,
as-upsells-bundles,AS Upsell Cross‑Sell & Bundles,marketing-and-conversion-checkout-cart-customization,12,5.0,0,45,0,1e-09,0.0,
atomato,"Atomato Email, SMS & Upsell",store-design-notifications-banners,12,5.0,0,42,0,1e-09,0.0,
attired,AI Models & Photos ‑ Attired,store-design-images-and-media-image-editor,12,4.9,0,43,0,1e-09,0.0,
axentra-customer-command-centre,AXENTRA AI ‑ The Complete OS,marketing-and-conversion-customer-loyalty-loyalty-and-rewards,12,4.9,0,66,0,1e-09,0.0,
badgezilla,"Badgezilla Trust Badges, Icons",store-design-design-elements-badges-and-icons,12,4.7,0,45,0,1e-09,0.0,
bitchat-whatsapp-chatgpt-ai-omnichannel-inbox,bitChat: AI Live Chat & Sales,store-management-support-helpdesk,12,5.0,0,21,0,1e-09,0.0,
blocky,Blocky,store-design-storefronts-page-builder,12,3.6,0,83,0,1e-09,0.0,
bundlon,EZ Bundles & Volume Discounts,marketing-and-conversion-upsell-and-bundles-product-bundles,12,4.6,0,82,0,1e-09,0.0,
catalog-machine,Catalog Machine,store-design-content-product-content,12,4.9,0,14,0,1e-09,0.0,
checkout-validator,Nex Minimum Order Amount MOQ,marketing-and-conversion-checkout-order-limits,12,4.2,0,33,0,1e-09,0.0,
codbot-cod-sms-verification,COD: Advanced Cash on Delivery,selling-products-payments-pay-later,12,4.8,0,55,0,1e-09,0.0,
convi,Convi: AI Chatbot & Live chat,store-management-support-helpdesk,12,5.0,0,12,0,1e-09,0.0,
csv-order-upload,Order's up! CSV Order Importer,orders-and-shipping-orders-order-editing,12,4.8,0,45,0,1e-09,0.0,
debutify-reviews,Debutify Product Reviews & QA,store-management-support-surveys,12,3.7,0,40,0,1e-09,0.0,
dianxiaomi,Dianxiaomi（店小秘）,orders-and-shipping-inventory-erp,12,3.3,0,3,0,1e-09,0.0,
drinks,DRINKS ASSURE,store-management-security-legal,12,5.0,0,45,0,1e-09,0.0,
dropdash,Dropdash,finding-products-sourcing-options-dropshipping,12,3.5,0,34,0,1e-09,0.0,
e-boekhouden-nl,e‑Boekhouden.nl,store-management-finances-accounting,12,4.6,0,56,0,1e-09,0.0,
embed,Embed Any Social Media w/ Link,marketing-and-conversion-social-trust-social-proof,12,4.9,0,60,0,1e-09,0.0,
ezinvoices,ezInvoices | One‑Click Invoice,orders-and-shipping-orders-invoices-and-receipts,12,4.6,0,81,0,1e-09,0.0,
firewall-ip-and-country-restriction,MO: Country Blocker & IP Block,store-management-security-anti-theft,12,3.6,0,27,0,1e-09,0.0,
fourty-ai,40 Agentic AEO: ChatGPT Claude,store-design-site-optimization-seo,12,5.0,0,54,0,1e-09,0.0,
fraudlabs-pro-fraud-prevention,FraudLabs Pro Fraud Prevention,store-management-security-fraud,12,4.2,0,30,0,1e-09,0.0,
fulfilment-by-locad,Locad Fulfillment,orders-and-shipping-shipping-solutions-third-party-logistics-3pl,12,4.7,0,28,0,1e-09,0.0,
gangio,Gangio DTF Gang Sheet Builder,selling-products-custom-products-custom-file-upload,12,4.8,0,20,0,1e-09,0.0,
glasses-virtual-try-on-by-fittingbox,Fittingbox Virtual Try‑On,store-design-images-and-media-3d-ar-vr,12,4.7,0,18,0,1e-09,0.0,
gropulse-wishlist,GP ‑ Wishlist & Upsell Suite,marketing-and-conversion-customer-loyalty-wishlists,12,4.9,0,34,0,1e-09,0.0,
hoppy-cookie,Hoppy GDPR Compliance,store-design-internationalization-cookie-consent,12,4.6,0,6,0,1e-09,0.0,
hubbox-pickup,HubBox Pickup at Checkout,orders-and-shipping-shipping-solutions-delivery-and-pickup,12,4.7,0,57,0,1e-09,0.0,
idoklad-automated-invoicing,iDoklad • Integration,store-management-finances-accounting,12,4.3,0,89,0,1e-09,0.0,
instagram-in-shop,Feedfy: Shoppable Instagram,store-design-images-and-media-image-gallery,12,4.8,0,85,0,1e-09,0.0,
inveterate,Inveterate Memberships,selling-products-payments-subscriptions,12,4.9,0,59,0,1e-09,0.0,
jaak,Jaak,orders-and-shipping-shipping-solutions-delivery-and-pickup,12,5.0,0,75,0,1e-09,0.0,
klevu-smart-search,Klevu ‑ AI Search & Discovery,store-design-search-and-navigation-search-and-filters,12,4.9,0,64,0,1e-09,0.0,
kool-whatsapp-notifications,KOOL WhatsApp Notifications,marketing-and-conversion-marketing-abandoned-cart,12,4.9,0,72,0,1e-09,0.0,
loadify-infinite-scroll,Scroller Pro ‑ Infinite Scroll,store-design-search-and-navigation-navigation-and-menus,12,5.0,0,14,0,1e-09,0.0,
login-sso-using-store-as-idp,Store as IDP‑SSO Login to Apps,store-management-security-accounts-and-login,12,4.8,0,66,0,1e-09,0.0,
nivoda,Nivoda Connect,finding-products-sourcing-options-wholesale,12,5.0,0,53,0,1e-09,0.0,
onboard-b2b,Onboard B2B: Company Profiles,store-management-security-accounts-and-login,12,5.0,0,28,0,1e-09,0.0,
onvoard-back-in-stock,OnVoard Back In Stock,marketing-and-conversion-upsell-and-bundles-stock-alerts,12,5.0,0,68,0,1e-09,0.0,
orange-popup,Popup Conversion Wizard,store-design-notifications-pop-ups,12,5.0,0,34,0,1e-09,0.0,
parcel2go-shipping,Parcel2Go Shipping,orders-and-shipping-shipping-solutions-shipping,12,4.6,0,45,0,1e-09,0.0,
pictu-ai,Pictu Bulk AI Image Generation,store-design-images-and-media-image-editor,12,5.0,0,16,0,1e-09,0.0,
protectmyorder,PMO: ProtectMyOrder,orders-and-shipping-returns-and-warranty-warranties-and-insurance,12,5.0,0,37,0,1e-09,0.0,
referrush,ReferRush,marketing-and-conversion-advertising-affiliate-programs,12,5.0,0,49,0,1e-09,0.0,
replyco,Replyco ‑ eCommerce Helpdesk,store-management-support-helpdesk,12,4.3,0,55,0,1e-09,0.0,
rfq-request-quote-hide-price,RFQ Request Quote & Hide Price,selling-products-pricing-pricing-quotes,12,4.6,0,76,0,1e-09,0.0,
seal-loyalty,Seal Loyalty,marketing-and-conversion-customer-loyalty-loyalty-and-rewards,12,4.8,0,58,0,1e-09,0.0,
sendlane-app,Sendlane: Unified Email & SMS,marketing-and-conversion-marketing-sms-marketing,12,4.5,0,47,0,1e-09,0.0,
simple-discounts,Simple Discounts,selling-products-pricing-pricing-optimization,12,5.0,0,61,0,1e-09,0.0,
stockify-pre-order,Stockify Pre‑order Coming Soon,marketing-and-conversion-upsell-and-bundles-pre-orders,12,4.5,0,30,0,1e-09,0.0,
store-launch,Store Launch: AI Store Builder,store-design-storefronts-page-builder,12,4.8,0,87,0,1e-09,0.0,
turbo-progress-bar,Turbo Cart Progress Bar & Gift,marketing-and-conversion-promotions-discounts,12,4.6,0,44,0,1e-09,0.0,
universal-sms-pakistan,Universal SMS Pakistan,marketing-and-conversion-marketing-sms-marketing,12,5.0,0,42,0,1e-09,0.0,
varhide-hide-variants,VarHide Hide Sold Out Variants,selling-products-custom-products-product-variants,12,5.0,0,60,0,1e-09,0.0,
variants-in-collections,Singleton | Variants in List,store-design-product-display-collections,12,5.0,0,48,0,1e-09,0.0,
watix,Watix ‑ WhatsApp Order Alerts,store-management-support-chat,12,5.0,0,44,0,1e-09,0.0,
wukusy-indian-dropshipping,Wukusy ‑ Indian Dropshipping,finding-products-sourcing-options-dropshipping,12,4.3,0,54,0,1e-09,0.0,
yayloh,yayloh | Returns & Exchanges,orders-and-shipping-returns-and-warranty-returns-and-exchanges,12,5.0,0,67,0,1e-09,0.0,
advanced-gst,Advanced Invoices/GST App,store-management-finances-taxes,11,4.2,0,53,0,1e-09,0.0,
ai-alt-text-entangle,Rocket AI Alt Text Generator,store-design-site-optimization-accessibility,11,4.9,0,12,0,1e-09,0.0,
alliance-pro,Alliance Pro,marketing-and-conversion-advertising-affiliate-programs,11,5.0,0,29,0,1e-09,0.0,
alva-courses,Alva Courses,selling-products-digital-goods-and-services-digital-products,11,5.0,0,31,0,1e-09,0.0,
answerbase,Answerbase AI‑Enabled FAQs,store-design-content-product-content,11,5.0,0,36,0,1e-09,0.0,
aon-subscriptions,Subscription App & Free Gift,selling-products-payments-subscriptions,11,5.0,0,31,0,1e-09,0.0,
app-stack-1,Cart & Checkout Limit ‑ DMJ,marketing-and-conversion-checkout-order-limits,11,2.8,0,53,0,1e-09,0.0,
appify,Appify ‑ モバイルアプリ,store-design-storefronts-mobile-app-builder,11,5.0,0,36,0,1e-09,0.0,
askflow-ai,Askflow AI ‑ Product Quiz App,store-design-product-display-product-comparison,11,3.8,0,62,0,1e-09,0.0,
auction-now,Auction Now,selling-products-pricing-pricing-optimization,11,4.7,0,38,0,1e-09,0.0,
back-in-stock-notify-hero,Back In Stock ‑ Notify Hero,marketing-and-conversion-upsell-and-bundles-stock-alerts,11,5.0,0,52,0,1e-09,0.0,
bagel-preorder-public,Bagel Back Order | Pre Order,store-management-operations-workflow-automation,11,5.0,0,25,0,1e-09,0.0,
beacon,Beacon Fraud Prevention,store-management-security-fraud,11,4.7,0,17,0,1e-09,0.0,
bigblue,Bigblue ‑ All in one logistics,orders-and-shipping-shipping-solutions-third-party-logistics-3pl,11,5.0,0,31,0,1e-09,0.0,
biteship,Biteship: Multi‑courier App,orders-and-shipping-shipping-solutions-delivery-and-pickup,11,5.0,0,68,0,1e-09,0.0,
blumacawtech,BMT B2B Wholesale Pricing,finding-products-sourcing-options-wholesale,11,5.0,0,49,0,1e-09,0.0,
bulk-gift-card-generator-2,Datora | Bulk Gift Cards,marketing-and-conversion-gifts-gift-cards,11,4.3,0,16,0,1e-09,0.0,
callsy-ai,Callsy Abandoned Cart Recovery,marketing-and-conversion-marketing-sms-marketing,11,5.0,0,51,0,1e-09,0.0,
checkout-blocks-and-customizer,Checkout Blocks & Customizer,store-design-notifications-forms,11,5.0,0,28,0,1e-09,0.0,
checkout-controller-1,EZ Checkout Controller | Rules,marketing-and-conversion-checkout-order-limits,11,4.0,0,31,0,1e-09,0.0,
checkoutreview,Checkout Review Lift,marketing-and-conversion-social-trust-product-reviews,11,5.0,0,43,0,1e-09,0.0,
chronopost-production,Chronopost Official,orders-and-shipping-shipping-solutions-shipping-rates,11,1.5,0,58,0,1e-09,0.0,
coattend,CoAttend ‑ Booking app,selling-products-digital-goods-and-services-event-booking,11,4.7,0,41,0,1e-09,0.0,
country-blockeer,Geoshield ‑ Country blocker,store-management-security-anti-theft,11,4.6,0,19,0,1e-09,0.0,
currency-auto-switcher,SpurIT Multi Currency Switcher,store-design-internationalization-currency-and-translation,11,4.6,0,64,0,1e-09,0.0,
custom-audience-sync,Syncmatic Segments on Facebook,store-management-operations-workflow-automation,11,5.0,0,37,0,1e-09,0.0,
d,配送日時指定 .amp | 配送日時指定 & 出荷伝票CSV,orders-and-shipping-shipping-solutions-delivery-and-pickup,11,4.7,0,81,0,1e-09,0.0,
dadao-product-seo-edit-1,Dadao SEO AI Blog,store-design-content-blogs,11,5.0,0,35,0,1e-09,0.0,
dreamship,Dreamship: Print on Demand,finding-products-sourcing-options-print-on-demand-pod,11,4.7,0,58,0,1e-09,0.0,
easyverifactu,Verifactu App ‑ de Finseed,store-management-finances-taxes,11,5.0,0,18,0,1e-09,0.0,
eca-b2b-wholesale-pricing,Easy B2B Wholesale App,finding-products-sourcing-options-wholesale,11,5.0,0,59,0,1e-09,0.0,
eshopbox-2,Eshopbox Shipping,orders-and-shipping-inventory-inventory-optimization,11,4.7,0,31,0,1e-09,0.0,
feedimport,FeedImport ‑ Shopping Feed,sales-channels-selling-online-product-feeds,11,4.4,0,36,0,1e-09,0.0,
fetchapp,FetchApp,selling-products-digital-goods-and-services-digital-products,11,4.7,0,37,0,1e-09,0.0,
gocart-free-gift-bogo,GoCart ‑ Auto Free Gift & BOGO,marketing-and-conversion-checkout-cart-customization,11,4.5,0,78,0,1e-09,0.0,
googlesheets-sync,Sync: Bulk Edit Google Sheets,store-management-operations-bulk-editor,11,4.7,0,86,0,1e-09,0.0,
halloween-day-celebration,Halloween Day Celebration,store-design-design-elements-animation-and-effects,11,4.2,0,24,0,1e-09,0.0,
hide-push-down-out-of-stock,Hide & Push Down Out of Stock,store-design-product-display-collections,11,4.2,0,14,0,1e-09,0.0,
icona,Icona: AI Virtual Try On,store-design-images-and-media-3d-ar-vr,11,5.0,0,6,0,1e-09,0.0,
iconic-sections,Iconic Section: Theme Sections,store-design-storefronts-page-builder,11,5.0,0,62,0,1e-09,0.0,
image-translate-easy,Product Image Translate Easy,store-design-internationalization-currency-and-translation,11,5.0,0,19,0,1e-09,0.0,
import-reviews,EZ Amazon Reviews Importer,marketing-and-conversion-social-trust-product-reviews,11,4.0,0,82,0,1e-09,0.0,
inpost-4,InPost by Progus,orders-and-shipping-shipping-solutions-delivery-and-pickup,11,5.0,0,43,0,1e-09,0.0,
installment-recurring-payments,SpurIT Installment Invoices,selling-products-payments-payment-experience,11,3.8,0,30,0,1e-09,0.0,
joy-wishlist,Joy Wishlist app,marketing-and-conversion-marketing-email-marketing,11,5.0,0,14,0,1e-09,0.0,
k-portfolio,K: Portfolio & Photo Gallery,store-design-images-and-media-image-gallery,11,4.9,0,38,0,1e-09,0.0,
k-size-guides-size-chart,K: Size Charts & Size Guide,store-design-product-display-product-comparison,11,5.0,0,43,0,1e-09,0.0,
knitwise-knit-on-demand-dropshipping,Knitwise: Knit On Demand,finding-products-sourcing-options-print-on-demand-pod,11,5.0,0,82,0,1e-09,0.0,
kokfy-calculo-frete-no-produto,Frete no Produto,orders-and-shipping-shipping-solutions-shipping-rates,11,4.5,0,33,0,1e-09,0.0,
komfortkasse-offline-payments,Komfortkasse offline payments,selling-products-payments-payment-experience,11,4.4,0,23,0,1e-09,0.0,
local-delivery-routes,Super Local Delivery,orders-and-shipping-shipping-solutions-delivery-and-pickup,11,5.0,0,45,0,1e-09,0.0,
lokalize,Lokalize AI Language Translate,store-design-internationalization-currency-and-translation,11,4.9,0,25,0,1e-09,0.0,
magic-wishlist,Magic Wishlist,marketing-and-conversion-customer-loyalty-wishlists,11,5.0,0,13,0,1e-09,0.0,
marvyn-ai,Marvyn AI Chatbot & Live Chat,store-management-support-chat,11,4.9,0,75,0,1e-09,0.0,
opus-facebook-pixel-meta-feed,Ego Facebook Pixel Meta Feed,store-management-operations-analytics,11,5.0,0,37,0,1e-09,0.0,
order-protect,OrderProtect,orders-and-shipping-returns-and-warranty-warranties-and-insurance,11,5.0,0,27,0,1e-09,0.0,
otp-plus-social-login,OTP+ B2B SMS & Social Login,store-management-security-accounts-and-login,11,4.7,0,8,0,1e-09,0.0,
paltrack,Paltrack PayPal Tracking Sync,store-management-security-legal,11,4.6,0,69,0,1e-09,0.0,
powr-video-slider,POWR: Video Slider & Carousel,store-design-images-and-media-image-gallery,11,4.8,0,69,0,1e-09,0.0,
printdoors-print-on-demand,PrintDoors：Print on Demand,finding-products-sourcing-options-print-on-demand-pod,11,4.5,0,65,0,1e-09,0.0,
product-music-player,Music Player by Websyms,store-design-design-elements-animation-and-effects,11,4.4,0,29,0,1e-09,0.0,
qequickview-announcement-bar,Qe Quick View + Announcement,store-design-images-and-media-image-gallery,11,5.0,0,33,0,1e-09,0.0,
quaderno,Quaderno: Taxes & E‑Invoicing,store-management-finances-taxes,11,5.0,0,39,0,1e-09,0.0,
rapi-cart,Rapi Cart Drawer | Cart Upsell,marketing-and-conversion-checkout-cart-customization,11,5.0,0,47,0,1e-09,0.0,
real-time-shipping-quotes,DIY Real Time Shipping Quotes,orders-and-shipping-shipping-solutions-shipping-rates,11,4.8,0,77,0,1e-09,0.0,
registry-wishlist-solution,MyRegistry Lite,marketing-and-conversion-customer-loyalty-wishlists,11,3.9,0,46,0,1e-09,0.0,
retailed-size-chart-guide,Retailed Size Chart & Guide,store-design-product-display-product-comparison,11,5.0,0,32,0,1e-09,0.0,
scan-price-embedded-barcodes,Price Embedded Barcode Scanner,sales-channels-selling-in-person-retail,11,5.0,0,32,0,1e-09,0.0,
sector-de-comuna-cl-gratis,Selecty ‑ Tarifas por Zonas,marketing-and-conversion-checkout-cart-customization,11,4.7,0,75,0,1e-09,0.0,
sender-email-sms,Sender Email Marketing & SMS,marketing-and-conversion-marketing-sms-marketing,11,4.7,0,15,0,1e-09,0.0,
sengine,かんたんサブスク ‑ 定期購入/定期購買を固定費0で始めよう,selling-products-payments-subscriptions,11,5.0,0,51,0,1e-09,0.0,
simple-sync,Simple Sync ‑ Copy Your Store,store-design-content-product-content,11,5.0,0,16,0,1e-09,0.0,
skroutz-connect,Skroutz Connect XML & Orders,sales-channels-selling-online-product-feeds,11,5.0,0,41,0,1e-09,0.0,
sledge,"Sledge: Product Filter, Review",store-design-search-and-navigation-search-and-filters,11,4.4,0,33,0,1e-09,0.0,
smart-eu-cookie-banner,GDPRify ‑ Smart GDPR Banner,store-design-internationalization-cookie-consent,11,4.9,0,17,0,1e-09,0.0,
smart-product-prreview,Dakaas AI Upsell & Cross Sell,marketing-and-conversion-upsell-and-bundles-product-bundles,11,5.0,0,77,0,1e-09,0.0,
smartoptions,SmartOptions Custom Options,selling-products-custom-products-product-variants,11,4.6,0,69,0,1e-09,0.0,
storeify-appointment-booking,S: Appointment Booking,selling-products-digital-goods-and-services-event-booking,11,4.5,0,40,0,1e-09,0.0,
swatch-colors-ultimator,Supra Swatch Colors,store-design-design-elements-badges-and-icons,11,4.3,0,48,0,1e-09,0.0,
temu,Temu,sales-channels-selling-online-store-data-importer,11,3.9,0,20,0,1e-09,0.0,
tiktok-shop-connect-ecomzier,EZ Tiktok Shop Connector,sales-channels-selling-online-marketplaces,11,5.0,0,47,0,1e-09,0.0,
tiny-erp,Sistema ERP da Olist,orders-and-shipping-inventory-erp,11,1.6,0,19,0,1e-09,0.0,
tridentab,A/B: Product and Price Testing,store-management-operations-analytics,11,3.2,0,82,0,1e-09,0.0,
trustio-trustpilot-reviews,Trust.io ‑ Trustpilot Reviews,marketing-and-conversion-social-trust-product-reviews,11,5.0,0,70,0,1e-09,0.0,
try-on-3,SS: AI Virtual Try On,store-design-product-display-product-comparison,11,5.0,0,15,0,1e-09,0.0,
vegacart-mobile-app,Vegacart – Mobile App Builder,store-design-storefronts-mobile-app-builder,11,5.0,0,24,0,1e-09,0.0,
vtn-power-wishlist,VTN Power Wishlist,marketing-and-conversion-customer-loyalty-wishlists,11,4.8,0,60,0,1e-09,0.0,
wc-recipe-app,Recipe Junction ‑ Recipe Blog,store-design-content-blogs,11,4.6,0,41,0,1e-09,0.0,
win-win-store-credit,Bulk Store Credit by Win‑Win,marketing-and-conversion-customer-loyalty-loyalty-and-rewards,11,5.0,0,38,0,1e-09,0.0,
xboost-estimated-delivery,XB Estimated Delivery Date EDD,orders-and-shipping-shipping-solutions-shipping-rates,11,5.0,0,54,0,1e-09,0.0,
xorosoft-erp,Xorosoft ERP,orders-and-shipping-inventory-erp,11,5.0,0,23,0,1e-09,0.0,
zenbundle,Zenbundle: Retail Media App,store-design-images-and-media-video-and-livestream,11,5.0,0,45,0,1e-09,0.0,
1clickreferral,1Click Referral Program,marketing-and-conversion-advertising-affiliate-programs,10,5.0,0,38,0,1e-09,0.0,
agentic-store,KX AI Search Claude Agent,store-design-search-and-navigation-search-and-filters,10,5.0,0,12,0,1e-09,0.0,
akikumo,Akikumo: Merchandising & Ops,store-design-product-display-collections,10,5.0,0,29,0,1e-09,0.0,
amazon-associate-connector,Amazon Importer by Infoshore,sales-channels-selling-online-store-data-importer,10,4.4,0,82,0,1e-09,0.0,
aod-smart-cart-saver,AOD Wholesale Cart Saver Share,marketing-and-conversion-customer-loyalty-wishlists,10,4.8,0,56,0,1e-09,0.0,
aov-ai-pre-order,AOV.ai PreOrder Back in Stock,marketing-and-conversion-upsell-and-bundles-pre-orders,10,5.0,0,23,0,1e-09,0.0,
bestie,AI Post‑Purchase Surveys,store-management-support-surveys,10,4.8,0,61,0,1e-09,0.0,
booleanmaths,BooleanMaths Attribution+CAPI,marketing-and-conversion-advertising-ads,10,5.0,0,64,0,1e-09,0.0,
calpal-calendly-integration,CalPal: Calendly Integration,selling-products-digital-goods-and-services-event-booking,10,5.0,0,42,0,1e-09,0.0,
collectionsort-1,Flexible Collection Sort,store-design-product-display-collections,10,2.3,0,53,0,1e-09,0.0,
contact-form-ultimate,Contact Form Ultimate,store-design-notifications-forms,10,3.8,0,59,0,1e-09,0.0,
cubbo-fulfillment,Cubbo Fulfillment,orders-and-shipping-shipping-solutions-third-party-logistics-3pl,10,5.0,0,13,0,1e-09,0.0,
discount-aio-autoketing-code,Discount AIO Autoketing Code,selling-products-pricing-pricing-optimization,10,4.8,0,68,0,1e-09,0.0,
dropflow,Excel CSV Tracking MassImport,store-management-operations-workflow-automation,10,3.6,0,29,0,1e-09,0.0,
entaice,Entaice ‑ AI Collection Sort,store-design-product-display-collections,10,5.0,0,45,0,1e-09,0.0,
festival-decorations,Festival Decorations Dawnify,store-design-design-elements-animation-and-effects,10,4.7,0,32,0,1e-09,0.0,
freee,かんたんfreee会計データ連携,store-management-finances-accounting,10,3.4,0,64,0,1e-09,0.0,
genix-ai-product-description,Genix AI Product Descriptions,store-design-content-product-content,10,5.0,0,13,0,1e-09,0.0,
getgabs-whatsapp-chatbot-api,WhatsApp Chat + Abandoned Cart,store-management-support-chat,10,4.5,0,43,0,1e-09,0.0,
getify-digital-downloads,"GIT Digital Downloads, E‑books",selling-products-digital-goods-and-services-digital-products,10,5.0,0,26,0,1e-09,0.0,
go-recover,WhatsApp for abandoned carts,marketing-and-conversion-marketing-sms-marketing,10,2.9,0,37,0,1e-09,0.0,
gs-change-image-on-hover,iHover‑ Slider Image On Hover,store-design-images-and-media-image-gallery,10,4.9,0,87,0,1e-09,0.0,
homie-ai-1,homie,store-design-search-and-navigation-search-and-filters,10,5.0,0,24,0,1e-09,0.0,
importio-amazon-product-importer,Importio: Amazon Importer,sales-channels-selling-online-store-data-importer,10,5.0,0,53,0,1e-09,0.0,
infinite-color-search-by-hoppn,Infinite Color Search by Hoppn,store-design-search-and-navigation-search-and-filters,10,5.0,0,27,0,1e-09,0.0,
instagram-feed-grid-slider,SI Instagram Feed Widget,store-design-images-and-media-image-gallery,10,5.0,0,35,0,1e-09,0.0,
jericommerce-admin,JeriCommerce Loyalty & Rewards,marketing-and-conversion-customer-loyalty-loyalty-and-rewards,10,5.0,0,50,0,1e-09,0.0,
k-event-calendar,K: Event Calendar,selling-products-digital-goods-and-services-event-booking,10,5.0,0,17,0,1e-09,0.0,
kluckyv5,Kluck: AI Store Builder,store-design-storefronts-page-builder,10,4.5,0,21,0,1e-09,0.0,
lemonink,LemonInk,selling-products-digital-goods-and-services-digital-products,10,5.0,0,27,0,1e-09,0.0,
libro-de-reclamaciones,Libro de Reclamaciones,store-design-notifications-forms,10,5.0,0,24,0,1e-09,0.0,
lift,Lift: Charity and Donations,marketing-and-conversion-customer-loyalty-donations,10,5.0,0,20,0,1e-09,0.0,
lite-file-upload,"LC File Upload, Image Upload",selling-products-custom-products-custom-file-upload,10,4.6,0,46,0,1e-09,0.0,
locations-made-super,Locations So Super,sales-channels-selling-in-person-store-locator,10,4.5,0,25,0,1e-09,0.0,
migratly,Store Migrate & Order Import,store-management-operations-bulk-editor,10,4.7,0,25,0,1e-09,0.0,
model-swap,OnModel ‑ AI Models Photos,store-design-images-and-media-image-editor,10,4.5,0,80,0,1e-09,0.0,
modelize,Modelize: AI Product Photos,store-design-images-and-media-image-editor,10,5.0,0,20,0,1e-09,0.0,
multipixel,MultiPixels ‑ Social Pixels,store-management-operations-analytics,10,4.8,0,28,0,1e-09,0.0,
mvr-free-shipping-bar-upsell,MVR Free Shipping Bar Pro,marketing-and-conversion-checkout-cart-customization,10,5.0,0,93,0,1e-09,0.0,
nestwidget,NS Shoppable Video Reels & UGC,store-design-images-and-media-image-gallery,10,4.5,0,78,0,1e-09,0.0,
nihao-dropshipping,Dropshipping AI ‑ Fulfillment,finding-products-sourcing-options-dropshipping,10,4.9,0,74,0,1e-09,0.0,
notification-bar,POWR Email Signup,store-design-notifications-forms,10,4.7,0,62,0,1e-09,0.0,
nudgely-1,Nudgely,store-design-notifications-pop-ups,10,5.0,0,54,0,1e-09,0.0,
nvzn-art,Nvzn Easy ARt Virtual Previews,store-design-images-and-media-3d-ar-vr,10,4.8,0,46,0,1e-09,0.0,
nz-rural-shipping,NZDev ‑ Rural Shipping NZ/AUS,orders-and-shipping-shipping-solutions-shipping-rates,10,5.0,0,34,0,1e-09,0.0,
order-printer-for-restaurants,PrinterCo Automatic Printing,orders-and-shipping-orders-invoices-and-receipts,10,4.4,0,52,0,1e-09,0.0,
pasilobus-google-analytics,Pasilobus Google Analytics,store-management-operations-analytics,10,5.0,0,72,0,1e-09,0.0,
picjam,Picjam: AI Fashion Models,store-design-images-and-media-image-editor,10,4.7,0,67,0,1e-09,0.0,
pixelz,Pixelz: Photo Retouching,store-design-images-and-media-image-editor,10,4.9,0,63,0,1e-09,0.0,
pixoo-multi-currency-discounts,Pixoo Multi‑Currency Discounts,store-design-internationalization-currency-and-translation,10,4.5,0,21,0,1e-09,0.0,
podifai,Podifai Product Customizer,selling-products-custom-products-product-variants,10,5.0,0,48,0,1e-09,0.0,
powr-pricing-table,POWR: Pricing Table Comparison,store-design-product-display-product-comparison,10,5.0,0,56,0,1e-09,0.0,
product-notes,Warn: Checkout Warning Popups,store-management-security-legal,10,5.0,0,42,0,1e-09,0.0,
product-notifications-1,Vye ‑ Back In Stock Alerts,store-design-notifications-forms,10,4.8,0,52,0,1e-09,0.0,
protos,Protos: Anti Fraud Spy Blocker,store-management-security-anti-theft,10,4.6,0,10,0,1e-09,0.0,
push-down-and-hide-out-of-stock,Hide Out Of Stock & Push Down,store-design-product-display-collections,10,4.7,0,13,0,1e-09,0.0,
push-down-out-of-stock-1,Pushy | Push Down Out Of Stock,store-design-product-display-collections,10,5.0,0,10,0,1e-09,0.0,
quiztoaction,QTA Quiz: Segment & Recommend,store-design-notifications-forms,10,5.0,0,56,0,1e-09,0.0,
refundid,Refundid Returns & Exchanges,orders-and-shipping-returns-and-warranty-returns-and-exchanges,10,5.0,0,33,0,1e-09,0.0,
reproduct,ReProduct: Get Free Traffic,sales-channels-selling-online-product-feeds,10,5.0,0,37,0,1e-09,0.0,
retail-cloud-connect,RCC: Google AI Commerce Search,store-design-search-and-navigation-search-and-filters,10,5.0,0,18,0,1e-09,0.0,
reveshare,Reveshare Affiliate Marketing,marketing-and-conversion-advertising-affiliate-programs,10,5.0,0,44,0,1e-09,0.0,
rollo,Rollo,orders-and-shipping-shipping-solutions-shipping,10,2.4,0,31,0,1e-09,0.0,
sage-business-cloud-accounting,Sage Business Cloud Accounting,store-management-finances-accounting,10,4.1,0,63,0,1e-09,0.0,
seo-meta-tag,OptizenAI ‑ SEO & AI Tools,store-design-content-product-content,10,4.8,0,65,0,1e-09,0.0,
share-the-love,W3 Share The Love,marketing-and-conversion-customer-loyalty-donations,10,5.0,0,37,0,1e-09,0.0,
shopify-application-453,プライシー再入荷通知 | 日本発のSMS・LINE通知,marketing-and-conversion-upsell-and-bundles-stock-alerts,10,5.0,0,51,0,1e-09,0.0,
simple-alerts,Simple Alerts,store-design-images-and-media-video-and-livestream,10,5.0,0,71,0,1e-09,0.0,
smart-bulk-price-editor,Smart Bulk Price Editor,selling-products-pricing-pricing-optimization,10,4.3,0,30,0,1e-09,0.0,
smartpush,"SmartPush: Email, SMS, Pop‑up",marketing-and-conversion-marketing-email-marketing,10,5.0,0,51,0,1e-09,0.0,
snelstart-boekhouding,Combidesk SnelStart,store-management-finances-accounting,10,4.8,0,69,0,1e-09,0.0,
soro,Soro ‑ SEO Autopilot & Content,store-design-content-blogs,10,4.7,0,11,0,1e-09,0.0,
stc-wholesale,STC Wholesale,finding-products-sourcing-options-wholesale,10,5.0,0,70,0,1e-09,0.0,
stock-room,Stockroom ‑ Purchase Orders,orders-and-shipping-inventory-inventory-optimization,10,4.9,0,15,0,1e-09,0.0,
stock-savvy,StockSavvy Barcode Scanning,store-management-operations-workflow-automation,10,4.9,0,33,0,1e-09,0.0,
stockful-inventory-management,Stockful: Inventory Management,orders-and-shipping-inventory-inventory-optimization,10,5.0,0,35,0,1e-09,0.0,
tern-trade-in,Tern Trade‑in,orders-and-shipping-returns-and-warranty-returns-and-exchanges,10,5.0,0,79,0,1e-09,0.0,
tree-nation,Tree‑Nation: 1 Product 1 Tree,marketing-and-conversion-customer-loyalty-donations,10,4.8,0,19,0,1e-09,0.0,
tvarka-sticky-add-to-cart,Sticky Add To Cart ‑ TVARKA,store-design-notifications-banners,10,5.0,0,69,0,1e-09,0.0,
velocity-commission-maps,Velocity,marketing-and-conversion-advertising-affiliate-programs,10,5.0,0,26,0,1e-09,0.0,
vfulfill-cod-dropshipping,vFulfill ‑ COD Dropshipping,finding-products-sourcing-options-dropshipping,10,4.5,0,32,0,1e-09,0.0,
vibetry,VibeTry AI Try On & Size Guide,store-design-images-and-media-3d-ar-vr,10,5.0,0,17,0,1e-09,0.0,
visual-merchandiser,Visual Merchandiser,store-design-product-display-collections,10,3.1,0,70,0,1e-09,0.0,
wishlist-expert,Ecom Wishlist Expert,marketing-and-conversion-customer-loyalty-wishlists,10,5.0,0,30,0,1e-09,0.0,
xero-accounting-integration,"Xero, QuickBooks or MYOB Sync",store-management-finances-accounting,10,1.8,0,47,0,1e-09,0.0,
xpressbees,Xpressbees,orders-and-shipping-shipping-solutions-third-party-logistics-3pl,10,2.2,0,19,0,1e-09,0.0,
ymq-multiple-variant-images,Ymq Product Image Slider,store-design-images-and-media-image-gallery,10,4.5,0,79,0,1e-09,0.0,
zoketo-otp-login-with-phone,Zoketo OTP Login for GCC,store-management-security-accounts-and-login,10,5.0,0,37,0,1e-09,0.0,
address-validation-io,Address Validation iO,orders-and-shipping-orders-order-editing,9,4.6,0,54,0,1e-09,0.0,
ai-support,Octocom AI Chatbot & Live Chat,store-management-support-helpdesk,9,4.9,0,39,0,1e-09,0.0,
approve-new-customers,Addify ‑ Approve New Customers,store-management-security-accounts-and-login,9,3.7,0,52,0,1e-09,0.0,
b2b-request-quote-hide-price,"SK Request a Quote, Hide Price",selling-products-pricing-pricing-quotes,9,4.0,0,30,0,1e-09,0.0,
b2b-wholesale-tools,Kumo ‑ B2B Wholesale Tools,finding-products-sourcing-options-wholesale,9,5.0,0,73,0,1e-09,0.0,
bitlink-shopify-link-bio-builder,bitLink ‑ Shoppable Link Bio,store-design-storefronts-page-builder,9,3.9,0,66,0,1e-09,0.0,
blog-comment-manager,Sunny ‑ Blog Comment Manager,store-design-content-blogs,9,4.3,0,58,0,1e-09,0.0,
cart-by-breeze,Cart by Breeze,marketing-and-conversion-checkout-cart-customization,9,5.0,0,51,0,1e-09,0.0,
cj-network-integration,CJ Network Integration,marketing-and-conversion-advertising-affiliate-programs,9,4.7,0,27,0,1e-09,0.0,
clearprofit,ClearProfit – Profit Tracker,store-management-operations-analytics,9,5.0,0,95,0,1e-09,0.0,
codform-1,CodForm ‑ COD Form & Upsells,selling-products-payments-pay-later,9,4.4,0,38,0,1e-09,0.0,
consigncloud,ConsignCloud,orders-and-shipping-inventory-inventory-optimization,9,5.0,0,78,0,1e-09,0.0,
countdown-timer-bar-ultimate,ECOMTREND Countdown Timer,marketing-and-conversion-upsell-and-bundles-countdown-timer,9,5.0,0,43,0,1e-09,0.0,
customer-tag-discount-app,Howdy Customer Tag Discount,finding-products-sourcing-options-wholesale,9,5.0,0,57,0,1e-09,0.0,
custompix-product-catalog,CustomPix ‑ Catalog Ads,sales-channels-selling-online-product-feeds,9,5.0,0,18,0,1e-09,0.0,
data-feed-builder,Bridget,sales-channels-selling-online-product-feeds,9,5.0,0,27,0,1e-09,0.0,
disputely,Disputely Chargeback Alerts,store-management-security-fraud,9,4.3,0,21,0,1e-09,0.0,
doran-order-printer-and-pick,Doran: Order Printer & Pick,orders-and-shipping-orders-invoices-and-receipts,9,5.0,0,38,0,1e-09,0.0,
draft-orders-for-pos,BentoSMB Draft Orders For POS,sales-channels-selling-in-person-retail,9,3.0,0,50,0,1e-09,0.0,
easy-gst-invoices,Easy GST Invoices for AU & NZ,orders-and-shipping-orders-invoices-and-receipts,9,5.0,0,48,0,1e-09,0.0,
easyparcel-delivery-made-easy,EasyParcel‑ Delivery Made Easy,orders-and-shipping-shipping-solutions-shipping-rates,9,3.3,0,60,0,1e-09,0.0,
editly-order-editing,Editly: Order Editing,orders-and-shipping-orders-order-editing,9,5.0,0,16,0,1e-09,0.0,
engagemessage,"EM: SMS,FB,IG,Email Marketing",marketing-and-conversion-marketing-sms-marketing,9,2.9,0,52,0,1e-09,0.0,
file-manager,File Manager ‑ Custom Folders,store-management-operations-bulk-editor,9,3.7,0,67,0,1e-09,0.0,
fluxsales,Fluxsales,orders-and-shipping-orders-invoices-and-receipts,9,5.0,0,40,0,1e-09,0.0,
fly-shipping-bar,"Fly: Free Shipping Bar, Upsell",store-design-notifications-banners,9,4.4,0,51,0,1e-09,0.0,
fraud-alert-cancellation,Fraud Scanner by TS Apps,store-management-security-fraud,9,4.0,0,65,0,1e-09,0.0,
fraud-judge,Fraud Judge Fraud Prevention,store-management-security-fraud,9,4.3,0,16,0,1e-09,0.0,
fraudfalcon-fraud-prevention,Fraud Falcon ‑ Fraud Filter,store-management-operations-staff-notifications,9,5.0,0,11,0,1e-09,0.0,
fulfiz-dropshipping,Fulfiz‑Global Dropshipping&POD,finding-products-sourcing-options-dropshipping,9,5.0,0,41,0,1e-09,0.0,
glow-videos,Glow Videos ‑ Shoppable Video,store-design-images-and-media-video-and-livestream,9,5.0,0,84,0,1e-09,0.0,
goodchart,Goodchart Size Chart & Guide,selling-products-custom-products-product-variants,9,5.0,0,77,0,1e-09,0.0,
google-maps-app,Google Maps ‑ Store Locator,sales-channels-selling-in-person-store-locator,9,3.8,0,48,0,1e-09,0.0,
helpdesk-mx,MX: Helpdesk & Live Chat,store-management-support-helpdesk,9,4.5,0,18,0,1e-09,0.0,
hkt-quick-view,HKT: Quick View ‑ Add To Cart,store-design-images-and-media-image-gallery,9,4.3,0,66,0,1e-09,0.0,
incomy-ai,Incomy AI,marketing-and-conversion-marketing-abandoned-cart,9,5.0,0,28,0,1e-09,0.0,
infinite-tiktok-catalog-feed,Infinite Tiktok Catalog Feed,sales-channels-selling-online-product-feeds,9,5.0,0,33,0,1e-09,0.0,
insyncer-for-myob-exo,InSyncer for MYOB Exo,orders-and-shipping-inventory-erp,9,4.8,0,34,0,1e-09,0.0,
ip-fraud-blocker,VOL Fraud Filter & Bot Blocker,store-management-security-fraud,9,5.0,0,31,0,1e-09,0.0,
likely-like-me-button,Likely ‑ Like Me Button,marketing-and-conversion-customer-loyalty-wishlists,9,3.1,0,75,0,1e-09,0.0,
linio-store,Falabella,sales-channels-selling-online-marketplaces,9,2.5,0,80,0,1e-09,0.0,
litepix-bulk-image-optimizer,LitePix Bulk Image Optimizer,store-design-images-and-media-image-editor,9,4.8,0,47,0,1e-09,0.0,
low-stock-counter-alert,Scarcity+ Low Stock Counter,orders-and-shipping-inventory-inventory-optimization,9,4.6,0,64,0,1e-09,0.0,
luigis-box,Luigi’s AI Search & Discovery,store-design-search-and-navigation-search-and-filters,9,4.9,0,51,0,1e-09,0.0,
luna-appointment-booking-app,Avada Appointments Booking,selling-products-digital-goods-and-services-event-booking,9,5.0,0,19,0,1e-09,0.0,
meeripush-push-notifications,Meeri Abandoned Cart Recovery,marketing-and-conversion-marketing-abandoned-cart,9,4.6,0,35,0,1e-09,0.0,
mowico,Mobile App Builder ‑ Mowico,store-design-storefronts-mobile-app-builder,9,4.1,0,54,0,1e-09,0.0,
nabu-for-facebook-feed,Nabu Facebook & Instagram Feed,sales-channels-selling-online-product-feeds,9,4.8,0,16,0,1e-09,0.0,
nexra-bulk-price-editor,Nexra Bulk Price Editor,selling-products-pricing-pricing-optimization,9,5.0,0,32,0,1e-09,0.0,
own-kind,Own‑Kind,sales-channels-selling-in-person-retail,9,5.0,0,38,0,1e-09,0.0,
pent-library,Pent Library | Theme Sections,store-design-storefronts-page-builder,9,5.0,0,69,0,1e-09,0.0,
pitchprint,PitchPrint,selling-products-custom-products-custom-file-upload,9,5.0,0,59,0,1e-09,0.0,
plytix-pim,Plytix Multistore AI Bulk Edit,store-design-content-product-content,9,4.6,0,15,0,1e-09,0.0,
pre-order-helper,Pre‑Order Helper,marketing-and-conversion-upsell-and-bundles-pre-orders,9,4.5,0,54,0,1e-09,0.0,
pre-order-maker,PreVue: Pre Order Products,marketing-and-conversion-upsell-and-bundles-pre-orders,9,4.7,0,69,0,1e-09,0.0,
previous-and-next-product,Singleton | Products Slider,store-design-search-and-navigation-navigation-and-menus,9,4.9,0,47,0,1e-09,0.0,
price-parrot,Price Parrot: Competitor Price,selling-products-pricing-pricing-optimization,9,5.0,0,65,0,1e-09,0.0,
product-registration-3,Product Registration Supreme,orders-and-shipping-returns-and-warranty-warranties-and-insurance,9,4.1,0,36,0,1e-09,0.0,
puco-checkout-validation,Puco Validation: Order Limits,marketing-and-conversion-checkout-order-limits,9,5.0,0,41,0,1e-09,0.0,
pwa-by-qe,PWA ‑ Android & IOS & Web Push,store-design-storefronts-mobile-app-builder,9,5.0,0,15,0,1e-09,0.0,
qr-builder,Advanced QR Code Generator,sales-channels-selling-in-person-retail,9,4.0,0,42,0,1e-09,0.0,
quantity-limit,Quantity Limit: MOQ & Min/Max,orders-and-shipping-inventory-inventory-optimization,9,4.5,0,32,0,1e-09,0.0,
questionify,QuizShop: AI Quiz Builder,store-design-product-display-product-comparison,9,5.0,0,23,0,1e-09,0.0,
related-videos-by-omega,Trustify Shoppable Videos,store-design-images-and-media-video-and-livestream,9,4.9,0,90,0,1e-09,0.0,
renderku,RenderKu: Email Templates,marketing-and-conversion-marketing-email-marketing,9,5.0,0,38,0,1e-09,0.0,
retailorbit,Retail ORBIT by Management One,store-management-operations-analytics,9,5.0,0,27,0,1e-09,0.0,
ruffruff-order-bonus,RuffRuff Order Bonus,marketing-and-conversion-checkout-cart-customization,9,4.9,0,65,0,1e-09,0.0,
samychat,SC : WhatsApp Marketing + Chat,marketing-and-conversion-marketing-abandoned-cart,9,5.0,0,66,0,1e-09,0.0,
scalechart,ScaleChart: Size Chart & Guide,selling-products-custom-products-product-variants,9,5.0,0,11,0,1e-09,0.0,
selo-currency-converter,Selo Currency Converter,store-design-internationalization-currency-and-translation,9,5.0,0,32,0,1e-09,0.0,
sgcr,Super Google Customer Reviews,marketing-and-conversion-social-trust-product-reviews,9,4.2,0,52,0,1e-09,0.0,
shipping-protection-warranty,OrderArmor Shipping Protection,orders-and-shipping-returns-and-warranty-warranties-and-insurance,9,3.8,0,20,0,1e-09,0.0,
shiptimer-shipping-deadline-countdown-timer,Ethercycle ShipTimer,marketing-and-conversion-upsell-and-bundles-countdown-timer,9,5.0,0,67,0,1e-09,0.0,
shop-quotes,ShopQuotes: Live Quotes,selling-products-pricing-pricing-quotes,9,5.0,0,34,0,1e-09,0.0,
shop-share,ShopShare,selling-products-digital-goods-and-services-digital-products,9,4.0,0,44,0,1e-09,0.0,
sitemap-builder,Ongoing SEO Sitemap Builder,store-design-search-and-navigation-navigation-and-menus,9,5.0,0,59,0,1e-09,0.0,
smart-product-tagger,Lyros ‑ Smart SEO & Tags,store-design-content-product-content,9,4.2,0,38,0,1e-09,0.0,
sms-bangladesh,eSolver SMS Bangladesh,marketing-and-conversion-marketing-sms-marketing,9,5.0,0,28,0,1e-09,0.0,
spark-shipping,Spark Shipping,orders-and-shipping-inventory-inventory-optimization,9,4.2,0,38,0,1e-09,0.0,
super-wishlist,Super Wishlist,marketing-and-conversion-customer-loyalty-wishlists,9,5.0,0,35,0,1e-09,0.0,
supercycle,Supercycle,selling-products-payments-subscriptions,9,4.5,0,54,0,1e-09,0.0,
supply-master,Supply Master,finding-products-sourcing-options-wholesale,9,5.0,0,43,0,1e-09,0.0,
sway-loyalty-rewards,"Sway Loyalty, Rewards & Points",marketing-and-conversion-customer-loyalty-loyalty-and-rewards,9,5.0,0,49,0,1e-09,0.0,
switchboard-1,Phone Numbers & Calls ‑ SBoard,store-management-support-helpdesk,9,2.5,0,56,0,1e-09,0.0,
take-a-nap,Take a NAP,store-management-finances-accounting,9,5.0,0,33,0,1e-09,0.0,
taxify,VAT/Tax Exemption & Dual price,store-management-finances-taxes,9,4.6,0,24,0,1e-09,0.0,
trustpilot,Trustpilot,marketing-and-conversion-social-trust-product-reviews,9,3.1,0,34,0,1e-09,0.0,
tuduu-sell-with-recipes,Tuduu ‑ Sell with recipes,store-design-content-blogs,9,5.0,0,75,0,1e-09,0.0,
tunl-1,TUNL – Global Shipping from SA,orders-and-shipping-shipping-solutions-shipping-rates,9,5.0,0,46,0,1e-09,0.0,
umbrella-protection,Umbrella: In‑house Warranties,orders-and-shipping-returns-and-warranty-warranties-and-insurance,9,5.0,0,19,0,1e-09,0.0,
userway-accessibility,UserWay Website Accessibility,store-management-security-legal,9,2.4,0,22,0,1e-09,0.0,
vidify,Vidify: AI Video Generator,store-design-images-and-media-video-and-livestream,9,4.6,0,85,0,1e-09,0.0,
vtober,Vtober: AI SEO Blog Automation,store-design-content-blogs,9,4.8,0,40,0,1e-09,0.0,
wesupply-labs,WeSupply Returns & Exchanges,store-management-operations-staff-notifications,9,5.0,0,8,0,1e-09,0.0,
whatsapp-marketing-chat,Retner‑AI Native marketing,store-management-support-chat,9,5.0,0,39,0,1e-09,0.0,
wholesale-b2b,CC ‑ Wholesale B2B Pricing,finding-products-sourcing-options-wholesale,9,5.0,0,44,0,1e-09,0.0,
wiser-notify,WiserNotify Social Proof Popup,marketing-and-conversion-upsell-and-bundles-countdown-timer,9,5.0,0,40,0,1e-09,0.0,
wishlist-myappgurus,Multi Wishlist‑MyAppGurus,marketing-and-conversion-customer-loyalty-wishlists,9,4.5,0,50,0,1e-09,0.0,
withdrawal-button-easyreturn,Withdrawal Button ‑ EasyReturn,store-management-security-legal,9,5.0,0,27,0,1e-09,0.0,
worldphoneize,Phoneize: Call + Chat Button,store-management-support-chat,9,5.0,0,12,0,1e-09,0.0,
x-shield-store-guard,X Shield Fraud Filter IP Block,store-management-security-fraud,9,4.7,0,9,0,1e-09,0.0,
zybr,"ZYBR: AI, Helpdesk & Returns",store-management-support-helpdesk,9,5.0,0,17,0,1e-09,0.0,
accofy,Accofy ‑ Customer Accounts,store-management-security-accounts-and-login,8,5.0,0,20,0,1e-09,0.0,
advanced-translation,Easy Advanced Translations,store-design-internationalization-currency-and-translation,8,5.0,0,36,0,1e-09,0.0,
agora-amazon-affiliate-tool,Agora Amazon Listing Importer,sales-channels-selling-online-store-data-importer,8,4.6,0,45,0,1e-09,0.0,
ai-product-bulk-editor,AIBulk ‑ Product Editor + SEO,store-design-content-product-content,8,5.0,0,22,0,1e-09,0.0,
alishop-aliexpress-dropship,AliExpress Dropshipping ‑ Ali,finding-products-sourcing-options-dropshipping,8,5.0,0,39,0,1e-09,0.0,
alva-digital-downloads,Digital Downloads ‑ Alva,selling-products-digital-goods-and-services-digital-products,8,5.0,0,19,0,1e-09,0.0,
ask-a-friend-to-buy,Ask to Buy create & share cart,marketing-and-conversion-customer-loyalty-wishlists,8,2.9,0,80,0,1e-09,0.0,
autoschema-google-structures,autoSchema | Google SEO Schema,store-design-site-optimization-seo,8,5.0,0,63,0,1e-09,0.0,
baback,Baback ‑ Post purchase,orders-and-shipping-orders-order-tracking,8,5.0,0,39,0,1e-09,0.0,
badgify-3,Badgify Product Labels/Badges,store-design-design-elements-badges-and-icons,8,4.6,0,82,0,1e-09,0.0,
better-price,Mega Better Price,selling-products-pricing-pricing-quotes,8,4.2,0,69,0,1e-09,0.0,
big-order-editing,EOE ‑ Easy Order Editing,orders-and-shipping-orders-order-editing,8,5.0,0,35,0,1e-09,0.0,
bigbanner-ai,BigBanner.ai: GPT Hero Banner,store-design-notifications-banners,8,4.1,0,61,0,1e-09,0.0,
blogcomments,Better Blog Comments,store-design-content-blogs,8,4.0,0,29,0,1e-09,0.0,
bol-sync,Bol Sync ‑ Bol.com Orders,sales-channels-selling-online-store-data-importer,8,4.9,0,44,0,1e-09,0.0,
breadcrumb-byte,Breadcrumbs by Byte Apps,store-design-search-and-navigation-navigation-and-menus,8,4.1,0,43,0,1e-09,0.0,
bullconvert,Bullion Conversion Kit,marketing-and-conversion-upsell-and-bundles-countdown-timer,8,5.0,0,42,0,1e-09,0.0,
buzzify,BuzzEC（バズイーシー）‑ 広告による集客支援アプリ,marketing-and-conversion-advertising-ads,8,4.1,0,65,0,1e-09,0.0,
canal-for-suppliers,Rokt Catalog for Brands,sales-channels-selling-online-marketplaces,8,4.1,0,68,0,1e-09,0.0,
carebox-package-protection,CAREBOX Package Protection,orders-and-shipping-returns-and-warranty-returns-and-exchanges,8,5.0,0,86,0,1e-09,0.0,
clicky-clickable-banner,Clicky: Clickable Image Banner,store-design-notifications-banners,8,3.3,0,64,0,1e-09,0.0,
clockedin,ClockedIn,sales-channels-selling-in-person-retail,8,1.1,0,62,0,1e-09,0.0,
collection-manager-3,Smart Collection Manager,store-design-product-display-collections,8,5.0,0,27,0,1e-09,0.0,
collection-manager-ouiteo,Ultimate Collection Manager,store-design-product-display-collections,8,4.7,0,32,0,1e-09,0.0,
cookiescript,CookieScript,store-design-internationalization-cookie-consent,8,3.7,0,13,0,1e-09,0.0,
crazyload,Crazyload Page Speed Optimizer,store-design-site-optimization-seo,8,3.9,0,74,0,1e-09,0.0,
crowdfunding-manager,Crowdfunding Manager by SpurIT,marketing-and-conversion-upsell-and-bundles-pre-orders,8,2.4,0,65,0,1e-09,0.0,
crush-suite,CrushSuite,store-management-security-legal,8,5.0,0,71,0,1e-09,0.0,
danea-easyfatt-import-export,Danea Easyfatt Import/Export,sales-channels-selling-online-store-data-importer,8,4.7,0,67,0,1e-09,0.0,
deeplumen-ai-seo-optimizer,Deeplumen: AI SEO Optimizer,store-design-site-optimization-seo,8,5.0,0,56,0,1e-09,0.0,
discountray,DiscountRay‑Custom Price,finding-products-sourcing-options-wholesale,8,5.0,0,64,0,1e-09,0.0,
eboxman,EboxMan Global Dropshipping,finding-products-sourcing-options-wholesale,8,5.0,0,45,0,1e-09,0.0,
enableall,ADA Accessibility Code‑Fix,store-design-site-optimization-accessibility,8,5.0,0,17,0,1e-09,0.0,
enhance-approve-new-customers,Enhance: Approve New Customers,store-management-security-accounts-and-login,8,5.0,0,36,0,1e-09,0.0,
eudrop-1,EUDrop,finding-products-sourcing-options-dropshipping,8,3.9,0,57,0,1e-09,0.0,
exact-online-2,Exact Online,store-management-finances-accounting,8,4.7,0,87,0,1e-09,0.0,
eyefitu-widget,EyeFitU SizeFinder,store-design-product-display-product-comparison,8,4.3,0,65,0,1e-09,0.0,
fatura-entegrator,Fatura Entegratör,orders-and-shipping-orders-invoices-and-receipts,8,5.0,0,37,0,1e-09,0.0,
flexypass,FlexyPass: OTP‑login & Popups,store-management-security-accounts-and-login,8,5.0,0,26,0,1e-09,0.0,
flow-action-extensions,Workflow Transactional Email,store-management-operations-workflow-automation,8,4.5,0,15,0,1e-09,0.0,
fundlify,Fundlify Crowdfund & Pre‑order,marketing-and-conversion-upsell-and-bundles-pre-orders,8,5.0,0,58,0,1e-09,0.0,
gleame,Gleame: Beauty Virtual Try On,store-design-images-and-media-3d-ar-vr,8,5.0,0,23,0,1e-09,0.0,
google-analytics-4,GA4 Google Analytics 4 ‑ GTM,store-management-operations-analytics,8,4.3,0,90,0,1e-09,0.0,
greenr,Offsettr,marketing-and-conversion-customer-loyalty-donations,8,4.4,0,46,0,1e-09,0.0,
hura-collection-embedder,Hura Product Showcase Builder,store-design-product-display-collections,8,3.0,0,51,0,1e-09,0.0,
imersian,Imersian ‑ Interior Visualizer,store-design-images-and-media-3d-ar-vr,8,5.0,0,19,0,1e-09,0.0,
infinite-marquee,Fab Marquee Scrolling Text,store-design-design-elements-badges-and-icons,8,5.0,0,36,0,1e-09,0.0,
instant-upsell-by-eggflow,Eggflow: Instant Upsell,store-design-notifications-banners,8,4.8,0,63,0,1e-09,0.0,
inventora,Inventora,orders-and-shipping-inventory-erp,8,3.9,0,41,0,1e-09,0.0,
k-age-verification-popup,K: Age Verification Popup 18+,store-design-notifications-pop-ups,8,4.9,0,66,0,1e-09,0.0,
kernvel-ai-auction,Kernvel AI Auctions,selling-products-pricing-pricing-optimization,8,5.0,0,44,0,1e-09,0.0,
last-login,Last Login: Login Tracker,store-management-security-accounts-and-login,8,5.0,0,54,0,1e-09,0.0,
lengow-connector,Lengow: Feed Management,sales-channels-selling-online-product-feeds,8,4.3,0,39,0,1e-09,0.0,
leopards-courier-1,Leopards Courier,orders-and-shipping-shipping-solutions-shipping,8,2.3,0,93,0,1e-09,0.0,
llms-txt-generator-ai-search-2,LLMs.txt: AI Traffic Booster,store-design-site-optimization-seo,8,5.0,0,66,0,1e-09,0.0,
lurk,Lurk ‑ Dynamic Pricing,selling-products-pricing-pricing-optimization,8,4.5,0,34,0,1e-09,0.0,
m2e-temu-connect,Temu Integration by M2E,sales-channels-selling-online-store-data-importer,8,4.1,0,32,0,1e-09,0.0,
mailpass,Boostmail: Pay‑Per‑Send Email,marketing-and-conversion-marketing-email-marketing,8,4.7,0,82,0,1e-09,0.0,
miniorange-social-login,miniOrange Social Login,store-management-security-accounts-and-login,8,4.3,0,77,0,1e-09,0.0,
momsify,Momsify: B2B VAT Switcher,selling-products-pricing-pricing-optimization,8,5.0,0,22,0,1e-09,0.0,
motive-commerce-search,Motive ‑ Privacy‑Minded Search,store-design-search-and-navigation-search-and-filters,8,3.8,0,37,0,1e-09,0.0,
navidium-returns-exchanges,Navidium Returns & Exchanges,orders-and-shipping-returns-and-warranty-returns-and-exchanges,8,5.0,0,50,0,1e-09,0.0,
netgsm-sms,Netgsm SMS,marketing-and-conversion-marketing-sms-marketing,8,5.0,0,50,0,1e-09,0.0,
notedesk,NoteDesk ‑ CRM & Automations,store-design-content-product-content,8,5.0,0,6,0,1e-09,0.0,
oak-payment-discount,Oak Prepaid Discount,marketing-and-conversion-checkout-cart-customization,8,4.5,0,77,0,1e-09,0.0,
onereview,OneReview: Use Online Reviews,marketing-and-conversion-social-trust-product-reviews,8,5.0,0,88,0,1e-09,0.0,
order-printer-pdf-invoice-1,iWeb Order Printer PDF Invoice,orders-and-shipping-orders-invoices-and-receipts,8,4.7,0,62,0,1e-09,0.0,
oscp-sales-volume-discount,OSCP Pricing & Discount Suite,selling-products-pricing-pricing-optimization,8,5.0,0,49,0,1e-09,0.0,
oxify-product-bundles,Oxify Fast Bundles & BYOB,marketing-and-conversion-upsell-and-bundles-product-bundles,8,4.9,0,81,0,1e-09,0.0,
pay-later-split-pay-cypher,"Pay Later, Split Pay ‑ Cypher",marketing-and-conversion-upsell-and-bundles-pre-orders,8,3.8,0,51,0,1e-09,0.0,
pier39,Pier39.ai,marketing-and-conversion-customer-loyalty-loyalty-and-rewards,8,5.0,0,70,0,1e-09,0.0,
pos-variable-priced-products,Atomic POS Variable Price,sales-channels-selling-in-person-retail,8,5.0,0,20,0,1e-09,0.0,
pragma-tracking,Order Tracking by Pragma,store-management-security-accounts-and-login,8,5.0,0,27,0,1e-09,0.0,
primy-custom-product-options,Primy: Custom Product Options,selling-products-custom-products-product-variants,8,5.0,0,25,0,1e-09,0.0,
product-page-blocks,Boostly‑ Product Page Blocks,store-design-design-elements-badges-and-icons,8,4.6,0,31,0,1e-09,0.0,
progus-cod,Progus COD Form & OTP SMS,selling-products-payments-pay-later,8,5.0,0,28,0,1e-09,0.0,
propeller-app,Propeller,marketing-and-conversion-advertising-ads,8,5.0,0,79,0,1e-09,0.0,
reelfeed,Video Carousel : Video Reels,store-design-images-and-media-video-and-livestream,8,5.0,0,42,0,1e-09,0.0,
reelpik-shoppable-videos-ugc,ReelPik Shoppable Videos & UGC,store-design-images-and-media-video-and-livestream,8,4.3,0,29,0,1e-09,0.0,
relevantbits-context,Relevant Bits: Custom Sections,store-design-storefronts-page-builder,8,5.0,0,49,0,1e-09,0.0,
rich-landing-bundle,Rich Bundle Builder BYOB,marketing-and-conversion-upsell-and-bundles-product-bundles,8,5.0,0,89,0,1e-09,0.0,
rm-draft-order-edit,Draft Order Magic,orders-and-shipping-orders-order-editing,8,4.5,0,23,0,1e-09,0.0,
scheduled-gift-cards,A&D: Scheduled Gift Cards,marketing-and-conversion-gifts-gift-cards,8,4.3,0,19,0,1e-09,0.0,
seller-ledger,Seller Ledger,store-management-finances-taxes,8,5.0,0,33,0,1e-09,0.0,
sellsy-orderinvoicer,Sellsy,orders-and-shipping-orders-invoices-and-receipts,8,5.0,0,53,0,1e-09,0.0,
sensible-forecasting,Sensible Inventory Forecasting,orders-and-shipping-inventory-inventory-optimization,8,5.0,0,66,0,1e-09,0.0,
seo-blog-optimizer,GoBlog SEO Blog Post Optimizer,store-design-content-blogs,8,5.0,0,55,0,1e-09,0.0,
shabbat-mode,Shabbat Mode,marketing-and-conversion-upsell-and-bundles-countdown-timer,8,4.9,0,19,0,1e-09,0.0,
shinepages,ShineBuilder‑ Theme Sections,store-design-storefronts-page-builder,8,5.0,0,78,0,1e-09,0.0,
shipclues,Shipclues,orders-and-shipping-shipping-solutions-third-party-logistics-3pl,8,2.8,0,39,0,1e-09,0.0,
sixthshop-ai-product-seo-optimizer,"SixthShop:AI SEO,JSON,ALT Text",store-design-content-product-content,8,5.0,0,24,0,1e-09,0.0,
skelta-buy-x-restrict-y,SKELTA Buy X Restrict Y,marketing-and-conversion-checkout-order-limits,8,4.8,0,55,0,1e-09,0.0,
smart-collection-pro,Smart Collection Pro,store-design-product-display-collections,8,5.0,0,17,0,1e-09,0.0,
smart-feed,Smart Feed,sales-channels-selling-online-product-feeds,8,5.0,0,57,0,1e-09,0.0,
smart-product-sorter-1,Collection & Product Sort SMRT,store-design-product-display-collections,8,4.0,0,11,0,1e-09,0.0,
smartreplyai,Smartreply AI Customer Service,store-management-support-helpdesk,8,5.0,0,33,0,1e-09,0.0,
soapbox,Soapbox,orders-and-shipping-shipping-solutions-third-party-logistics-3pl,8,4.4,0,50,0,1e-09,0.0,
splinter-order-split,Divy Auto Split Orders,orders-and-shipping-orders-order-editing,8,3.3,0,67,0,1e-09,0.0,
star-product-labels,STAR Product Labels,store-design-design-elements-badges-and-icons,8,4.4,0,68,0,1e-09,0.0,
store-locator-mapular,Mapular ‑ Store Locator,sales-channels-selling-in-person-store-locator,8,5.0,0,19,0,1e-09,0.0,
storelock,StoreLock Copyright Protection,store-management-security-anti-theft,8,4.5,0,14,0,1e-09,0.0,
tazoh-shoppable-videos-reels,Tazoh Shoppable Videos + Reels,store-design-images-and-media-video-and-livestream,8,5.0,0,58,0,1e-09,0.0,
tcs-courier-pakistan,TCS Courier Pakistan,orders-and-shipping-shipping-solutions-shipping,8,4.8,0,78,0,1e-09,0.0,
techgo-reels-instagram-feed,TG Shoppable Videos Reels UGC,store-design-images-and-media-image-gallery,8,5.0,0,36,0,1e-09,0.0,
trendyol-yorum-botu-1,Trendyol Review Bot,marketing-and-conversion-social-trust-product-reviews,8,4.8,0,77,0,1e-09,0.0,
tvalue-wishlist,True Value: Wishlist Email,marketing-and-conversion-marketing-email-marketing,8,5.0,0,29,0,1e-09,0.0,
upform,UpForm Contact Form & Popup,store-design-notifications-forms,8,4.5,0,17,0,1e-09,0.0,
vat-include-exclude-price-display,Vennzo: VAT Dual Price Display,store-management-finances-taxes,8,5.0,0,38,0,1e-09,0.0,
vidhawk,"Vidhawk: TikTok, Reels, Shorts",store-design-images-and-media-video-and-livestream,8,5.0,0,80,0,1e-09,0.0,
weaverse,Weaverse,store-design-storefronts-page-builder,8,5.0,0,57,0,1e-09,0.0,
yonda-tax-1,Yonda Sales Tax Automation,store-management-finances-taxes,8,4.3,0,62,0,1e-09,0.0,
yozo-ai-catalog,"Yozo: Email,SMS, CX AI Agent",marketing-and-conversion-marketing-sms-marketing,8,5.0,0,20,0,1e-09,0.0,
1clickproduct,1Click: AI Product Importer,sales-channels-selling-online-store-data-importer,7,4.0,0,80,0,1e-09,0.0,
accuratetax,AccurateTax Sales Tax,store-management-finances-taxes,7,5.0,0,50,0,1e-09,0.0,
add-sticky-checkout,Libautech: Sticky Add to Cart,store-design-design-elements-badges-and-icons,7,5.0,0,64,0,1e-09,0.0,
add-to-quote,Add to Quote: Hide Price & CRM,selling-products-pricing-pricing-quotes,7,5.0,0,40,0,1e-09,0.0,
addingwell,Addingwell ‑ GTM & DataLayer,store-management-operations-analytics,7,5.0,0,68,0,1e-09,0.0,
admin-buttons,Admin Shortcuts,store-management-operations-workflow-automation,7,5.0,0,68,0,1e-09,0.0,
advanced-fulfillment-rules,AFR Advanced Fulfillment Rules,orders-and-shipping-inventory-inventory-optimization,7,4.9,0,55,0,1e-09,0.0,
age-check,Lifter Age Check,store-management-security-legal,7,5.0,0,90,0,1e-09,0.0,
ai-bulk-backgroundremover,AIBrush: Background Remover,store-design-images-and-media-image-editor,7,5.0,0,35,0,1e-09,0.0,
airoflows,Ai Workflow Automation & Flow,store-management-operations-workflow-automation,7,5.0,0,63,0,1e-09,0.0,
aod-order-limits-min-max,Order Limits & MOQ ‑ AOD,marketing-and-conversion-checkout-order-limits,7,4.5,0,46,0,1e-09,0.0,
app76902,Bling,orders-and-shipping-inventory-erp,7,2.1,0,8,0,1e-09,0.0,
autoship-cloud,Autoship Cloud,selling-products-payments-subscriptions,7,4.4,0,53,0,1e-09,0.0,
avia-pos-store-analytics,Avia ‑ POS Traffic Counter,store-management-operations-analytics,7,5.0,0,89,0,1e-09,0.0,
axeptio-cookies,Axeptio: GDPR/CCPA Compliance,store-design-internationalization-cookie-consent,7,5.0,0,12,0,1e-09,0.0,
bad-customer,Bad Customer,store-management-security-fraud,7,3.7,0,60,0,1e-09,0.0,
banzota-fulfillment,Banzota Fulfillment,finding-products-sourcing-options-dropshipping,7,5.0,0,47,0,1e-09,0.0,
bizrate-insights-voc-feedback,Bizrate Insights Reviews,store-management-support-surveys,7,5.0,0,22,0,1e-09,0.0,
blockit-checkout-validation,Blockit: Checkout Rule,marketing-and-conversion-checkout-order-limits,7,5.0,0,20,0,1e-09,0.0,
blog-builder-ai-agent,vevy AI Blog Post Writer Agent,store-design-content-blogs,7,5.0,0,15,0,1e-09,0.0,
bloggify,Bloggify ‑ Visual Blog Editor,store-design-content-blogs,7,5.0,0,36,0,1e-09,0.0,
bookify,Bookify PDF Invoice Printer,orders-and-shipping-orders-invoices-and-receipts,7,4.9,0,39,0,1e-09,0.0,
booxi,Booxi: Appointment Scheduling,selling-products-digital-goods-and-services-event-booking,7,5.0,0,38,0,1e-09,0.0,
breadcrumb-star,Breadcrumb Star,store-design-search-and-navigation-navigation-and-menus,7,5.0,0,15,0,1e-09,0.0,
bundle-volume-discount,V Bundles App Quantity Breaks,marketing-and-conversion-upsell-and-bundles-product-bundles,7,5.0,0,80,0,1e-09,0.0,
chatonbo,Chatonbo AI Chatbot ‑ LiveChat,store-management-support-chat,7,5.0,0,72,0,1e-09,0.0,
ci-upload-files-images,"File Upload, Image Upload",selling-products-custom-products-custom-file-upload,7,5.0,0,34,0,1e-09,0.0,
claimify,Claimify: Claims & Returns,orders-and-shipping-returns-and-warranty-warranties-and-insurance,7,5.0,0,16,0,1e-09,0.0,
comparable,Comparable ‑ Compare Products,store-design-product-display-product-comparison,7,4.9,0,55,0,1e-09,0.0,
cookieyes,CookieYes GDPR Cookie Banner,store-design-internationalization-cookie-consent,7,4.8,0,9,0,1e-09,0.0,
curvature,Curvature AI Price Testing,selling-products-pricing-pricing-optimization,7,5.0,0,70,0,1e-09,0.0,
customer-gps-coordinates,Wayfinder ‑ Local Delivery GPS,orders-and-shipping-orders-order-editing,7,5.0,0,43,0,1e-09,0.0,
cx-elevate-date-time-picker,CX Elevate: Date Time Picker,orders-and-shipping-orders-order-editing,7,5.0,0,36,0,1e-09,0.0,
dadao-affiliate-influencer,Deepflow Affiliate Marketing,marketing-and-conversion-advertising-affiliate-programs,7,4.5,0,64,0,1e-09,0.0,
data-exporter-tax-compliance,Data Exporter ‑ Tax Compliance,store-management-security-legal,7,1.9,0,27,0,1e-09,0.0,
dates-and-rates,Dates & Rates (by Perseuss),orders-and-shipping-shipping-solutions-shipping-rates,7,5.0,0,65,0,1e-09,0.0,
dor,Dor,sales-channels-selling-in-person-retail,7,5.0,0,41,0,1e-09,0.0,
dynamicpricing-ai,DynamicPricing AI Optimization,selling-products-pricing-pricing-optimization,7,4.3,0,64,0,1e-09,0.0,
easy-blog-post-filter-search,Ahoi Apps Blog Filter & Search,store-design-content-blogs,7,5.0,0,27,0,1e-09,0.0,
easy-memberships,ECA: Easy Memberships App,selling-products-payments-subscriptions,7,5.0,0,74,0,1e-09,0.0,
easy-order-management,DEL: Custom Invoice Generator,orders-and-shipping-orders-order-editing,7,5.0,0,61,0,1e-09,0.0,
ego-surveys,Ego Post Purchase Surveys,store-management-support-surveys,7,5.0,0,15,0,1e-09,0.0,
elfsight-portfolio,Elfsight Portfolio Gallery,store-design-images-and-media-image-gallery,7,5.0,0,83,0,1e-09,0.0,
emfas,Emfas,sales-channels-selling-online-store-data-importer,7,5.0,0,37,0,1e-09,0.0,
essential-subscriptions,Essential Subscriptions App,selling-products-payments-subscriptions,7,5.0,0,24,0,1e-09,0.0,
feng-cart,Feng Cart ‑ Mobile App Builder,store-design-storefronts-mobile-app-builder,7,4.9,0,23,0,1e-09,0.0,
firmhouse-recurring-commerce,Firmhouse Subscriptions,selling-products-payments-subscriptions,7,5.0,0,33,0,1e-09,0.0,
gift-card-express,Expresso Gift Cards,marketing-and-conversion-gifts-gift-cards,7,4.4,0,23,0,1e-09,0.0,
givonate,Givonate: Charity & Donations,marketing-and-conversion-customer-loyalty-donations,7,5.0,0,10,0,1e-09,0.0,
gopixel-google-ads-tracking,GoPixel ‑ Google Ads Tracking,marketing-and-conversion-advertising-ads,7,4.4,0,72,0,1e-09,0.0,
hyperzone,HyperZone,finding-products-sourcing-options-dropshipping,7,5.0,0,60,0,1e-09,0.0,
ia-sections-store,Oxify Section: Theme Sections,store-design-storefronts-page-builder,7,5.0,0,22,0,1e-09,0.0,
image-precision-ai,AI Product Image Enhancer ‑ LC,store-design-images-and-media-image-editor,7,4.7,0,37,0,1e-09,0.0,
image-zoom-3,ZoomMaster,store-design-images-and-media-image-editor,7,5.0,0,36,0,1e-09,0.0,
insyncer-for-myob-acumatica,InSyncer for MYOB Acumatica,orders-and-shipping-inventory-erp,7,5.0,0,38,0,1e-09,0.0,
k-logo-showcase,K: Logo Showcase+Logos Slider,store-design-design-elements-badges-and-icons,7,5.0,0,67,0,1e-09,0.0,
k-popup,K: Pop Up Email+Popup Window,store-design-notifications-pop-ups,7,5.0,0,81,0,1e-09,0.0,
kiwi-return-saver,Kiwi: Final Sale Discounts,orders-and-shipping-returns-and-warranty-returns-and-exchanges,7,4.8,0,68,0,1e-09,0.0,
label-printing,SKU Print,sales-channels-selling-in-person-retail,7,1.1,0,56,0,1e-09,0.0,
listify-gift-registry,Listify: Gift Registry,marketing-and-conversion-customer-loyalty-wishlists,7,5.0,0,26,0,1e-09,0.0,
live-gold-price-editor,GPE: Live Gold Price Editor,selling-products-pricing-pricing-optimization,7,4.8,0,46,0,1e-09,0.0,
livearf,LIVEARf ‑ Art Framing,store-design-images-and-media-3d-ar-vr,7,5.0,0,37,0,1e-09,0.0,
make-model-year,Make Model Year Search,store-design-search-and-navigation-navigation-and-menus,7,3.7,0,72,0,1e-09,0.0,
marktplaats,Marktplaats Pro,sales-channels-selling-online-marketplaces,7,3.2,0,79,0,1e-09,0.0,
melisync-2,MeliSync ‑ Mercadolibre SYNC,orders-and-shipping-inventory-inventory-sync,7,4.4,0,62,0,1e-09,0.0,
metatrack,MetaTrack ‑ PayPal Track Sync,orders-and-shipping-orders-order-tracking,7,2.1,0,23,0,1e-09,0.0,
mib-wishlist,MiB Wishlist,marketing-and-conversion-customer-loyalty-wishlists,7,5.0,0,44,0,1e-09,0.0,
mify-restock-scheduler,Mify Auto Restock Scheduler,orders-and-shipping-inventory-inventory-optimization,7,5.0,0,28,0,1e-09,0.0,
mo-story-slider-navigation,Mo: Story Slider Navigation,store-design-search-and-navigation-navigation-and-menus,7,5.0,0,60,0,1e-09,0.0,
modelia,Modelia – AI Fashion Models,store-design-images-and-media-image-editor,7,4.8,0,46,0,1e-09,0.0,
nabu-image-optimizer,Nabu Image Optimizer & SEO,store-design-images-and-media-image-editor,7,5.0,0,23,0,1e-09,0.0,
navonaai-stop-abandoned-carts,NavonaAI: Stop Abandoned Carts,store-design-notifications-pop-ups,7,5.0,0,48,0,1e-09,0.0,
net-promoter-score-nps-affiniv,Affiniv Net Promoter Score NPS,store-management-support-surveys,7,5.0,0,45,0,1e-09,0.0,
oc-call-for-price,Oc Call For Price,selling-products-pricing-pricing-quotes,7,5.0,0,46,0,1e-09,0.0,
octolize-distance-based-rates,Octolize Distance Based Rates,orders-and-shipping-shipping-solutions-shipping-rates,7,5.0,0,86,0,1e-09,0.0,
optifeed,Optifeed: Smart Shopping Feeds,sales-channels-selling-online-product-feeds,7,5.0,0,50,0,1e-09,0.0,
orbit-wholesale-b2b,Easy B2B Wholesale Pricing,selling-products-pricing-pricing-quotes,7,5.0,0,25,0,1e-09,0.0,
order-deadline-2,Order Deadline 2,marketing-and-conversion-upsell-and-bundles-countdown-timer,7,5.0,0,24,0,1e-09,0.0,
order-trigger,Order Trigger ‑ Email Vendors,store-management-operations-staff-notifications,7,4.7,0,28,0,1e-09,0.0,
orra-theme-sections-blocks,Orra Theme Sections & Blocks,store-design-storefronts-page-builder,7,5.0,0,86,0,1e-09,0.0,
pay-x-now-rest-on-delivery,Split2Ship Partial Payment/COD,marketing-and-conversion-upsell-and-bundles-pre-orders,7,3.8,0,72,0,1e-09,0.0,
pdp-product-designer-pro,PDP ‑ Product Designer Pro,selling-products-custom-products-custom-file-upload,7,4.5,0,58,0,1e-09,0.0,
pintuna,Pintuna: Gift Cards & Loyalty,marketing-and-conversion-gifts-gift-cards,7,4.7,0,20,0,1e-09,0.0,
poplar-1,Poplar Mail,marketing-and-conversion-marketing-abandoned-cart,7,5.0,0,73,0,1e-09,0.0,
post-bridge,Proxy WordPress Blog,store-design-content-blogs,7,4.7,0,76,0,1e-09,0.0,
pricepirate,PricePirate – Dynamic Pricing,selling-products-pricing-pricing-optimization,7,5.0,0,58,0,1e-09,0.0,
product-xml-export-by-proxi,XML Product Export & XML Feed,sales-channels-selling-online-product-feeds,7,5.0,0,31,0,1e-09,0.0,
profit-pulse,Profit Pulse: P&L & Net Profit,store-management-finances-accounting,7,5.0,0,79,0,1e-09,0.0,
protect-app,Protect for Shipments & Causes,orders-and-shipping-returns-and-warranty-warranties-and-insurance,7,4.3,0,55,0,1e-09,0.0,
pulpo-wms,PULPO WMS Warehouse Management,orders-and-shipping-shipping-solutions-third-party-logistics-3pl,7,5.0,0,38,0,1e-09,0.0,
qorix-currency-converter,Qorix Currency Converter,store-design-internationalization-currency-and-translation,7,5.0,0,28,0,1e-09,0.0,
qr-code-generator,F: QR Code Generator,marketing-and-conversion-advertising-ads,7,5.0,0,14,0,1e-09,0.0,
recaptcha-spambuster,reCAPTCHA spambuster,store-management-security-fraud,7,2.5,0,68,0,1e-09,0.0,
reddit-ads,Reddit Ads,marketing-and-conversion-advertising-ads,7,4.2,0,25,0,1e-09,0.0,
related-products-blogs,ZT Related Products & Blogs,store-design-content-blogs,7,4.2,0,72,0,1e-09,0.0,
report-fetcher,Ai Reports & Profit Analytics,store-management-finances-accounting,7,5.0,0,57,0,1e-09,0.0,
ringlee-ai-abandoned-cart,Ai‑ Abandoned Cart Recovery,marketing-and-conversion-marketing-sms-marketing,7,5.0,0,33,0,1e-09,0.0,
saku-bio-link,Saku: Link In Bio Shop,store-design-storefronts-page-builder,7,4.9,0,43,0,1e-09,0.0,
scala-hide-sold-variants,Scala ‑ Hide Sold Variants,selling-products-custom-products-product-variants,7,5.0,0,61,0,1e-09,0.0,
sensorpro-1,Sensorpro,marketing-and-conversion-marketing-sms-marketing,7,5.0,0,72,0,1e-09,0.0,
seolab-eu-withdrawal,EU Withdrawal Button ‑ SEOLab,store-management-security-legal,7,5.0,0,28,0,1e-09,0.0,
sequra-on-site-messaging,seQura On‑Site Messaging,selling-products-payments-payment-experience,7,5.0,0,12,0,1e-09,0.0,
shipped-suite,Cavalry AI Customer Support,store-management-support-helpdesk,7,5.0,0,40,0,1e-09,0.0,
shopbnb,ShopSTR ‑ Book Everything,selling-products-digital-goods-and-services-event-booking,7,3.4,0,49,0,1e-09,0.0,
simple-csv,Simple CSV Import,sales-channels-selling-online-store-data-importer,7,5.0,0,27,0,1e-09,0.0,
simple-rfid,Simple RFID Inventory Solution,orders-and-shipping-inventory-inventory-optimization,7,3.8,0,86,0,1e-09,0.0,
singulary,Singulary ‑ Merge Customers,store-management-operations-bulk-editor,7,5.0,0,27,0,1e-09,0.0,
sizechart-pro,Sized Size Charts & Size Guide,store-design-product-display-product-comparison,7,4.9,0,40,0,1e-09,0.0,
smart-rss-feed,Smart RSS Feed,sales-channels-selling-online-product-feeds,7,4.5,0,71,0,1e-09,0.0,
smart-social-login,WebDesk Authenticator,store-management-security-accounts-and-login,7,3.2,0,72,0,1e-09,0.0,
smartrestock,Smart Restock: Invoice Import,orders-and-shipping-inventory-inventory-optimization,7,5.0,0,16,0,1e-09,0.0,
sms-notify-sms-gateway-center,SMS Notify ‑SMS Gateway Center,marketing-and-conversion-marketing-sms-marketing,7,5.0,0,39,0,1e-09,0.0,
snap-compare,Snap Compare: Compare Products,store-design-product-display-product-comparison,7,5.0,0,20,0,1e-09,0.0,
snappack,SnapPack: Package Photo Proof,store-management-operations-workflow-automation,7,5.0,0,28,0,1e-09,0.0,
sorry-we-re-closed,We're Closed,sales-channels-selling-in-person-retail,7,2.4,0,60,0,1e-09,0.0,
speed-cart-drawer-abandon-cart,Speed Cart‑ Cart Drawer Upsell,marketing-and-conversion-marketing-abandoned-cart,7,5.0,0,56,0,1e-09,0.0,
spotify,Spotify for Artists,sales-channels-selling-online-marketplaces,7,1.3,0,49,0,1e-09,0.0,
stackadapt,StackAdapt,marketing-and-conversion-advertising-ads,7,5.0,0,52,0,1e-09,0.0,
startstorez-bundle,Rabbit Bundles App & Upsells,marketing-and-conversion-upsell-and-bundles-product-bundles,7,3.6,0,75,0,1e-09,0.0,
store-check-in,Retail Kiosk ‑ Store Check‑In,sales-channels-selling-in-person-retail,7,5.0,0,25,0,1e-09,0.0,
storify-stories-that-convert,StorifyMe ‑ Web & App Stories,store-design-content-product-content,7,4.5,0,55,0,1e-09,0.0,
swiftrate-currency-converter,SwiftRate ‑ Currency Converter,store-design-internationalization-currency-and-translation,7,3.0,0,53,0,1e-09,0.0,
switch-2-zero,Switch2Zero:Plant Trees & Grow,marketing-and-conversion-customer-loyalty-donations,7,5.0,0,33,0,1e-09,0.0,
tcscourier,Official TCS Courier App,orders-and-shipping-shipping-solutions-delivery-and-pickup,7,2.4,0,65,0,1e-09,0.0,
testimony-customer-reviews,Testimony ‑ Reviews by Centous,store-management-support-surveys,7,4.8,0,20,0,1e-09,0.0,
togethr,Togethr,marketing-and-conversion-advertising-affiliate-programs,7,5.0,0,31,0,1e-09,0.0,
tote,TOTE ‑ Fitting Room Booking,selling-products-digital-goods-and-services-event-booking,7,5.0,0,56,0,1e-09,0.0,
translify,Translify | Translation by API,store-design-internationalization-currency-and-translation,7,4.9,0,38,0,1e-09,0.0,
twilio-app,Twilio: Order Alert & Bulk SMS,marketing-and-conversion-marketing-sms-marketing,7,5.0,0,22,0,1e-09,0.0,
us-vs-them-comparison-tables,Us vs Them ‑ Comparison Tables,store-design-product-display-product-comparison,7,4.8,0,45,0,1e-09,0.0,
useranalytics-ai,AI SEO Booster,store-design-content-product-content,7,5.0,0,57,0,1e-09,0.0,
vidoo,Vidoo ‑ AI Product Video Maker,store-design-images-and-media-video-and-livestream,7,4.5,0,30,0,1e-09,0.0,
vivareviews,ViVA Reviews ‑ Product Reviews,marketing-and-conversion-social-trust-product-reviews,7,4.7,0,84,0,1e-09,0.0,
warranty-management-by-webkul,Webkul Warranty Management,orders-and-shipping-returns-and-warranty-warranties-and-insurance,7,4.5,0,38,0,1e-09,0.0,
web-accessibility-by-wawsome,Web Accessibility by Wawsome,store-management-security-legal,7,5.0,0,23,0,1e-09,0.0,
weltpixel-conversion-tracking,WeltPixel Conversion Tracking,store-management-operations-analytics,7,5.0,0,48,0,1e-09,0.0,
wine-club,Tectalic Wine Club,selling-products-payments-subscriptions,7,5.0,0,46,0,1e-09,0.0,
withdraworder-com,Withdraw Order ‑ EU Compliance,orders-and-shipping-orders-order-editing,7,5.0,0,8,0,1e-09,0.0,
woolworthsmarketplus,Woolworths MarketPlus Omnivore,sales-channels-selling-online-marketplaces,7,4.6,0,63,0,1e-09,0.0,
yuma,Yuma AI,store-management-support-helpdesk,7,5.0,0,22,0,1e-09,0.0,
zip-messaging,Zip On‑Site Messaging,store-design-design-elements-badges-and-icons,7,1.0,0,62,0,1e-09,0.0,
abc-digital-downloads,ABC Digital Downloads Products,selling-products-digital-goods-and-services-digital-products,6,5.0,0,35,0,1e-09,0.0,
abra-sections,Premium Theme Sections by Abra,store-design-storefronts-page-builder,6,5.0,0,59,0,1e-09,0.0,
addressly,Addressly:Address Autocomplete,orders-and-shipping-shipping-solutions-delivery-and-pickup,6,5.0,0,78,0,1e-09,0.0,
adult-wellness-dropshipping,SexyLiving: Adult Dropshipping,finding-products-sourcing-options-wholesale,6,5.0,0,74,0,1e-09,0.0,
age-verification-popup-gate-18,Age Verification & Age Gate 18,store-design-notifications-pop-ups,6,5.0,0,35,0,1e-09,0.0,
ai-altgenius,Wixpa Ai Image Alt Text,store-design-images-and-media-image-editor,6,5.0,0,68,0,1e-09,0.0,
ai-product-content-generator,Listagrow AI Product Listing,store-design-content-product-content,6,4.8,0,23,0,1e-09,0.0,
aircada-product-configurator,Aircada ‑ Product Configurator,store-design-images-and-media-3d-ar-vr,6,5.0,0,40,0,1e-09,0.0,
airo-bulk-editor,Airo Bulk Product Editor,store-management-operations-bulk-editor,6,5.0,0,58,0,1e-09,0.0,
al-customermetasync,AL CustomerMetaSync SMS&Forms,store-management-security-accounts-and-login,6,5.0,0,17,0,1e-09,0.0,
all-in-one-accessibility,All in One Accessibility,store-management-security-legal,6,5.0,0,27,0,1e-09,0.0,
amose-section,Amose: AI Store & Page Builder,store-design-storefronts-page-builder,6,4.9,0,41,0,1e-09,0.0,
animify,Animify – Storefront Animation,store-design-design-elements-animation-and-effects,6,5.0,0,18,0,1e-09,0.0,
announcements-bar-boost-sales,B&S ‑ Announcement Bar,store-design-notifications-banners,6,5.0,0,65,0,1e-09,0.0,
approom-estimated-delivery-day,AR Estimated Delivery Date‑EDD,marketing-and-conversion-upsell-and-bundles-countdown-timer,6,4.3,0,48,0,1e-09,0.0,
appstle-pickup-delivery,Appstle Pickup & Delivery,orders-and-shipping-shipping-solutions-delivery-and-pickup,6,5.0,0,61,0,1e-09,0.0,
ar-chatbot,Ansa: AI Chatbot & Live Chat,store-management-support-chat,6,5.0,0,79,0,1e-09,0.0,
artelo,Artelo: Print on Demand Art,finding-products-sourcing-options-print-on-demand-pod,6,5.0,0,66,0,1e-09,0.0,
artshiney-1,Artshiney：Jewelry Dropshipping,marketing-and-conversion-customer-loyalty-wishlists,6,4.6,0,59,0,1e-09,0.0,
audio-players-by-widgetic,Widgetic (Audio Players),store-design-design-elements-animation-and-effects,6,2.0,0,30,0,1e-09,0.0,
ava-ai,Ava AI ‑ AI Phone Agents,store-management-support-helpdesk,6,4.7,0,41,0,1e-09,0.0,
blankwall,Blankwall ‑ AR Art Previews,store-design-images-and-media-3d-ar-vr,6,5.0,0,26,0,1e-09,0.0,
blingconnector,Bling Processamento Automático,store-management-operations-workflow-automation,6,4.4,0,42,0,1e-09,0.0,
blocko,Blocko: AI Theme Sections,store-design-storefronts-page-builder,6,5.0,0,45,0,1e-09,0.0,
bloom-commerce,Bloom Commerce,selling-products-payments-subscriptions,6,5.0,0,58,0,1e-09,0.0,
bloomreach-email-sms-marketing-1,Bloomreach: Loomi AI,store-design-search-and-navigation-search-and-filters,6,2.5,0,30,0,1e-09,0.0,
bulk-square-images,SquareifyBulk,store-design-images-and-media-image-editor,6,4.9,0,62,0,1e-09,0.0,
cart-drawer-app,Flash: Cart Drawer & Upsell,marketing-and-conversion-checkout-cart-customization,6,5.0,0,84,0,1e-09,0.0,
certishopping-1,Certishopping,marketing-and-conversion-social-trust-product-reviews,6,4.7,0,89,0,1e-09,0.0,
channelunity,ChannelUnity,orders-and-shipping-inventory-erp,6,5.0,0,35,0,1e-09,0.0,
chatifai,Chatifai,store-management-support-chat,6,5.0,0,62,0,1e-09,0.0,
checkout-guardian,Checkout Guardian,marketing-and-conversion-checkout-order-limits,6,4.0,0,47,0,1e-09,0.0,
clearpay-messaging,Clearpay On‑Site Messaging,selling-products-payments-payment-experience,6,2.0,0,17,0,1e-09,0.0,
codify-advanced-cod,Codify COD & OTP,selling-products-payments-pay-later,6,5.0,0,21,0,1e-09,0.0,
coefficient,Coefficient for Sheets & Excel,store-management-operations-analytics,6,4.3,0,66,0,1e-09,0.0,
collection-tree,Collection Tree: Discover,store-design-product-display-collections,6,4.5,0,22,0,1e-09,0.0,
commetiq-order-limits,Commetiq Order Limits Quantity,finding-products-sourcing-options-wholesale,6,5.0,0,27,0,1e-09,0.0,
cookie-first,Cookie Consent by CookieFirst,store-design-internationalization-cookie-consent,6,5.0,0,22,0,1e-09,0.0,
creative-ticker-notice,Novo: Scrolling Text Builder,store-design-notifications-banners,6,5.0,0,47,0,1e-09,0.0,
ctt-delivering,Ctt Express,orders-and-shipping-orders-order-tracking,6,2.9,0,36,0,1e-09,0.0,
customize-pos-products,POSify: Custom POS Fields,sales-channels-selling-in-person-retail,6,5.0,0,26,0,1e-09,0.0,
dashi-accounting-myob-xero,Dashi MYOB Accounting Sync,store-management-finances-accounting,6,5.0,0,84,0,1e-09,0.0,
datify,Datify Product Data Management,store-management-operations-bulk-editor,6,4.8,0,46,0,1e-09,0.0,
defendify,Defendify: Copyright AntiTheft,store-management-security-anti-theft,6,5.0,0,23,0,1e-09,0.0,
demand-based-pricing,Inventory Pricing ‑ Pricing.AI,selling-products-pricing-pricing-optimization,6,5.0,0,54,0,1e-09,0.0,
descriptions-studio,Descriptions Studio,store-design-content-product-content,6,5.0,0,47,0,1e-09,0.0,
digital-loyalty,Loyalzoo Digital Loyalty,marketing-and-conversion-marketing-sms-marketing,6,5.0,0,49,0,1e-09,0.0,
discount-king,Nex Discount Capping Discount,selling-products-pricing-pricing-optimization,6,5.0,0,37,0,1e-09,0.0,
dollarlabs-b2b-price-list,DL: Wholesale & B2B Pricing,finding-products-sourcing-options-wholesale,6,5.0,0,62,0,1e-09,0.0,
dpd-polska,DPD Polska,orders-and-shipping-shipping-solutions-shipping-rates,6,3.8,0,67,0,1e-09,0.0,
dynamic-store-locator,Dynamic Store Locator,sales-channels-selling-online-store-data-importer,6,5.0,0,22,0,1e-09,0.0,
easy-withdraw-button,Easy Withdraw: EU‑ready,store-management-security-legal,6,5.0,0,37,0,1e-09,0.0,
ebooster-for-tiktok-shop-1,Sync to TikTok Shop ‑ eBooster,sales-channels-selling-online-product-feeds,6,3.1,0,68,0,1e-09,0.0,
ecom-verified-seller,Ecom : Verified Seller Badges,store-design-design-elements-badges-and-icons,6,5.0,0,36,0,1e-09,0.0,
erpnext-integration,ERPNext Integration TM,orders-and-shipping-inventory-erp,6,5.0,0,30,0,1e-09,0.0,
exit-poll,Simplify Exit Intent Survey,store-management-support-surveys,6,5.0,0,30,0,1e-09,0.0,
fedex-ship-manager,FedEx ‑ Create shipping labels,orders-and-shipping-shipping-solutions-shipping,6,2.2,0,46,0,1e-09,0.0,
festive-decorations,HolidaySpark,store-design-design-elements-animation-and-effects,6,5.0,0,48,0,1e-09,0.0,
fits,FITS AI virtual try‑on fashion,store-design-images-and-media-3d-ar-vr,6,5.0,0,21,0,1e-09,0.0,
flits-wishlist-app,Flits Wishlist,marketing-and-conversion-customer-loyalty-wishlists,6,5.0,0,24,0,1e-09,0.0,
flow-webhooks,Workflow Webhooks,store-management-operations-workflow-automation,6,5.0,0,20,0,1e-09,0.0,
forstock-1,Forstock Inventory Management,orders-and-shipping-inventory-inventory-optimization,6,5.0,0,59,0,1e-09,0.0,
fraudguard-1,ApexGuard Fraud Prevention,store-management-security-fraud,6,5.0,0,37,0,1e-09,0.0,
fyretrail,FyreTrail ‑ Retail Inventory,orders-and-shipping-inventory-inventory-optimization,6,5.0,0,75,0,1e-09,0.0,
ga-form-builder,GA: AI Form Builder,store-design-notifications-forms,6,3.3,0,49,0,1e-09,0.0,
ga-whatsapp-chat,Whatsapp Chat Widget,store-management-support-chat,6,5.0,0,88,0,1e-09,0.0,
ga4-google-analytics-4,AB : Google Analytics 4 (GA4),store-management-operations-analytics,6,4.8,0,41,0,1e-09,0.0,
gang-sheet-pro,Gang Sheet PRO,selling-products-custom-products-custom-file-upload,6,4.2,0,32,0,1e-09,0.0,
gd-ebay-importer,GD: eBay Importer,sales-channels-selling-online-store-data-importer,6,5.0,0,55,0,1e-09,0.0,
getjacked,GetJacked ‑ Loyalty that pays,marketing-and-conversion-customer-loyalty-loyalty-and-rewards,6,5.0,0,71,0,1e-09,0.0,
handlerbund-rechtstexte-1,Händlerbund Rechtstexte,store-management-security-legal,6,1.6,0,54,0,1e-09,0.0,
inpost-italy,InPost Lockers e Punti Ritiro,orders-and-shipping-shipping-solutions-shipping-rates,6,1.9,0,83,0,1e-09,0.0,
integration-with-fgo-by-webshopassist,FGO Integration,orders-and-shipping-orders-invoices-and-receipts,6,4.0,0,75,0,1e-09,0.0,
inventory-history-guardian,Inventory History Guardian,orders-and-shipping-inventory-inventory-optimization,6,5.0,0,60,0,1e-09,0.0,
k-exit-intent-popup,Exit Intent Popup: Exit Pop Up,store-design-notifications-pop-ups,6,5.0,0,95,0,1e-09,0.0,
k-image-hotspot,K: Shoppable Image Hotspots,store-design-images-and-media-image-editor,6,4.9,0,48,0,1e-09,0.0,
klarna-search-compare,Klarna Search & Compare,sales-channels-selling-online-product-feeds,6,4.6,0,19,0,1e-09,0.0,
knlii-order-confirmation,Knlii WhatsApp Order Confirm,marketing-and-conversion-marketing-abandoned-cart,6,5.0,0,63,0,1e-09,0.0,
kwik-official,Kwik,marketing-and-conversion-advertising-affiliate-programs,6,5.0,0,47,0,1e-09,0.0,
looksy,Looksy AI Virtual Try‑On,store-design-images-and-media-3d-ar-vr,6,4.6,0,7,0,1e-09,0.0,
loyalty-rewards-ai-agent,ChatGPT Shopper Rewards AI,marketing-and-conversion-customer-loyalty-loyalty-and-rewards,6,5.0,0,85,0,1e-09,0.0,
lury,Lury: Make an Offer,selling-products-pricing-pricing-quotes,6,5.0,0,75,0,1e-09,0.0,
m-p-courier,M&P Courier,orders-and-shipping-shipping-solutions-shipping-rates,6,3.2,0,61,0,1e-09,0.0,
manifold-token-gate,Manifold Merch Bridge,selling-products-digital-goods-and-services-nfts-and-tokengating,6,2.6,0,2,0,1e-09,0.0,
mark-delivered,Mark Delivered,store-management-operations-workflow-automation,6,5.0,0,79,0,1e-09,0.0,
marpipe,Marpipe ‑ Catalog Manager,marketing-and-conversion-advertising-ads,6,5.0,0,34,0,1e-09,0.0,
measmerize,Measmerize Fashion Size Hub,store-design-product-display-product-comparison,6,5.0,0,30,0,1e-09,0.0,
mega-animated-announcement-bar,MPA Announcement Bar,store-design-notifications-banners,6,3.8,0,82,0,1e-09,0.0,
mega-external-link-buttons,Mega External Links,store-design-design-elements-badges-and-icons,6,5.0,0,59,0,1e-09,0.0,
mega-menu,C: Mega Menu,store-design-search-and-navigation-navigation-and-menus,6,4.9,0,30,0,1e-09,0.0,
memberply,Memberply Memberships,selling-products-payments-subscriptions,6,5.0,0,42,0,1e-09,0.0,
meta-ads-automation,ROASCraft: Meta Ads with AI,marketing-and-conversion-advertising-ads,6,5.0,0,85,0,1e-09,0.0,
mobivogue-mobile-app-builder,MobiVogue ‑ Mobile App Builder,store-design-storefronts-mobile-app-builder,6,5.0,0,27,0,1e-09,0.0,
moselle,Moselle | Inventory Automated,orders-and-shipping-inventory-inventory-optimization,6,4.6,0,79,0,1e-09,0.0,
nabu-for-tiktok-pixel,TikTok Pixels by AdNabu,marketing-and-conversion-advertising-ads,6,5.0,0,63,0,1e-09,0.0,
name-your-price-2,Addify ‑ Name Your Price,selling-products-pricing-pricing-optimization,6,4.4,0,42,0,1e-09,0.0,
obius-bundle-inventory,StockHero Material Inventory,orders-and-shipping-inventory-inventory-optimization,6,4.3,0,83,0,1e-09,0.0,
omni-storelocator-app,Omni Store Locator,sales-channels-selling-in-person-store-locator,6,5.0,0,41,0,1e-09,0.0,
ongoing-wms,Ongoing WMS,orders-and-shipping-shipping-solutions-shipping,6,5.0,0,59,0,1e-09,0.0,
order-tracking-page,GZ Order Tracking Page,orders-and-shipping-orders-order-tracking,6,5.0,0,77,0,1e-09,0.0,
outofstocklabs,Out Of Stock Alert Restock Lab,orders-and-shipping-inventory-inventory-optimization,6,5.0,0,30,0,1e-09,0.0,
parcelmind,Parcelmind Shipping Suite,orders-and-shipping-returns-and-warranty-returns-and-exchanges,6,5.0,0,65,0,1e-09,0.0,
piks-ai-product-photo-video,Piks AI Image / AI Video & UGC,store-design-images-and-media-image-editor,6,4.8,0,62,0,1e-09,0.0,
plan-my-apps-1,Plan My App‑Mobile App Builder,store-design-storefronts-mobile-app-builder,6,5.0,0,39,0,1e-09,0.0,
plant-trees,Plant Trees,marketing-and-conversion-customer-loyalty-donations,6,5.0,0,13,0,1e-09,0.0,
precious-metal-product-prices,Precious Metal Product Prices,selling-products-pricing-pricing-optimization,6,5.0,0,55,0,1e-09,0.0,
preorder-guru,Preorder Guru ‑ Back in Stock,marketing-and-conversion-upsell-and-bundles-pre-orders,6,5.0,0,39,0,1e-09,0.0,
price-mirror,Price Mirror ‑ Dynamic Pricing,selling-products-pricing-pricing-optimization,6,5.0,0,75,0,1e-09,0.0,
pricemaster,Pricemaster – Price Automation,selling-products-pricing-pricing-optimization,6,5.0,0,60,0,1e-09,0.0,
pricer-1,Pricer — Bulk Price Manager,store-management-operations-bulk-editor,6,5.0,0,42,0,1e-09,0.0,
print-app-1,Print.App Product Customizer,selling-products-custom-products-custom-file-upload,6,5.0,0,27,0,1e-09,0.0,
product-pelican,Pelican: Product Data & PIM,store-design-content-product-content,6,5.0,0,20,0,1e-09,0.0,
quick-order-b2b-and-wholesale,Extend B2B Quick Order,store-management-security-accounts-and-login,6,5.0,0,73,0,1e-09,0.0,
revenue-agent-by-starforest,Revenue Agent,selling-products-pricing-pricing-optimization,6,4.8,0,28,0,1e-09,0.0,
revoco,Revoco: EU Withdrawal,store-management-security-legal,6,5.0,0,48,0,1e-09,0.0,
ruffruff-tags,RuffRuff Product & Blog Tags,store-design-site-optimization-accessibility,6,5.0,0,30,0,1e-09,0.0,
rumibundles,Rumi Bundles CartDrawer Free,marketing-and-conversion-upsell-and-bundles-product-bundles,6,5.0,0,96,0,1e-09,0.0,
sales-popup-discount-pop-up,Sam Sales Pop Up,store-design-notifications-pop-ups,6,5.0,0,47,0,1e-09,0.0,
samita-order-limits,Sami Order Limits Quantity,marketing-and-conversion-checkout-order-limits,6,5.0,0,24,0,1e-09,0.0,
scroll-to-top-pro,Scroll to Top ‑ Back to Top,store-design-design-elements-badges-and-icons,6,4.7,0,62,0,1e-09,0.0,
selfdesk,SelfDesk: Order Editing,orders-and-shipping-orders-order-editing,6,5.0,0,20,0,1e-09,0.0,
serializer-product-tracking,Serializer ‑ Product Tracking,orders-and-shipping-orders-order-tracking,6,4.9,0,58,0,1e-09,0.0,
sf-shipping-discount,Advance Free Shipping Discount,orders-and-shipping-shipping-solutions-shipping-rates,6,3.6,0,81,0,1e-09,0.0,
ship24,Ship24 AI Order Tracking,orders-and-shipping-orders-order-tracking,6,5.0,0,40,0,1e-09,0.0,
shopupz-amazon-integration,Amazon Importer shopUpz,sales-channels-selling-online-store-data-importer,6,4.9,0,50,0,1e-09,0.0,
sinoclick,SinoClick: Store&Ad Analytics,marketing-and-conversion-advertising-ads,6,3.7,0,77,0,1e-09,0.0,
smartbill-integration,SmartBill • Integration,store-management-finances-accounting,6,4.4,0,46,0,1e-09,0.0,
smshare,ProWebSms Business Messaging,store-management-operations-staff-notifications,6,4.9,0,24,0,1e-09,0.0,
social-page-product-share-bar,TRANH ‑ Social Media Share bar,store-design-design-elements-badges-and-icons,6,4.8,0,78,0,1e-09,0.0,
sofia-ai-product-importer,Sofia ‑ AI Landing Pages,store-design-content-product-content,6,5.0,0,39,0,1e-09,0.0,
sortimize,Sortimize Collection Sort,store-design-product-display-collections,6,5.0,0,59,0,1e-09,0.0,
stockx,StockX,sales-channels-selling-online-marketplaces,6,5.0,0,65,0,1e-09,0.0,
superskin-ai,superskin AI ‑ Skin Analysis,store-design-notifications-pop-ups,6,5.0,0,63,0,1e-09,0.0,
tek-labs-bundle,TL Mix and Match Bundle Upsell,marketing-and-conversion-upsell-and-bundles-product-bundles,6,5.0,0,87,0,1e-09,0.0,
thanku-integration,ThankU ‑ Post‑Purchase Loyalty,marketing-and-conversion-customer-loyalty-donations,6,5.0,0,21,0,1e-09,0.0,
the-watchlyst,The Watchlyst ‑ Price Alerts,selling-products-pricing-pricing-quotes,6,4.4,0,72,0,1e-09,0.0,
themesafe-security,ThemeSafe ‑ Security ‑ Review,store-management-security-fraud,6,5.0,0,33,0,1e-09,0.0,
theprintbar,The Print Bar,finding-products-sourcing-options-print-on-demand-pod,6,5.0,0,27,0,1e-09,0.0,
track-my-order-1,Track My Order – Realtime,orders-and-shipping-orders-order-tracking,6,4.3,0,67,0,1e-09,0.0,
tracking-app22,Lexus ‑ Multi Facebook Pixels,marketing-and-conversion-advertising-ads,6,5.0,0,36,0,1e-09,0.0,
trexa,Trexa Order Tracking AI,orders-and-shipping-orders-order-tracking,6,5.0,0,43,0,1e-09,0.0,
trypoint,TryPoint ‑ AI Virtual Try On,store-design-images-and-media-3d-ar-vr,6,5.0,0,15,0,1e-09,0.0,
tuneboom,Tuneboom,selling-products-digital-goods-and-services-digital-products,6,1.0,0,49,0,1e-09,0.0,
ubartab-bar-tabs-and-cart-management,UbarTab,sales-channels-selling-in-person-retail,6,3.1,0,69,0,1e-09,0.0,
ultimate-product-options,Ultimate Custom Product Option,selling-products-custom-products-product-variants,6,5.0,0,79,0,1e-09,0.0,
upseller-erp,UpSeller ERP,orders-and-shipping-inventory-erp,6,3.0,0,13,0,1e-09,0.0,
variant-robot,Variant Robot: Link Products,store-design-content-product-content,6,4.3,0,46,0,1e-09,0.0,
vatcompliance,Lappa,store-management-finances-taxes,6,3.6,0,69,0,1e-09,0.0,
visual-customize-product-3d-ar,3D & AR Customize Products 360,store-design-images-and-media-3d-ar-vr,6,2.8,0,65,0,1e-09,0.0,
volt-mobile-app-builder,Volt Mobile App Builder,store-design-storefronts-mobile-app-builder,6,5.0,0,42,0,1e-09,0.0,
vyreel,VyReel: Shoppable Videos&Reels,store-design-images-and-media-video-and-livestream,6,5.0,0,39,0,1e-09,0.0,
webp-image,WEBP Image Optimizer+Speed SEO,store-design-images-and-media-image-editor,6,4.9,0,13,0,1e-09,0.0,
wegifts,Gift Cards by WeGifts,marketing-and-conversion-gifts-gift-cards,6,5.0,0,33,0,1e-09,0.0,
weigh-it,Alumify: Weigh it,sales-channels-selling-in-person-retail,6,3.1,0,68,0,1e-09,0.0,
wellochat,Wello: AI Chatbot & Live Chat,orders-and-shipping-orders-order-tracking,6,5.0,0,50,0,1e-09,0.0,
widerruf-frontend,Secure EU Withdrawal Button,orders-and-shipping-returns-and-warranty-returns-and-exchanges,6,5.0,0,25,0,1e-09,0.0,
xero-taxomate,Taxomate QuickBooks Xero Sync,store-management-finances-taxes,6,5.0,0,41,0,1e-09,0.0,
zeno-blog-editor,Zeno SEO Blog Editor,store-design-content-blogs,6,5.0,0,71,0,1e-09,0.0,
2clickfit-app,2ClickFit: Virtual Try On,store-design-product-display-product-comparison,5,5.0,0,51,0,1e-09,0.0,
accessora,Accessora: Accessibility ADA,store-design-site-optimization-accessibility,5,5.0,0,26,0,1e-09,0.0,
account-pages-toolbox,Customer Accounts Toolbox,store-management-security-accounts-and-login,5,5.0,0,43,0,1e-09,0.0,
add-on-builder,PIMW Product personalizer,selling-products-custom-products-product-variants,5,5.0,0,26,0,1e-09,0.0,
advanced-inventory-planner,Inventory Management by Mipler,marketing-and-conversion-upsell-and-bundles-stock-alerts,5,5.0,0,87,0,1e-09,0.0,
ailead,✧AiLead: FREE AI Sales Chatbot,store-management-support-chat,5,5.0,0,54,0,1e-09,0.0,
all-in-one-store,QuickStarter: All‑in‑One store,marketing-and-conversion-upsell-and-bundles-product-bundles,5,3.9,0,91,0,1e-09,0.0,
apphero-post-purchase-upsell,AppHero: Post Purchase Upsell,marketing-and-conversion-checkout-cart-customization,5,5.0,0,74,0,1e-09,0.0,
appmax-antifraude,Appmax Antifraude,store-management-security-fraud,5,2.5,0,34,0,1e-09,0.0,
appme-mobile-app-builder,AppMe ‑ Mobile App Builder,store-design-storefronts-mobile-app-builder,5,5.0,0,57,0,1e-09,0.0,
astro-loyalty,Astro Loyalty,marketing-and-conversion-customer-loyalty-loyalty-and-rewards,5,3.7,0,92,0,1e-09,0.0,
automated-commerce,Automated Commerce: AI PIM,store-design-content-product-content,5,5.0,0,31,0,1e-09,0.0,
automated-fortnox-bookkeeping,Fortnox by Sharespine,store-management-finances-accounting,5,5.0,0,76,0,1e-09,0.0,
ayna-studio,Ayna: AI Fashion Models Photos,store-design-images-and-media-image-editor,5,5.0,0,51,0,1e-09,0.0,
best-sms-marketing,Blaze SMS ‑ SMS Marketing & AI,marketing-and-conversion-marketing-sms-marketing,5,5.0,0,68,0,1e-09,0.0,
bidonlineauction,Bid Online Auction,selling-products-pricing-pricing-quotes,5,4.4,0,41,0,1e-09,0.0,
blaze-blocker,Blaze Country And VPN Blocker,store-management-security-fraud,5,4.2,0,56,0,1e-09,0.0,
bookvault,Bookvault,finding-products-sourcing-options-dropshipping,5,2.7,0,34,0,1e-09,0.0,
boutiqes-size-charts,Boutiqfy Size Chart Size Guide,store-design-product-display-product-comparison,5,4.6,0,28,0,1e-09,0.0,
box-music-background-music,Box Music ‑ Background Music,store-design-design-elements-animation-and-effects,5,4.0,0,37,0,1e-09,0.0,
brandsky-print-on-demand,Brandsky ‑ Print on Demand,finding-products-sourcing-options-print-on-demand-pod,5,5.0,0,64,0,1e-09,0.0,
bulk-image-optimizer,WEBP: Bulk Image Compress SEO,store-design-images-and-media-image-editor,5,5.0,0,29,0,1e-09,0.0,
bulk-variant-editor,PS: Bulk Variant Editor,store-management-operations-bulk-editor,5,4.0,0,56,0,1e-09,0.0,
business-league,BusinessLeague: Sales Growth,marketing-and-conversion-advertising-affiliate-programs,5,5.0,0,39,0,1e-09,0.0,
butterflai,ButterflAI Product Description,store-design-content-product-content,5,5.0,0,59,0,1e-09,0.0,
cart-save-and-share,CSS: Cart Save and Share,marketing-and-conversion-customer-loyalty-wishlists,5,5.0,0,37,0,1e-09,0.0,
cartconvert,CartConvert,marketing-and-conversion-marketing-abandoned-cart,5,5.0,0,91,0,1e-09,0.0,
cash-on-delivery-app,Cash On Delivery Finance,selling-products-payments-pay-later,5,5.0,0,41,0,1e-09,0.0,
chargeback-blacklist,Chargeback Blacklist,store-management-security-fraud,5,5.0,0,26,0,1e-09,0.0,
charitychoice,CharityChoice Donations,marketing-and-conversion-customer-loyalty-donations,5,5.0,0,6,0,1e-09,0.0,
charm-bar-builder,Charm Bar,selling-products-custom-products-product-variants,5,4.6,0,80,0,1e-09,0.0,
ci-hide-price,Hide Price: Login to See Price,selling-products-pricing-pricing-quotes,5,5.0,0,45,0,1e-09,0.0,
ck-sections,CK — Theme Sections & Upsells,store-design-storefronts-page-builder,5,5.0,0,70,0,1e-09,0.0,
cookease-gdpr-cookie-consent,Cookease: Cookie Consent Mode,store-design-internationalization-cookie-consent,5,5.0,0,11,0,1e-09,0.0,
copy-products-1,Kopy's: Copy Products Faster,sales-channels-selling-online-store-data-importer,5,5.0,0,33,0,1e-09,0.0,
crowd-funding,Webkul Crowdfunding,marketing-and-conversion-upsell-and-bundles-pre-orders,5,5.0,0,32,0,1e-09,0.0,
customeow-product-personalizer,CustoMeow POD Designer,selling-products-custom-products-custom-file-upload,5,4.6,0,38,0,1e-09,0.0,
delighted,Delighted Post‑Delivery Survey,store-management-support-surveys,5,4.7,0,48,0,1e-09,0.0,
depict-search,Search by Depict,store-design-search-and-navigation-search-and-filters,5,5.0,0,35,0,1e-09,0.0,
discord-social-login,miniOrange Discord Integration,store-management-security-accounts-and-login,5,5.0,0,81,0,1e-09,0.0,
e-boleta,e‑Boletas ‑ DTE Chile SII,orders-and-shipping-orders-invoices-and-receipts,5,4.2,0,55,0,1e-09,0.0,
easy-order-printer-templates,Easy Order Printer Templates+,store-management-finances-taxes,5,5.0,0,40,0,1e-09,0.0,
easy-otp-login,Quick Login OTP,store-management-security-accounts-and-login,5,5.0,0,79,0,1e-09,0.0,
easy-wholesale,EasyB2B: Password Protection,store-management-security-accounts-and-login,5,5.0,0,59,0,1e-09,0.0,
emersoft-books-app,Emersoft Books,finding-products-sourcing-options-dropshipping,5,5.0,0,41,0,1e-09,0.0,
erply-pos-for-shopify,Erply POS Integration,sales-channels-selling-in-person-retail,5,2.2,0,61,0,1e-09,0.0,
eu-withdrawal-1,EU Withdrawal Button and Form,store-management-security-legal,5,5.0,0,30,0,1e-09,0.0,
feedmanager,Feedmanager ‑ Shopping Feeds,sales-channels-selling-online-product-feeds,5,5.0,0,61,0,1e-09,0.0,
feedsync-custom-xml-feeds,Feed Sync ‑ Unlimited XML Feed,sales-channels-selling-online-product-feeds,5,5.0,0,42,0,1e-09,0.0,
file-search-bar-download,Download Page & File Search MP,store-design-search-and-navigation-search-and-filters,5,5.0,0,67,0,1e-09,0.0,
find-product-photos,Product Photo Finder,store-design-content-product-content,5,5.0,0,30,0,1e-09,0.0,
firecart,Firecart: Persistent Cart Sync,marketing-and-conversion-marketing-abandoned-cart,5,4.9,0,53,0,1e-09,0.0,
fitment-tool,Instant Fit by Year/Make/Model,store-design-search-and-navigation-search-and-filters,5,5.0,0,43,0,1e-09,0.0,
flexify-for-google-channel,Flexify for Google & Youtube,sales-channels-selling-online-product-feeds,5,5.0,0,63,0,1e-09,0.0,
folkal,Folkal,sales-channels-selling-in-person-store-locator,5,5.0,0,34,0,1e-09,0.0,
formify-custom-checkout-forms,Formify: custom checkout forms,store-design-notifications-forms,5,5.0,0,51,0,1e-09,0.0,
fulfily-image-generator,Fulfily AI Product Images,store-design-images-and-media-image-editor,5,5.0,0,29,0,1e-09,0.0,
fuze-cross-sell-upsell,Fuze: COD Post Purchase Upsell,selling-products-payments-pay-later,5,3.3,0,45,0,1e-09,0.0,
ga-polls,GA: AI Polls,store-management-support-surveys,5,5.0,0,19,0,1e-09,0.0,
glmall-sales-channel,GLMall Sales Channel,sales-channels-selling-online-marketplaces,5,5.0,0,67,0,1e-09,0.0,
glovokai,Glovokai: Address Translation,store-management-operations-workflow-automation,5,4.0,0,33,0,1e-09,0.0,
go-tracking,GO WhatsApp Order Tracking,store-management-support-helpdesk,5,4.8,0,49,0,1e-09,0.0,
google-review-by-shophaus,Shophaus Google reviews,marketing-and-conversion-social-trust-product-reviews,5,5.0,0,80,0,1e-09,0.0,
herodesk,Herodesk,store-management-support-helpdesk,5,5.0,0,26,0,1e-09,0.0,
heureka-verified,Heureka & Zbozi Tracking,marketing-and-conversion-social-trust-product-reviews,5,5.0,0,74,0,1e-09,0.0,
hidden-collections,Hide Collection ‑ VIP Presales,store-design-product-display-collections,5,3.3,0,61,0,1e-09,0.0,
hoverly-image-swap-gallery,Hoverly ‑ Image Swap & Gallery,store-design-images-and-media-image-gallery,5,5.0,0,77,0,1e-09,0.0,
hubspot-2,HubSpot,store-management-operations-analytics,5,1.0,0,77,0,1e-09,0.0,
huskify-request-for-quote,Huskify ‑ Request for Quote,selling-products-pricing-pricing-quotes,5,5.0,0,73,0,1e-09,0.0,
impresee-vsearch,Impresee’s Smart Search Bar,store-design-search-and-navigation-search-and-filters,5,4.6,0,66,0,1e-09,0.0,
instareel-instagram-reels-feed,InstaReel ‑ Instagram Reels,store-design-images-and-media-image-gallery,5,5.0,0,23,0,1e-09,0.0,
iyzads,iyzads: AI Ads for Google&Meta,marketing-and-conversion-advertising-ads,5,5.0,0,59,0,1e-09,0.0,
k-pdf-viewer,"K:PDF Viewer, Flipbook+Catalog",selling-products-custom-products-custom-file-upload,5,5.0,0,45,0,1e-09,0.0,
k-urgency-countdown-timer-bar,K: Urgency Countdown Timer Bar,marketing-and-conversion-upsell-and-bundles-countdown-timer,5,5.0,0,27,0,1e-09,0.0,
kaizntree,Kaizntree Inventory Management,orders-and-shipping-inventory-erp,5,5.0,0,45,0,1e-09,0.0,
kudosity-sms-mms-marketing,Kudosity SMS Messaging,marketing-and-conversion-marketing-sms-marketing,5,5.0,0,25,0,1e-09,0.0,
layerimg-ai,Layerimg AI,selling-products-custom-products-product-variants,5,5.0,0,22,0,1e-09,0.0,
listen-now,Listen Now ‑ Audio Player,store-design-design-elements-animation-and-effects,5,4.6,0,23,0,1e-09,0.0,
livesupporti-live-chat-software,LiveSupporti ‑ Live Chat,store-management-support-helpdesk,5,4.2,0,60,0,1e-09,0.0,
loop-voice-agent,Loop ‑ AI Voice Agents,marketing-and-conversion-marketing-abandoned-cart,5,5.0,0,68,0,1e-09,0.0,
low-stock-alert-1,MB Low Stock Alert,orders-and-shipping-inventory-inventory-optimization,5,5.0,0,67,0,1e-09,0.0,
mamba,MambaSMS Email &SMS Marketing,marketing-and-conversion-marketing-email-marketing,5,5.0,0,74,0,1e-09,0.0,
mapify-4,Mapify: Store Locator & Maps,sales-channels-selling-in-person-store-locator,5,5.0,0,17,0,1e-09,0.0,
mazing-app,MAZINGXR ‑ from 2D to 3D to AR,store-design-images-and-media-3d-ar-vr,5,5.0,0,55,0,1e-09,0.0,
mega-image-exporter,Mega Media and Image Exporter,store-design-images-and-media-image-editor,5,5.0,0,50,0,1e-09,0.0,
mirrar-app,mirrAR ‑ Virtual Try On,store-design-images-and-media-3d-ar-vr,5,5.0,0,48,0,1e-09,0.0,
mr-daibiki,MR.DAIBIKI（代引手数料を自動計算し顧客に通知）,selling-products-payments-pay-later,5,4.6,0,44,0,1e-09,0.0,
nexusshippingprotection,Shipping Protection ‑Insurance,orders-and-shipping-returns-and-warranty-warranties-and-insurance,5,5.0,0,22,0,1e-09,0.0,
night-mode-dark-mode,Twilight,store-design-design-elements-animation-and-effects,5,4.1,0,47,0,1e-09,0.0,
oc-product-enquiry,OC Product Enquiry,store-management-support-faq,5,4.5,0,20,0,1e-09,0.0,
omnidonation,Infinite Donations & Charity,marketing-and-conversion-customer-loyalty-donations,5,4.5,0,11,0,1e-09,0.0,
oracle-netsuite,NetSuite ERP Connector,orders-and-shipping-inventory-erp,5,4.0,0,15,0,1e-09,0.0,
order-rescue,Order Rescue,marketing-and-conversion-marketing-abandoned-cart,5,5.0,0,57,0,1e-09,0.0,
orders-merger,Rocketly: Auto Merge Orders,store-management-operations-workflow-automation,5,5.0,0,25,0,1e-09,0.0,
oto,OTO ‑ Shipping Gateway,orders-and-shipping-shipping-solutions-shipping-rates,5,5.0,0,50,0,1e-09,0.0,
otp-login-india,Prizma OTP Login with WhatsApp,store-management-security-accounts-and-login,5,5.0,0,74,0,1e-09,0.0,
outfit-builder,DBRMAN: Outfit Builder,store-design-product-display-product-comparison,5,5.0,0,52,0,1e-09,0.0,
overlay,Overlay Product Image Or Text,store-design-images-and-media-image-editor,5,4.5,0,56,0,1e-09,0.0,
pairy,Pairy,store-management-finances-accounting,5,5.0,0,74,0,1e-09,0.0,
pango,Pango Delivery & Returns,orders-and-shipping-returns-and-warranty-returns-and-exchanges,5,5.0,0,62,0,1e-09,0.0,
pasilobus-store-locator,Pasilobus Store Locator,sales-channels-selling-in-person-store-locator,5,5.0,0,18,0,1e-09,0.0,
picqer,Picqer | Pick & ship faster,orders-and-shipping-inventory-inventory-optimization,5,4.7,0,34,0,1e-09,0.0,
pos-wishlist,Wysh ‑ Wishlist & POS,marketing-and-conversion-customer-loyalty-wishlists,5,5.0,0,17,0,1e-09,0.0,
post-iq,Post IQ: AI Social Videos,store-design-images-and-media-video-and-livestream,5,5.0,0,40,0,1e-09,0.0,
power-quiz,Appify: Power Quiz,store-management-support-surveys,5,5.0,0,54,0,1e-09,0.0,
pre-order-by-webkul,Webkul Pre‑Order,marketing-and-conversion-upsell-and-bundles-pre-orders,5,5.0,0,67,0,1e-09,0.0,
prestashop-importer,AppsByB: PrestaShop Importer,sales-channels-selling-online-store-data-importer,5,5.0,0,83,0,1e-09,0.0,
pretty-comparisons,Pretty Comparison Tables,store-design-product-display-product-comparison,5,5.0,0,58,0,1e-09,0.0,
prevent-content-theft,AntiCopy:Prevent Content Theft,store-management-security-anti-theft,5,5.0,0,26,0,1e-09,0.0,
printrove-print-on-demand-dropshipping,Printrove ‑ Print & Dropship,finding-products-sourcing-options-print-on-demand-pod,5,5.0,0,46,0,1e-09,0.0,
product-background-remover,Pix ‑ Photo Background Remover,store-design-images-and-media-image-editor,5,5.0,0,44,0,1e-09,0.0,
product-faq,Webkul AI Driven Product FAQ,store-management-support-faq,5,4.4,0,42,0,1e-09,0.0,
product-maestro-scheduler,Bulk Edit & Product Scheduler,store-management-operations-bulk-editor,5,5.0,0,70,0,1e-09,0.0,
profitoo,Profitoo: Profit Analytics,store-management-operations-analytics,5,4.9,0,91,0,1e-09,0.0,
quoffer,Request a Quote & Make Offers,selling-products-pricing-pricing-optimization,5,5.0,0,37,0,1e-09,0.0,
reelio,Shoppable Video Slider: Reelio,store-design-images-and-media-video-and-livestream,5,5.0,0,88,0,1e-09,0.0,
reewild-earth,Climate Action with Reewild,marketing-and-conversion-customer-loyalty-donations,5,5.0,0,45,0,1e-09,0.0,
review2xml-google-shopping,Review2XML ‑ Google Shopping,sales-channels-selling-online-product-feeds,5,5.0,0,29,0,1e-09,0.0,
reviewsion,Reviewsion,marketing-and-conversion-social-trust-product-reviews,5,5.0,0,75,0,1e-09,0.0,
rushly,Rushly ‑ FOMO & Social Proof,marketing-and-conversion-upsell-and-bundles-stock-alerts,5,5.0,0,76,0,1e-09,0.0,
ryviu-amazon-importer,Ryviu Amazon Products Importer,sales-channels-selling-online-store-data-importer,5,4.8,0,70,0,1e-09,0.0,
scala-anti-spy,Scala Anti Spy,store-management-security-anti-theft,5,5.0,0,18,0,1e-09,0.0,
scalapay-on-messaging,Scalapay On‑Site Messaging,store-design-notifications-banners,5,2.0,0,46,0,1e-09,0.0,
shiprazor-1,Shiprazor,orders-and-shipping-shipping-solutions-third-party-logistics-3pl,5,5.0,0,17,0,1e-09,0.0,
shopkeeper-premium,ShopKeeper Premium Gift Cards,marketing-and-conversion-gifts-gift-cards,5,5.0,0,24,0,1e-09,0.0,
shoppable-shortvid,TPS Shoppable ShortVid,store-design-images-and-media-video-and-livestream,5,5.0,0,87,0,1e-09,0.0,
shoppulse,PhotoAI: AI Product Images,store-design-images-and-media-image-editor,5,5.0,0,39,0,1e-09,0.0,
shott,Shott ‑ AI Video Creation,store-design-images-and-media-video-and-livestream,5,4.8,0,75,0,1e-09,0.0,
size-recommendation,Prime AI Clothing Size Finder,store-design-product-display-product-comparison,5,3.9,0,68,0,1e-09,0.0,
skusavvy,SKUSavvy AI Powered WMS,orders-and-shipping-inventory-inventory-sync,5,4.7,0,84,0,1e-09,0.0,
skywalk-sku-generator,SKU Generator ‑ Bulk & Auto,store-management-operations-bulk-editor,5,4.5,0,31,0,1e-09,0.0,
slogo,Slogo Logo slider Pro,store-design-design-elements-badges-and-icons,5,4.6,0,56,0,1e-09,0.0,
smartalt-ai-alt-text,SmartAlt ‑ AI SEO Alt Text,store-design-site-optimization-accessibility,5,5.0,0,19,0,1e-09,0.0,
sms-abandoned-cart-cartboss,SMS Abandoned Cart ✦ CartBoss,marketing-and-conversion-marketing-sms-marketing,5,3.9,0,31,0,1e-09,0.0,
sms-mobile-api,WhatsApp & SMS Notification,marketing-and-conversion-marketing-sms-marketing,5,1.6,0,69,0,1e-09,0.0,
solvex-estimated-delivery-date-1,Solvex Estimated Delivery Date,marketing-and-conversion-upsell-and-bundles-countdown-timer,5,5.0,0,49,0,1e-09,0.0,
spaceship-shipping-automation,Spaceship: Shipping Automation,orders-and-shipping-shipping-solutions-third-party-logistics-3pl,5,5.0,0,37,0,1e-09,0.0,
stockflow,StockFlow ‑ Auto Pre‑Orders,marketing-and-conversion-upsell-and-bundles-pre-orders,5,5.0,0,61,0,1e-09,0.0,
stockist-maps,Stockist Maps: Store Locator,sales-channels-selling-in-person-store-locator,5,5.0,0,11,0,1e-09,0.0,
store-import,Store Importer & Cloner,sales-channels-selling-online-store-data-importer,5,3.2,0,75,0,1e-09,0.0,
storebuddy,Shine Ecommerce,store-management-finances-accounting,5,5.0,0,54,0,1e-09,0.0,
storerocket-store-locator,StoreRocket Store Locator,sales-channels-selling-in-person-store-locator,5,5.0,0,39,0,1e-09,0.0,
strique-catalog,Strique AI,sales-channels-selling-online-product-feeds,5,4.3,0,80,0,1e-09,0.0,
syncwith,"SyncWith Google Sheets, Looker",sales-channels-selling-online-store-data-importer,5,5.0,0,46,0,1e-09,0.0,
tcgapp,TCG Importer,sales-channels-selling-online-store-data-importer,5,3.8,0,63,0,1e-09,0.0,
temply-live,Temply | Advertorials & Funnel,store-design-storefronts-page-builder,5,5.0,0,85,0,1e-09,0.0,
the-courier-guy,The Courier Guy,orders-and-shipping-shipping-solutions-shipping-rates,5,2.3,0,59,0,1e-09,0.0,
theme-weaver,Theme Weaver,store-design-storefronts-page-builder,5,4.4,0,91,0,1e-09,0.0,
tint-virtual-try-on-by-banuba,Banuba AI Virtual Try‑On,store-design-images-and-media-3d-ar-vr,5,4.0,0,25,0,1e-09,0.0,
transl8-translate-localize,Transl8 | Translate & Localize,store-design-internationalization-currency-and-translation,5,4.8,0,68,0,1e-09,0.0,
traxoft-image-voting-kit,Traxoft: Image Voting,store-management-support-surveys,5,3.0,0,47,0,1e-09,0.0,
tryonify,"TryOnify: Try Now, Pay Later",selling-products-payments-payment-experience,5,5.0,0,32,0,1e-09,0.0,
tss-google-customer-review,TSS Google Customer Review,store-management-support-surveys,5,2.9,0,44,0,1e-09,0.0,
ultimate-po-box-blocker,Ultimate PO Box Blocker,orders-and-shipping-shipping-solutions-shipping-rates,5,5.0,0,62,0,1e-09,0.0,
unbridaled-diamonds,Unbridaled Diamonds,store-design-product-display-product-comparison,5,5.0,0,50,0,1e-09,0.0,
unified-repairs-support,Unified Repairs Support,store-management-support-surveys,5,4.4,0,38,0,1e-09,0.0,
unload,Unload ‑ Bulk Product Import,store-management-operations-workflow-automation,5,5.0,0,65,0,1e-09,0.0,
virtualtryon,TryOn Virtual: AR & AI Try‑On,store-design-images-and-media-3d-ar-vr,5,5.0,0,9,0,1e-09,0.0,
visma-e-conomic-sync,Visma e‑conomic Integration,store-management-finances-accounting,5,4.3,0,59,0,1e-09,0.0,
vizbl,Vizbl AR,store-design-images-and-media-3d-ar-vr,5,5.0,0,36,0,1e-09,0.0,
wa-autoflow,WaAutoflow Whatsapp Automation,store-management-operations-workflow-automation,5,5.0,0,84,0,1e-09,0.0,
wcrm,wCRM ‑ Transactional Notifier,orders-and-shipping-orders-order-tracking,5,5.0,0,69,0,1e-09,0.0,
were-open,We Are Open,store-design-notifications-banners,5,5.0,0,73,0,1e-09,0.0,
whatnot,Whatnot,sales-channels-selling-online-marketplaces,5,3.5,0,34,0,1e-09,0.0,
whatsapp-sms-notifications,Alintro WA SMS Notify,marketing-and-conversion-marketing-sms-marketing,5,5.0,0,54,0,1e-09,0.0,
widerrufs-button-eu,EU Withdrawal Form & Button,store-management-security-legal,5,4.7,0,36,0,1e-09,0.0,
wishlistify-by-byte,Wishlist & Favorites by Byte,marketing-and-conversion-customer-loyalty-wishlists,5,5.0,0,53,0,1e-09,0.0,
3d-bits-1,3D Bits,store-design-images-and-media-3d-ar-vr,4,5.0,0,30,0,1e-09,0.0,
3d-seasonal-effects,3D: Animated Seasonal Effects,store-design-design-elements-animation-and-effects,4,3.8,0,22,0,1e-09,0.0,
accelpay-fulfillment,Accelpay Fulfillment,orders-and-shipping-shipping-solutions-third-party-logistics-3pl,4,5.0,0,47,0,1e-09,0.0,
accessibilityway,Accessibility Way ADA WCAG EAA,store-management-security-legal,4,5.0,0,21,0,1e-09,0.0,
advanced-pre-order-pro,Advanced Pre‑Order PRO,marketing-and-conversion-upsell-and-bundles-pre-orders,4,5.0,0,73,0,1e-09,0.0,
aerochat-chatbot,AeroChat AI Chatbot &Live Chat,store-management-support-helpdesk,4,5.0,0,42,0,1e-09,0.0,
age-verification-19,AgeGate Age Verification popup,store-design-notifications-pop-ups,4,5.0,0,68,0,1e-09,0.0,
ai-live-chat-bot-by-athena,Athena AI: ChatGPT FAQs Agent,store-management-support-faq,4,4.5,0,31,0,1e-09,0.0,
ai-page-builder-1,Athena AI Landing Page Builder,store-design-storefronts-page-builder,4,5.0,0,84,0,1e-09,0.0,
ai-product-title-seo-fixer,Norlif AI Product Descriptions,store-management-operations-bulk-editor,4,5.0,0,75,0,1e-09,0.0,
akeans-prescription-lens,VisioncarePro: Rx Lens & Frame,selling-products-custom-products-custom-file-upload,4,5.0,0,42,0,1e-09,0.0,
amendify-edit-order-and-upsell,Amendify ‑ Order Edit & Upsell,orders-and-shipping-orders-order-editing,4,5.0,0,48,0,1e-09,0.0,
antitheft-pro,Disable Right Click AntiTheft,store-management-security-anti-theft,4,3.8,0,16,0,1e-09,0.0,
aov-ai-checkout-upsell,AOV.ai Checkout Rules & Upsell,marketing-and-conversion-checkout-order-limits,4,5.0,0,25,0,1e-09,0.0,
ape-x-image-carousel,Logo Carousel,store-design-images-and-media-image-gallery,4,5.0,0,43,0,1e-09,0.0,
apiease-admin,APIEase: API Integration Hub,store-management-operations-workflow-automation,4,5.0,0,61,0,1e-09,0.0,
ar-virtual-tryon,Wolf AR: Try‑On & Conversion,store-design-images-and-media-3d-ar-vr,4,5.0,0,28,0,1e-09,0.0,
ar-whatsapp-marketing-chat,WhatsApp Chat : Abandoned Cart,store-management-support-chat,4,5.0,0,45,0,1e-09,0.0,
arvio,Arvio: Store Growth Operator,store-management-operations-bulk-editor,4,4.8,0,45,0,1e-09,0.0,
assurify,Shipping Protection — Assurify,orders-and-shipping-returns-and-warranty-warranties-and-insurance,4,3.6,0,40,0,1e-09,0.0,
awplayer,AWP Audio Player,store-design-design-elements-animation-and-effects,4,4.6,0,15,0,1e-09,0.0,
b2b-pricelist,Codefy b2b pricelist,selling-products-pricing-pricing-quotes,4,5.0,0,62,0,1e-09,0.0,
bitrecs-ai-recommendations,Bitrecs: AI Recommendations,marketing-and-conversion-checkout-cart-customization,4,5.0,0,89,0,1e-09,0.0,
bl-product-images-bulk-upload,BL Bulk Product Image Uploader,sales-channels-selling-online-store-data-importer,4,5.0,0,34,0,1e-09,0.0,
blockify-builder,Blockify Builder,store-design-storefronts-page-builder,4,5.0,0,61,0,1e-09,0.0,
blog-importer,Blog Importer,store-design-content-blogs,4,5.0,0,18,0,1e-09,0.0,
blog-product-cards-1,Buy Button Plus channel,marketing-and-conversion-checkout-cart-customization,4,5.0,0,95,0,1e-09,0.0,
blog-product-tagger,FSC: Blog Product Spotlight,store-design-content-blogs,4,5.0,0,61,0,1e-09,0.0,
blogbuddy,BlogBuddy,store-design-content-blogs,4,4.7,0,24,0,1e-09,0.0,
bloghero,BlogHero ‑ AI Blog & Analytics,store-design-content-blogs,4,5.0,0,28,0,1e-09,0.0,
bol-com,Bol.com: Automate your sales,sales-channels-selling-online-product-feeds,4,5.0,0,62,0,1e-09,0.0,
boostra-scroll-to,Boostra Scroll To,store-design-design-elements-badges-and-icons,4,5.0,0,38,0,1e-09,0.0,
breeze-buddy,Breeze Buddy,store-management-operations-workflow-automation,4,5.0,0,56,0,1e-09,0.0,
brillocraft-mobile-app,Brillocraft ‑ Mobile App,store-design-storefronts-mobile-app-builder,4,4.1,0,33,0,1e-09,0.0,
bt-collection-sort-manage,BL | Collection Sort & Manage,store-design-product-display-collections,4,4.8,0,41,0,1e-09,0.0,
bundleplus,BundlePlus ‑ Bundle & Discount,marketing-and-conversion-upsell-and-bundles-product-bundles,4,5.0,0,86,0,1e-09,0.0,
buy-now-ship-later,Addora ‑ Buy Now Ship Later,marketing-and-conversion-checkout-cart-customization,4,5.0,0,88,0,1e-09,0.0,
camweara-ring-sizer,Camweara Ring Sizer,store-design-product-display-product-comparison,4,5.0,0,38,0,1e-09,0.0,
canva-add-pages,Canva AI Landing Page Builder,store-design-storefronts-page-builder,4,3.3,0,64,0,1e-09,0.0,
cart-reserve,Cart Reserve: Stock Hold Timer,store-management-security-fraud,4,5.0,0,36,0,1e-09,0.0,
cartsee,CartSee,marketing-and-conversion-marketing-email-marketing,4,5.0,0,51,0,1e-09,0.0,
cat-kiss-fish,CatKissFish All‑Over Print POD,finding-products-sourcing-options-dropshipping,4,4.8,0,36,0,1e-09,0.0,
cc-order-limit-rule,CC Order Rules: Preorder+Limit,marketing-and-conversion-upsell-and-bundles-pre-orders,4,4.4,0,37,0,1e-09,0.0,
chat-on-desk,Chat ON Desk,store-management-security-accounts-and-login,4,5.0,0,56,0,1e-09,0.0,
clickslide-clickable-slider,Slidy: Image & Video Slider,store-design-images-and-media-image-gallery,4,5.0,0,72,0,1e-09,0.0,
clockwork-order-exporter,CW: Order Exporter & Scheduler,store-management-operations-staff-notifications,4,4.7,0,30,0,1e-09,0.0,
cloprod,Cloprod:Premium Streetwear POD,finding-products-sourcing-options-print-on-demand-pod,4,4.5,0,32,0,1e-09,0.0,
codeadx-connector,CodeADX–Promo Code Marketplace,marketing-and-conversion-advertising-affiliate-programs,4,5.0,0,50,0,1e-09,0.0,
codfy-cash-on-delivery,CODFY Cash on Delivery,selling-products-payments-pay-later,4,5.0,0,23,0,1e-09,0.0,
codplus,Codplus,selling-products-payments-pay-later,4,5.0,0,17,0,1e-09,0.0,
comparexpert,CompareXpert ‑ Product Compare,store-design-product-display-product-comparison,4,5.0,0,64,0,1e-09,0.0,
cps-extended-warranty-upsell,CPS Extended Warranty Upsell,orders-and-shipping-returns-and-warranty-warranties-and-insurance,4,5.0,0,21,0,1e-09,0.0,
customer-barcode-creator,Barcodeator ‑ Customer QR Code,sales-channels-selling-in-person-retail,4,5.0,0,33,0,1e-09,0.0,
customer-order-management-by-webkul,Webkul Order Management,orders-and-shipping-orders-order-editing,4,5.0,0,62,0,1e-09,0.0,
customergenius,CustomerGenius,store-management-security-fraud,4,5.0,0,41,0,1e-09,0.0,
daibiki-concierge,代引きコンシェルジュ｜代引き手数料込みの金額を表示,selling-products-payments-payment-experience,4,5.0,0,25,0,1e-09,0.0,
dataease,DataEase ‑ Export and Import,store-management-operations-bulk-editor,4,4.8,0,69,0,1e-09,0.0,
dbrman-store-upgrades,DBRMAN: Store Upgrades,store-design-storefronts-page-builder,4,4.8,0,65,0,1e-09,0.0,
digital-content-sales-with-drm-flickrocket,Digital Content Sales with DRM,selling-products-digital-goods-and-services-digital-products,4,4.7,0,52,0,1e-09,0.0,
digital-hub-new-arrivals,Digital Hub New Arrivals,store-design-product-display-collections,4,5.0,0,62,0,1e-09,0.0,
donate-by-sale,Impact By Sale,marketing-and-conversion-customer-loyalty-donations,4,5.0,0,55,0,1e-09,0.0,
dsmatepro,Dropshipmate ‑ Dropshipping,finding-products-sourcing-options-dropshipping,4,1.5,0,88,0,1e-09,0.0,
dynoweb,Dynoweb,marketing-and-conversion-marketing-abandoned-cart,4,5.0,0,79,0,1e-09,0.0,
easybill-app,easybill,orders-and-shipping-orders-invoices-and-receipts,4,1.9,0,58,0,1e-09,0.0,
easycod-cash-on-delivery,EasyCOD ‑ Cash On Delivery Fee,selling-products-payments-pay-later,4,5.0,0,13,0,1e-09,0.0,
edit-sell-by-weight-orders,Filljoy Order Catch Weights,orders-and-shipping-orders-order-editing,4,5.0,0,65,0,1e-09,0.0,
ekookie,Ekookie GDPR Cookie Banner,store-design-internationalization-cookie-consent,4,5.0,0,28,0,1e-09,0.0,
entegreturk-edm-e-fatura,EDM E‑Fatura,orders-and-shipping-orders-invoices-and-receipts,4,4.7,0,65,0,1e-09,0.0,
eu-gewaehrleistungslabel,EU Warranty Label & GARAN,store-management-security-legal,4,5.0,0,58,0,1e-09,0.0,
euvat-app,EUVAT.app – B2B Reverse Tax,store-management-finances-taxes,4,4.1,0,58,0,1e-09,0.0,
evlop-order-limits-min-max,"Evlop ‑ Order Limits [Min,Max]",marketing-and-conversion-checkout-order-limits,4,3.0,0,54,0,1e-09,0.0,
factura-mexico,Palma ‑ Facturación,orders-and-shipping-orders-invoices-and-receipts,4,5.0,0,74,0,1e-09,0.0,
faq-anywhere,CP24 Membership,selling-products-payments-subscriptions,4,5.0,0,71,0,1e-09,0.0,
faqbucket,FAQbucket: Product FAQ Page AI,store-management-support-faq,4,5.0,0,38,0,1e-09,0.0,
fastblog,FastBlog | AI SEO Blog Writer,store-design-content-blogs,4,5.0,0,39,0,1e-09,0.0,
fastgrowth-form,FastGrowth Forms,store-design-notifications-forms,4,4.2,0,39,0,1e-09,0.0,
fdl-breadcrumbs-collections,FDL Breadcrumbs & Collections,store-design-search-and-navigation-navigation-and-menus,4,5.0,0,53,0,1e-09,0.0,
file-to-inbox,File To Inbox ‑ File Upload,selling-products-custom-products-custom-file-upload,4,4.6,0,61,0,1e-09,0.0,
filemaster-exporter,FileMaster ‑ Files Exporter,sales-channels-selling-online-store-data-importer,4,5.0,0,35,0,1e-09,0.0,
flint-ai-blog-writer,Flint AI Blog Post Writer &SEO,store-design-content-blogs,4,5.0,0,21,0,1e-09,0.0,
fomoify-sales-popup-proof,Fomoify Sales Popup & Proof,marketing-and-conversion-social-trust-social-proof,4,5.0,0,94,0,1e-09,0.0,
fosterflow,FosterFlow Email Marketing,marketing-and-conversion-marketing-email-marketing,4,5.0,0,72,0,1e-09,0.0,
friends2a-ymm-partfinder,Friends2a YMM PartFinder,store-design-search-and-navigation-search-and-filters,4,4.8,0,63,0,1e-09,0.0,
frontkick,Frontkick,store-management-support-chat,4,5.0,0,68,0,1e-09,0.0,
fx-amazon-reviews,FX Amazon Importer & Affiliate,marketing-and-conversion-social-trust-product-reviews,4,4.9,0,61,0,1e-09,0.0,
fyrebox-games-and-quizzes,Fyrebox ‑ AI Quiz & Form Maker,store-design-notifications-forms,4,4.0,0,73,0,1e-09,0.0,
ga-calculator,GA: AI Custom Price Calculator,selling-products-pricing-pricing-quotes,4,5.0,0,56,0,1e-09,0.0,
gallabox,Gallabox WhatsApp Automation,orders-and-shipping-orders-order-tracking,4,4.0,0,71,0,1e-09,0.0,
giveback,GiveBack Fundraising,marketing-and-conversion-customer-loyalty-donations,4,5.0,0,26,0,1e-09,0.0,
glasson,GlassOn,store-design-images-and-media-3d-ar-vr,4,5.0,0,20,0,1e-09,0.0,
goadgo,goadgo ‑ Affiliate Marketing,marketing-and-conversion-advertising-affiliate-programs,4,5.0,0,60,0,1e-09,0.0,
google-css-shopxyz-comparison-shopping-partner,AR: Google CSS Program Partner,marketing-and-conversion-advertising-ads,4,5.0,0,84,0,1e-09,0.0,
gst-advanced-pro,GST india : GST Invoice,store-management-finances-taxes,4,5.0,0,23,0,1e-09,0.0,
hagl,Hagl,selling-products-pricing-pricing-quotes,4,5.0,0,27,0,1e-09,0.0,
hellobrand,HelloBrand ‑ Shoppable Videos,store-design-images-and-media-video-and-livestream,4,5.0,0,91,0,1e-09,0.0,
hire-easy-career-pages,Hire Easy ‑ Careers Page,store-design-notifications-forms,4,4.7,0,27,0,1e-09,0.0,
holio-shipping,Holio Shipping,orders-and-shipping-shipping-solutions-shipping-rates,4,5.0,0,85,0,1e-09,0.0,
hoxton-convert,Conversion Rates by HoxtonAi,sales-channels-selling-in-person-retail,4,5.0,0,36,0,1e-09,0.0,
hub-de-frete-no-checkout,Cecify ‑ Frete e Rastreamento,orders-and-shipping-shipping-solutions-shipping-rates,4,5.0,0,51,0,1e-09,0.0,
hubble,Hubble: Customer Accounts,store-management-security-accounts-and-login,4,5.0,0,16,0,1e-09,0.0,
iconic-blocks,Iconic Blocks: Product Blocks,store-design-storefronts-page-builder,4,5.0,0,60,0,1e-09,0.0,
igst-india-gst-invoice,iGST: India GST Invoices,store-management-finances-taxes,4,3.8,0,63,0,1e-09,0.0,
impex-collection-import-export,IMPEX Collection Import Export,store-design-product-display-collections,4,2.7,0,57,0,1e-09,0.0,
instasync-pro,Instasync ‑ Instagram Feed,store-design-images-and-media-image-gallery,4,5.0,0,41,0,1e-09,0.0,
inventory-sync,Inventory Sync ‑ MO,orders-and-shipping-inventory-inventory-optimization,4,5.0,0,64,0,1e-09,0.0,
ioss-vat-calculation-app,SalesVAT ‑ OSS/IOSS Solution,store-management-finances-taxes,4,5.0,0,31,0,1e-09,0.0,
isbndb-book-database-connector,ISBNdb Book Data Importer,store-design-content-product-content,4,5.0,0,34,0,1e-09,0.0,
itrack,iTrack ‑ Order Tracking,orders-and-shipping-orders-order-tracking,4,4.0,0,81,0,1e-09,0.0,
j-t-philippines,J&T Philippines,orders-and-shipping-shipping-solutions-delivery-and-pickup,4,1.2,0,86,0,1e-09,0.0,
jambofy-free-shipping-bar,Jambofy Free Shipping Bar,store-design-notifications-banners,4,5.0,0,57,0,1e-09,0.0,
keep-on-hold,Keep on Hold: Save Later,marketing-and-conversion-customer-loyalty-wishlists,4,5.0,0,55,0,1e-09,0.0,
keystone-loyalty-rewards,Keystone Loyalty Rewards,marketing-and-conversion-customer-loyalty-loyalty-and-rewards,4,5.0,0,62,0,1e-09,0.0,
klarna,Klarna,selling-products-payments-payment-experience,4,1.2,0,7,0,1e-09,0.0,
kount,Kount,store-management-security-fraud,4,5.0,0,43,0,1e-09,0.0,
ledgerstar,LedgerStar: Vendor Payouts,store-management-finances-accounting,4,5.0,0,86,0,1e-09,0.0,
leo-order-editor,LEO ‑ Order Editing & Upsell,orders-and-shipping-orders-order-editing,4,5.0,0,40,0,1e-09,0.0,
lfs-slidey-bar,Slidey Bar,store-design-search-and-navigation-navigation-and-menus,4,5.0,0,64,0,1e-09,0.0,
lightning-deals-and-discounts,Lightning Deals: Sales Booster,marketing-and-conversion-upsell-and-bundles-countdown-timer,4,5.0,0,36,0,1e-09,0.0,
limiter-order-limits,LIMITER Order Limits,marketing-and-conversion-checkout-order-limits,4,5.0,0,43,0,1e-09,0.0,
linkable-1,Linkable: Affiliate Marketing,marketing-and-conversion-advertising-affiliate-programs,4,4.1,0,48,0,1e-09,0.0,
loggr-product-history-revert,Loggr Product History & Revert,store-management-operations-bulk-editor,4,5.0,0,54,0,1e-09,0.0,
lookify,Lookify: AI Virtual Try‑On,store-design-images-and-media-3d-ar-vr,4,5.0,0,13,0,1e-09,0.0,
magic-cart-min-max,Magic Cart Min & Max,marketing-and-conversion-checkout-order-limits,4,4.2,0,57,0,1e-09,0.0,
makappi,Makappi ‑ Mobile App Builder,store-design-storefronts-mobile-app-builder,4,5.0,0,34,0,1e-09,0.0,
mapsy,Mapsy: Store Locator & Maps,sales-channels-selling-in-person-store-locator,4,5.0,0,14,0,1e-09,0.0,
masscat,Collections Bulk Add ‑ MassCat,store-design-product-display-collections,4,4.1,0,42,0,1e-09,0.0,
matrixrates-import-export,MatrixRates Import/Export,orders-and-shipping-shipping-solutions-shipping-rates,4,3.3,0,87,0,1e-09,0.0,
miaoshou,妙手,orders-and-shipping-inventory-erp,4,2.5,0,7,0,1e-09,0.0,
microsoft-shopping-feed,∞ Microsoft Shopping Feed,sales-channels-selling-online-product-feeds,4,3.7,0,59,0,1e-09,0.0,
moda-ai,MODA: AI Model Photos+Video,store-design-images-and-media-image-editor,4,5.0,0,40,0,1e-09,0.0,
modulo-sections-bundles,Section Modulo: Theme Sections,store-design-storefronts-page-builder,4,5.0,0,42,0,1e-09,0.0,
mori-scratch-popup,Mori Scratch Card Popup,store-design-notifications-pop-ups,4,5.0,0,50,0,1e-09,0.0,
mps-promote-me,Promote Me | Many apps in one,store-design-internationalization-currency-and-translation,4,5.0,0,61,0,1e-09,0.0,
nabu-sitemap,XML Sitemap Generator by Nabu,store-design-site-optimization-seo,4,4.3,0,92,0,1e-09,0.0,
nexora-b2b-wholesale-pricing,Nexora B2B Wholesale Pricing,finding-products-sourcing-options-wholesale,4,5.0,0,35,0,1e-09,0.0,
obsessai-retail-agent,Obsess AI: AI SEO & Content,store-design-content-blogs,4,3.7,0,51,0,1e-09,0.0,
odyssey,Odyssey ‑ 3D Virtual Stores,store-design-images-and-media-3d-ar-vr,4,1.6,0,66,0,1e-09,0.0,
offer-your-price,Offer Your Price ‑ Make Offers,selling-products-pricing-pricing-quotes,4,4.3,0,80,0,1e-09,0.0,
omnibus-pricing-app,Easy Omnibus EU Lowest Price,store-management-security-legal,4,5.0,0,89,0,1e-09,0.0,
oneguard-verification,OneGuard Age / ID Verification,store-management-security-fraud,4,5.0,0,47,0,1e-09,0.0,
optionality,Next 3D Product Page Builder,selling-products-custom-products-product-variants,4,5.0,0,81,0,1e-09,0.0,
optionify,Optfy ‑ Custom Product Options,selling-products-custom-products-product-variants,4,5.0,0,82,0,1e-09,0.0,
palmate,Palmate AI Chatbot & Livechat,store-management-support-faq,4,5.0,0,17,0,1e-09,0.0,
pdf-uploader,PDF Guru ‑ Master your PDFs,selling-products-custom-products-custom-file-upload,4,3.9,0,62,0,1e-09,0.0,
pegasus-inventory-intelligence,StockEye Inventory,orders-and-shipping-inventory-inventory-optimization,4,5.0,0,81,0,1e-09,0.0,
pennylane,Pennylane,store-management-finances-accounting,4,1.4,0,42,0,1e-09,0.0,
pics-to-description,Pics to Descriptions ‑ Gelo.ai,store-design-content-product-content,4,4.7,0,32,0,1e-09,0.0,
plug-cash-on-delivery,Plug : Cash On Delivery,selling-products-payments-pay-later,4,5.0,0,16,0,1e-09,0.0,
pop-ups-builder,Optinify ‑ Email & SMS Popups,store-design-notifications-pop-ups,4,5.0,0,59,0,1e-09,0.0,
pos-layaway-stock-reservations,Reservo by United Apps,sales-channels-selling-in-person-retail,4,4.7,0,47,0,1e-09,0.0,
post-purchase-offers-2,BYG ‑ Post Purchase Survey AI,store-management-support-surveys,4,5.0,0,52,0,1e-09,0.0,
posten-bring-checkout,Posten Bring Checkout,orders-and-shipping-shipping-solutions-shipping-rates,4,4.9,0,69,0,1e-09,0.0,
preorder-back-in-stock-presale,"Preorder, Back in Stock Notify",marketing-and-conversion-upsell-and-bundles-pre-orders,4,5.0,0,32,0,1e-09,0.0,
prime-review,Prime Review,marketing-and-conversion-customer-loyalty-wishlists,4,4.1,0,52,0,1e-09,0.0,
printmind,Printmind: Print‑on‑Demand,finding-products-sourcing-options-print-on-demand-pod,4,5.0,0,49,0,1e-09,0.0,
priya-cod-form,Priya COD Form: Made In India,selling-products-payments-pay-later,4,4.1,0,24,0,1e-09,0.0,
product-embed,Dead Simple Product Embed,store-design-content-blogs,4,5.0,0,63,0,1e-09,0.0,
product-options-builder,"Fast Product Options, Variants",selling-products-custom-products-product-variants,4,5.0,0,72,0,1e-09,0.0,
product-pdf-download,Product PDF Download,selling-products-custom-products-custom-file-upload,4,3.9,0,30,0,1e-09,0.0,
productifi,Productifi: Sell Supplements,finding-products-sourcing-options-dropshipping,4,5.0,0,65,0,1e-09,0.0,
prolo-store-locator,Prolo: Dealer & Store Locator,sales-channels-selling-in-person-store-locator,4,5.0,0,12,0,1e-09,0.0,
promer-blog-studio,AI Blog Post Writer & SEO,store-design-content-blogs,4,5.0,0,44,0,1e-09,0.0,
promo-scheduler,Product & Theme Scheduler,store-management-operations-workflow-automation,4,5.0,0,66,0,1e-09,0.0,
proship,Proship by Prozo (India),orders-and-shipping-shipping-solutions-third-party-logistics-3pl,4,1.0,0,33,0,1e-09,0.0,
pwc-sections-landing,PWC: Section & Landing Pages,store-design-storefronts-page-builder,4,2.8,0,90,0,1e-09,0.0,
quizlanding,QuizLanding: Quiz Funnels,store-design-storefronts-page-builder,4,5.0,0,50,0,1e-09,0.0,
reactiv-mobile-app-builder,Reactiv ‑ Mobile App Builder,store-design-storefronts-mobile-app-builder,4,5.0,0,35,0,1e-09,0.0,
refactor-persistent-cart,R+ Persistent Cart | Cart sync,marketing-and-conversion-marketing-abandoned-cart,4,5.0,0,70,0,1e-09,0.0,
repdaily,Velocity Insights,store-management-finances-accounting,4,1.2,0,44,0,1e-09,0.0,
replenish-orders,Replenish,selling-products-payments-subscriptions,4,4.8,0,61,0,1e-09,0.0,
reserve-in-store-by-fera,In‑store Reserver,marketing-and-conversion-upsell-and-bundles-pre-orders,4,5.0,0,62,0,1e-09,0.0,
restock-and-price-drop-alerts,Shopstack Restock Alert App,marketing-and-conversion-upsell-and-bundles-stock-alerts,4,5.0,0,77,0,1e-09,0.0,
right-click-defender,Ongoing Disable Right Click,store-management-security-anti-theft,4,5.0,0,42,0,1e-09,0.0,
rtb-house-tags-connector,RTB House Display Ad Connector,marketing-and-conversion-advertising-ads,4,5.0,0,71,0,1e-09,0.0,
saku-receipt,SAKU Simple Receipts,orders-and-shipping-orders-invoices-and-receipts,4,5.0,0,34,0,1e-09,0.0,
sanity-connect,Sanity Connect,store-design-storefronts-page-builder,4,4.5,0,68,0,1e-09,0.0,
scala-lgpd,Scala GDPR EU Cookie Banner,store-design-internationalization-cookie-consent,4,5.0,0,23,0,1e-09,0.0,
scaleup-for-google-ads,ScaleUp: Google Ads Tracking,marketing-and-conversion-advertising-ads,4,5.0,0,88,0,1e-09,0.0,
scan-to-ship-alpha,Scanpacker Barcode Pick & Pack,orders-and-shipping-inventory-inventory-optimization,4,5.0,0,70,0,1e-09,0.0,
scroll-studio,Scroll Studio,store-design-design-elements-animation-and-effects,4,5.0,0,8,0,1e-09,0.0,
scrollytelling,Scrollytelling Page Builder,store-design-storefronts-page-builder,4,5.0,0,46,0,1e-09,0.0,
second-closet-for-business,GoBolt Merchant Portal,orders-and-shipping-shipping-solutions-third-party-logistics-3pl,4,5.0,0,34,0,1e-09,0.0,
sell-on-wordpress,Sell on WordPress,sales-channels-selling-online-store-data-importer,4,1.7,0,40,0,1e-09,0.0,
shift-it-now,Shift It Now ‑ Store Migration,sales-channels-selling-online-store-data-importer,4,5.0,0,89,0,1e-09,0.0,
shopfeed,ShopFeed Plus ‑ Product Feed,sales-channels-selling-online-product-feeds,4,5.0,0,78,0,1e-09,0.0,
shopkeeper-gift-card-scheduler,ShopKeeper Gift Card Scheduler,marketing-and-conversion-gifts-gift-cards,4,5.0,0,31,0,1e-09,0.0,
simple-breadcrumb,Simple Breadcrumb,store-design-search-and-navigation-navigation-and-menus,4,3.7,0,34,0,1e-09,0.0,
simple-store-finder,ListR Store Locator,sales-channels-selling-in-person-store-locator,4,5.0,0,47,0,1e-09,0.0,
simplified-store-locator,Simplified Store Locator,sales-channels-selling-in-person-store-locator,4,2.6,0,57,0,1e-09,0.0,
sleek-announcement-bar-timer,Sleek Announcement Bar & Timer,store-design-notifications-banners,4,5.0,0,75,0,1e-09,0.0,
smart-monster,Monster ‑ Mobile App Builder,store-design-storefronts-mobile-app-builder,4,4.1,0,48,0,1e-09,0.0,
smartorderlimit,Order Limits Quantity Smarter,finding-products-sourcing-options-wholesale,4,5.0,0,26,0,1e-09,0.0,
smartship-in,Smartship,orders-and-shipping-shipping-solutions-third-party-logistics-3pl,4,5.0,0,20,0,1e-09,0.0,
smash-ai-product-description,Smash AI Description,store-design-content-product-content,4,5.0,0,43,0,1e-09,0.0,
snap-cod,Snap Cash On Delivery: COD Fee,selling-products-payments-pay-later,4,3.9,0,32,0,1e-09,0.0,
snap-search,Snap Search: Live Search Layer,store-design-search-and-navigation-search-and-filters,4,5.0,0,55,0,1e-09,0.0,
snapp-trust-badges-icons,Snapp Trust Badges & Icons,store-design-design-elements-badges-and-icons,4,5.0,0,50,0,1e-09,0.0,
snappyit-online,Snappyit｜ Product Photo Editor,store-design-images-and-media-image-editor,4,5.0,0,33,0,1e-09,0.0,
social-get-a-quote,SP: Order on WhatsApp,store-design-notifications-forms,4,1.5,0,76,0,1e-09,0.0,
social-sign-in,EasyAuth Social Login & OTP,store-management-security-accounts-and-login,4,5.0,0,68,0,1e-09,0.0,
stallion-express,Stallion Express,orders-and-shipping-shipping-solutions-shipping,4,3.4,0,85,0,1e-09,0.0,
starstream-webinar-tickets,Starstream: Tickets & Webinar,selling-products-digital-goods-and-services-event-booking,4,5.0,0,51,0,1e-09,0.0,
stilaro-probador-virtual,STILARO ‑ VIRTUAL TRY‑ON,store-design-images-and-media-3d-ar-vr,4,5.0,0,32,0,1e-09,0.0,
store-locator-se,Store Locator & Google Map: SE,sales-channels-selling-in-person-store-locator,4,5.0,0,33,0,1e-09,0.0,
streamline-connector-voiceflow,Streamline: n8n 2‑Way Sync,orders-and-shipping-orders-order-tracking,4,5.0,0,79,0,1e-09,0.0,
surveybrick-survey-feedback,SM Post Purchase Survey & NPS,store-management-support-surveys,4,5.0,0,50,0,1e-09,0.0,
sway-functions,Sway Functions,marketing-and-conversion-checkout-order-limits,4,4.3,0,38,0,1e-09,0.0,
synka-fraktjakt,Fraktjakt (Official),orders-and-shipping-shipping-solutions-shipping-rates,4,5.0,0,76,0,1e-09,0.0,
tabify-3,Tabify ‑ Comparison Tables,store-design-product-display-product-comparison,4,2.8,0,72,0,1e-09,0.0,
taboola-ads-pixel,Taboola Pixel,store-management-operations-analytics,4,5.0,0,58,0,1e-09,0.0,
taptool,Taptool,store-design-storefronts-mobile-app-builder,4,5.0,0,50,0,1e-09,0.0,
the-global-fulfillment-system,The Fulfillment Lab (GFS),orders-and-shipping-shipping-solutions-third-party-logistics-3pl,4,4.3,0,43,0,1e-09,0.0,
themarketer-com,theMarketer: Email marketing,marketing-and-conversion-marketing-email-marketing,4,5.0,0,40,0,1e-09,0.0,
tiktok-shop-by-shoppedance-6,TikTok Shop by VeriSync,sales-channels-selling-online-product-feeds,4,3.7,0,74,0,1e-09,0.0,
toern-returns-integration,toern ‑ Returns & Withdrawal,orders-and-shipping-returns-and-warranty-returns-and-exchanges,4,5.0,0,46,0,1e-09,0.0,
typeform-integration,Typeify: Typeform Integration,store-design-notifications-forms,4,5.0,0,36,0,1e-09,0.0,
ultimate-custom-order-status,Ultimate Custom Order Status,orders-and-shipping-orders-order-tracking,4,5.0,0,57,0,1e-09,0.0,
uncomplicated-menus,Menus Uncomplicated,store-design-search-and-navigation-navigation-and-menus,4,5.0,0,45,0,1e-09,0.0,
vat-tax-switcher,VAT & Tax Switcher,store-management-finances-taxes,4,5.0,0,32,0,1e-09,0.0,
viable,Triffin,store-management-finances-accounting,4,5.0,0,70,0,1e-09,0.0,
viking-watermark,Viking Watermark & Anti Theft,store-design-images-and-media-image-editor,4,5.0,0,11,0,1e-09,0.0,
vol-shipping-protection,VOL ‑ Shipping Protection App,orders-and-shipping-returns-and-warranty-warranties-and-insurance,4,5.0,0,24,0,1e-09,0.0,
volumental-app,Volumental — Shoe Size & Fit,store-design-images-and-media-3d-ar-vr,4,4.3,0,31,0,1e-09,0.0,
webi-landing-page-builder-cod,WEBI Ai Landing Page Builder,store-design-storefronts-page-builder,4,3.8,0,44,0,1e-09,0.0,
webpay,Webpay,selling-products-payments-payment-experience,4,3.9,0,11,0,1e-09,0.0,
whislist-app,TC Wishlist App,marketing-and-conversion-customer-loyalty-wishlists,4,5.0,0,38,0,1e-09,0.0,
widerruf-eu,easyEU: Withdrawal Button,store-management-security-legal,4,5.0,0,53,0,1e-09,0.0,
widerrufs-button-fur-eu,Widerrufs‑Button für EU,store-management-security-legal,4,4.8,0,45,0,1e-09,0.0,
widerrufsbutton-2,Rückruf: EU Widerrufsbutton,store-management-security-legal,4,5.0,0,39,0,1e-09,0.0,
wire,Digital Downloads ‑ Wire,selling-products-digital-goods-and-services-digital-products,4,1.5,0,54,0,1e-09,0.0,
withdrawly,Withdrawly: EU Form & Button,store-management-security-legal,4,5.0,0,31,0,1e-09,0.0,
year-make-model-app,WTS ‑ Year Make Model Search,store-design-search-and-navigation-search-and-filters,4,3.3,0,60,0,1e-09,0.0,
youssify-ai-product-descriptions,Youssify: Product Descriptions,store-design-content-product-content,4,5.0,0,54,0,1e-09,0.0,
youtube-gallery-pasilobus,Pasilobus YouTube Gallery,store-design-images-and-media-video-and-livestream,4,4.3,0,56,0,1e-09,0.0,
zapiet-eats,Zapiet Eats,sales-channels-selling-in-person-retail,4,5.0,0,30,0,1e-09,0.0,
zopi-amazon-importer,Zopi: Agentic Amazon Importer,sales-channels-selling-online-store-data-importer,4,4.5,0,85,0,1e-09,0.0,
zubs,Zubs Subscriptions App,selling-products-payments-subscriptions,4,5.0,0,44,0,1e-09,0.0,
3d-print-quote,Filaquote: Instant 3D Orders,selling-products-pricing-pricing-quotes,3,5.0,0,33,0,1e-09,0.0,
adbarker,Podcast and YouTube Sync by AB,store-design-content-blogs,3,5.0,0,70,0,1e-09,0.0,
addify-image-watermark,Addify Image Watermark,store-management-security-anti-theft,3,3.7,0,43,0,1e-09,0.0,
advanced-subscription-pro,Advanced Subscriptions App,selling-products-payments-subscriptions,3,5.0,0,70,0,1e-09,0.0,
aegis,Aegis ‑ Anti Copy & Blacklist,store-management-security-anti-theft,3,1.7,0,44,0,1e-09,0.0,
afc-bestfulfill,Bestfulfill DTC Fulfillment,orders-and-shipping-shipping-solutions-third-party-logistics-3pl,3,5.0,0,10,0,1e-09,0.0,
ai-alt-texts,AI Alt Texts | SEO King,store-design-site-optimization-accessibility,3,4.4,0,28,0,1e-09,0.0,
ai-upsell-cross-sell-by-weupsell,AI Upsell & Cart ‑ WeUpsell,marketing-and-conversion-checkout-cart-customization,3,5.0,0,80,0,1e-09,0.0,
alfred-inventory-hub,Alfred Purchase Orders,orders-and-shipping-inventory-inventory-optimization,3,5.0,0,49,0,1e-09,0.0,
alogram-payment-fraud-blocker,Alogram Payment Fraud Blocker,store-management-security-fraud,3,5.0,0,51,0,1e-09,0.0,
alpha-currency-converter,ALPHA Currency Converter,store-design-internationalization-currency-and-translation,3,5.0,0,73,0,1e-09,0.0,
ambassadorflow,AmbassadorFlow Referrals,marketing-and-conversion-customer-loyalty-loyalty-and-rewards,3,5.0,0,83,0,1e-09,0.0,
announcement-bar-23,Matat Announcement bar,store-design-notifications-banners,3,3.5,0,87,0,1e-09,0.0,
appointify,Appointify: Your Booking App,selling-products-digital-goods-and-services-event-booking,3,5.0,0,48,0,1e-09,0.0,
apptonize-mobile-app,Apptonize Mobile App,store-design-storefronts-mobile-app-builder,3,5.0,0,58,0,1e-09,0.0,
artiststore-1,Artiststore Print on Demand,finding-products-sourcing-options-print-on-demand-pod,3,5.0,0,37,0,1e-09,0.0,
asf-advance-storefront,"ADV Size Chart, Badges, Labels",store-design-design-elements-badges-and-icons,3,5.0,0,34,0,1e-09,0.0,
athena-ai-search-filter,AI Search & Filter by Athena,store-design-search-and-navigation-search-and-filters,3,5.0,0,68,0,1e-09,0.0,
atranslate-multilingual,Atranslate: Native Translate,store-design-internationalization-currency-and-translation,3,3.7,0,63,0,1e-09,0.0,
author-box-generator,AuthorCraft | Author Signature,store-design-content-blogs,3,5.0,0,73,0,1e-09,0.0,
autofit-ai-year-make-model,AutoFit AI ‑ Year Make Model,store-design-search-and-navigation-search-and-filters,3,3.6,0,44,0,1e-09,0.0,
autollm,autoLLMs | LLM SEO & LLMs.txt,store-management-operations-workflow-automation,3,5.0,0,76,0,1e-09,0.0,
autoseo,AutoSEO Content Publisher,store-design-content-blogs,3,2.3,0,17,0,1e-09,0.0,
az-translate,Az ‑ Shop Language Translate,store-design-internationalization-currency-and-translation,3,5.0,0,56,0,1e-09,0.0,
backlinker,SEO Auto Pilot Backlinks Posts,store-design-content-blogs,3,5.0,0,16,0,1e-09,0.0,
bambuser-video-shopping,Bambuser Video Shopping,store-design-images-and-media-video-and-livestream,3,5.0,0,86,0,1e-09,0.0,
bayanatify,Bayanatify ‑ Delete Accounts,store-management-security-accounts-and-login,3,5.0,0,62,0,1e-09,0.0,
beyondcartloyalty,BeyondCart Loyalty And Rewards,marketing-and-conversion-customer-loyalty-loyalty-and-rewards,3,5.0,0,94,0,1e-09,0.0,
billiger-connect,Billiger Connect,sales-channels-selling-online-product-feeds,3,5.0,0,40,0,1e-09,0.0,
bitemein-restaurant-booking,BiteMe In Restaurant Booking,selling-products-digital-goods-and-services-event-booking,3,3.8,0,33,0,1e-09,0.0,
bl-country-blocker,BL Country Blocker,store-management-security-fraud,3,5.0,0,22,0,1e-09,0.0,
bl-logo-showcase,Logo Carousel & Logo Slider,store-design-images-and-media-image-gallery,3,5.0,0,40,0,1e-09,0.0,
bl-pos-quick-note,BL POS Quick Product Notes,sales-channels-selling-in-person-retail,3,5.0,0,46,0,1e-09,0.0,
bl-scrolling-announcement-bar,BL Scrolling Announcement Bar,store-design-notifications-banners,3,5.0,0,80,0,1e-09,0.0,
bluepeacock-gift-card-importer,BluePeacock Gift Card Importer,sales-channels-selling-online-store-data-importer,3,5.0,0,84,0,1e-09,0.0,
boardpusher-custom-skateboards,BoardPusher App,finding-products-sourcing-options-print-on-demand-pod,3,3.7,0,56,0,1e-09,0.0,
booking-fat-appointment-block,Fast Appointment Booking App,selling-products-digital-goods-and-services-event-booking,3,5.0,0,42,0,1e-09,0.0,
botnot-public-staging,Yofi,store-management-security-fraud,3,5.0,0,40,0,1e-09,0.0,
brandini,Brandini: AI Blog Autopilot,store-design-content-blogs,3,5.0,0,34,0,1e-09,0.0,
bravoshop,BravoShop ‑ Mobile App Builder,store-design-storefronts-mobile-app-builder,3,5.0,0,37,0,1e-09,0.0,
bread-pay-messaging,Bread Pay Messaging,selling-products-payments-payment-experience,3,4.3,0,33,0,1e-09,0.0,
buffy-ai,Buffy AI Search & Sales Agent,store-design-search-and-navigation-search-and-filters,3,5.0,0,21,0,1e-09,0.0,
bullseye-store-locator,Bullseye Store Locator,sales-channels-selling-in-person-store-locator,3,5.0,0,58,0,1e-09,0.0,
callflows-ai-phone-agent,CallFlows ‑ AI Phone Agent,orders-and-shipping-orders-order-tracking,3,5.0,0,24,0,1e-09,0.0,
carbon-checkout-1,Shift ‑ Cause in Commerce,marketing-and-conversion-customer-loyalty-donations,3,5.0,0,41,0,1e-09,0.0,
cart-upsell-drawer,Yuko Slide Cart Drawer,marketing-and-conversion-checkout-cart-customization,3,5.0,0,91,0,1e-09,0.0,
climateclick,Climate Click,marketing-and-conversion-customer-loyalty-donations,3,5.0,0,44,0,1e-09,0.0,
cloudify-xero-sync,Xero Integration by Cloudify,store-management-finances-accounting,3,5.0,0,42,0,1e-09,0.0,
cloudinary-assetlink,Cloudinary AssetLink,store-design-images-and-media-video-and-livestream,3,5.0,0,43,0,1e-09,0.0,
cod-control,Control Contraentrega Colombia,selling-products-payments-pay-later,3,5.0,0,42,0,1e-09,0.0,
codebuy,Codebuy(コーデバイ)‑コーディネートまとめ買い機能,store-design-images-and-media-image-gallery,3,5.0,0,63,0,1e-09,0.0,
coming-soon-7,UR:Coming Soon｜Countdown Timer,marketing-and-conversion-upsell-and-bundles-pre-orders,3,5.0,0,35,0,1e-09,0.0,
competitor-ai-pricing-editor,Competitor AI Pricing Editor,selling-products-pricing-pricing-optimization,3,3.9,0,85,0,1e-09,0.0,
comply,Comply,store-management-finances-taxes,3,3.3,0,15,0,1e-09,0.0,
compra-post-purchase-surveys,Compra Surveys,store-management-support-surveys,3,5.0,0,57,0,1e-09,0.0,
compresso-seo-image-optimizer,Compresso‑SEO Image Optimizer,store-design-images-and-media-image-editor,3,5.0,0,57,0,1e-09,0.0,
content-generator-1,Content Genius AI,store-design-internationalization-currency-and-translation,3,4.3,0,62,0,1e-09,0.0,
conversios-meta-conversion-api,Multi Facebook Pixel & CAPI,marketing-and-conversion-advertising-ads,3,5.0,0,82,0,1e-09,0.0,
cookiebot-cmp-gdpr-compliance,Cookiebot CMP: Privacy Consent,store-design-internationalization-cookie-consent,3,2.0,0,8,0,1e-09,0.0,
countdown-bar-timer,VOL ‑ Countdown Timer Bar,marketing-and-conversion-upsell-and-bundles-countdown-timer,3,5.0,0,22,0,1e-09,0.0,
countdown-booster-1,Boost Shop: Countdown Timer,marketing-and-conversion-upsell-and-bundles-countdown-timer,3,5.0,0,53,0,1e-09,0.0,
courierify,Courierify: Pakistani Couriers,orders-and-shipping-shipping-solutions-shipping,3,5.0,0,82,0,1e-09,0.0,
cruxtab-form-builder,Cruxtab Contact Form Builder,store-design-notifications-forms,3,5.0,0,37,0,1e-09,0.0,
custom-order-status-app,SC Easy Orders Status Manager,orders-and-shipping-orders-order-tracking,3,3.6,0,83,0,1e-09,0.0,
custom-payment-delivery,Nordic: Payment & Delivery,selling-products-payments-pay-later,3,5.0,0,29,0,1e-09,0.0,
customer-login-history,Tickr Customer Login History,store-management-security-accounts-and-login,3,5.0,0,69,0,1e-09,0.0,
customersupport,Kim: AI Helpdesk & live chat,store-management-support-helpdesk,3,5.0,0,44,0,1e-09,0.0,
darazlogistics,Daraz Logistics,orders-and-shipping-shipping-solutions-delivery-and-pickup,3,2.4,0,67,0,1e-09,0.0,
datora-influencer-provisions,Datora | Influencer Provisions,marketing-and-conversion-advertising-affiliate-programs,3,5.0,0,62,0,1e-09,0.0,
decorize3d,Decorize3D,store-design-images-and-media-3d-ar-vr,3,5.0,0,29,0,1e-09,0.0,
descripio,Descripio: AI Review Insights,store-design-content-product-content,3,5.0,0,49,0,1e-09,0.0,
disable-right,G:Anti Spy:Disable Right Click,store-management-security-anti-theft,3,5.0,0,25,0,1e-09,0.0,
docify,Docify ‑ Docs to Blog,store-design-content-blogs,3,5.0,0,45,0,1e-09,0.0,
donateme,DonateMe,marketing-and-conversion-customer-loyalty-donations,3,4.6,0,15,0,1e-09,0.0,
drop-a-hint-3,Premium Drop a Hint,marketing-and-conversion-marketing-email-marketing,3,5.0,0,67,0,1e-09,0.0,
duplicate-image-scanner,Oh: Remove Duplicate Images,store-design-images-and-media-image-editor,3,3.1,0,72,0,1e-09,0.0,
ea-announcement-bar-upsell,EA • Announcement Bar Banner,store-design-notifications-banners,3,5.0,0,56,0,1e-09,0.0,
easy-brand-page,Easy Brand Page,store-design-search-and-navigation-navigation-and-menus,3,5.0,0,27,0,1e-09,0.0,
easy-collection,Ripple Collections Builder,store-design-product-display-collections,3,5.0,0,64,0,1e-09,0.0,
easy-quantity-selector-button,Extendons Quantity Selector,marketing-and-conversion-checkout-order-limits,3,5.0,0,48,0,1e-09,0.0,
efsun-abandoned-cart-recovery,Efsun: Abandoned Cart Recovery,marketing-and-conversion-marketing-abandoned-cart,3,5.0,0,38,0,1e-09,0.0,
efulfillment-service-order-fulfillment-for-ecommerce,eFulfillment Service,orders-and-shipping-shipping-solutions-third-party-logistics-3pl,3,2.9,0,45,0,1e-09,0.0,
elfsight-podcast-player,Podcast Player by Elfsight,store-design-design-elements-animation-and-effects,3,4.2,0,40,0,1e-09,0.0,
endlss,Endlss,marketing-and-conversion-advertising-affiliate-programs,3,5.0,0,32,0,1e-09,0.0,
epr-insights,EPR Insights,store-management-security-legal,3,5.0,0,81,0,1e-09,0.0,
eql-launches,EQL: Launches and Drops,marketing-and-conversion-customer-loyalty-loyalty-and-rewards,3,5.0,0,78,0,1e-09,0.0,
esigned,esigned: waivers & signatures,store-management-security-legal,3,5.0,0,64,0,1e-09,0.0,
eurofattura-it,Eurofattura ERP Italy,orders-and-shipping-inventory-erp,3,3.2,0,40,0,1e-09,0.0,
extendons-digital-downloads,Extendons Digital Downloads,selling-products-digital-goods-and-services-digital-products,3,5.0,0,46,0,1e-09,0.0,
ez-market-translate,EZ Product Market Translate,store-design-internationalization-currency-and-translation,3,5.0,0,58,0,1e-09,0.0,
ezy-support-chat-button,Ezychat: Whatsapp Chat Button,store-management-support-chat,3,4.6,0,74,0,1e-09,0.0,
faq-app-by-elfsight,Elfsight FAQ Page,store-management-support-faq,3,5.0,0,37,0,1e-09,0.0,
fastorder,FastOrder ‑ COD Form & Upsells,selling-products-payments-pay-later,3,3.5,0,43,0,1e-09,0.0,
feedback-tool,POST PURCHASE FEEDBACK TOOL,store-management-support-surveys,3,5.0,0,32,0,1e-09,0.0,
feelingwear-ai-search-browse,FeelingWear AI Salesperson,store-design-search-and-navigation-search-and-filters,3,5.0,0,29,0,1e-09,0.0,
first-click-ai-seo-blogs,FirstClick: AI Blog & LLM SEO,store-design-content-blogs,3,5.0,0,25,0,1e-09,0.0,
fiskalizacija-2-0,CroFisc,orders-and-shipping-orders-invoices-and-receipts,3,5.0,0,84,0,1e-09,0.0,
fitting-room-app,Fitting Room,store-design-images-and-media-3d-ar-vr,3,2.2,0,56,0,1e-09,0.0,
flexy-consent,FlexyConsent Cookie Compliance,store-design-internationalization-cookie-consent,3,4.8,0,18,0,1e-09,0.0,
fortnox-sync,Fortnox Integration ‑ Cloudify,store-management-finances-accounting,3,5.0,0,81,0,1e-09,0.0,
fraud-guard,FraudGuard: Country Blocker,store-management-security-fraud,3,4.6,0,49,0,1e-09,0.0,
freakout-ai,FreakoutAI: 3D Storefronts,store-design-images-and-media-3d-ar-vr,3,5.0,0,41,0,1e-09,0.0,
freshbooks-accountancy-bookkeeping-integrator-by-carrytheone,FreshBooks Link by CarryTheOne,store-management-finances-taxes,3,5.0,0,51,0,1e-09,0.0,
fulfillment-network,Shopify Fulfillment Network,orders-and-shipping-shipping-solutions-third-party-logistics-3pl,3,1.9,0,11,0,1e-09,0.0,
fundraiser-1,Kaleido Fundraiser,marketing-and-conversion-customer-loyalty-donations,3,4.9,0,42,0,1e-09,0.0,
gallery-app-1,Howdy Photo Gallery and Filter,store-design-images-and-media-image-gallery,3,5.0,0,74,0,1e-09,0.0,
garnet-seller,Garnet Seller,sales-channels-selling-online-marketplaces,3,5.0,0,73,0,1e-09,0.0,
getresponse-official,GetResponse,marketing-and-conversion-marketing-sms-marketing,3,5.0,0,53,0,1e-09,0.0,
gideon-ai-search,Gideonis AI Visual Search,store-design-search-and-navigation-search-and-filters,3,5.0,0,45,0,1e-09,0.0,
glitzmas-christmas-effects,Glitzmas ‑ Christmas Effects,store-design-design-elements-animation-and-effects,3,5.0,0,44,0,1e-09,0.0,
gsc-popup-email-pop-up,GSC Popup & Email Pop Up,store-design-notifications-pop-ups,3,5.0,0,31,0,1e-09,0.0,
gst-invoice-advanced,GST Reports & Invoices,store-management-finances-taxes,3,5.0,0,28,0,1e-09,0.0,
h3-order-confirmations,H3 Order Confirmation,store-management-operations-staff-notifications,3,5.0,0,14,0,1e-09,0.0,
hoverflow,Hoverflow:Product hover Videos,store-design-images-and-media-video-and-livestream,3,5.0,0,66,0,1e-09,0.0,
html5-audio-player,Audio Player by bPlugins,store-design-design-elements-animation-and-effects,3,1.2,0,14,0,1e-09,0.0,
hukify-gift-card-pro,Hukify ‑ Gift Card Pro,marketing-and-conversion-gifts-gift-cards,3,5.0,0,21,0,1e-09,0.0,
idukki-no-code-ugc-platform,Idukki‑ Shoppable Videos & UGC,store-design-images-and-media-video-and-livestream,3,5.0,0,78,0,1e-09,0.0,
infinite-product-feeds-xml,∞ Product Feeds‑ Shopping Feed,sales-channels-selling-online-product-feeds,3,4.1,0,72,0,1e-09,0.0,
infinitegptpixelstracking,∞ OpenAi Ads ‑ ChatGPT Pixel,marketing-and-conversion-advertising-ads,3,5.0,0,89,0,1e-09,0.0,
innovative-tax-app-1,GST Mate,orders-and-shipping-orders-invoices-and-receipts,3,5.0,0,60,0,1e-09,0.0,
instareturns,InstaReturns by ShipDelight,orders-and-shipping-returns-and-warranty-returns-and-exchanges,3,4.2,0,78,0,1e-09,0.0,
interlingue,Interlingue ‑ D2C Translation,store-design-internationalization-currency-and-translation,3,4.7,0,59,0,1e-09,0.0,
jobly,Careers Page ‑ Job Posting J.,sales-channels-selling-in-person-retail,3,4.2,0,53,0,1e-09,0.0,
k3-product-configurator,K3 Product Configurator,selling-products-custom-products-custom-file-upload,3,5.0,0,51,0,1e-09,0.0,
kairos,Kairos Fraud & Bot Protection,store-management-security-fraud,3,5.0,0,39,0,1e-09,0.0,
katalyst-clone,Katalyst Clone: Copy Products,sales-channels-selling-online-store-data-importer,3,5.0,0,81,0,1e-09,0.0,
kicksend,Kicksend AI,marketing-and-conversion-marketing-email-marketing,3,5.0,0,55,0,1e-09,0.0,
kraken-customer-login,Snap Login: Login as Customer,store-management-security-accounts-and-login,3,5.0,0,80,0,1e-09,0.0,
kungfubuy-1,kungfubuy,finding-products-sourcing-options-dropshipping,3,5.0,0,51,0,1e-09,0.0,
leo-preloader,Leo ‑ Preloader & Transitions,store-design-design-elements-animation-and-effects,3,5.0,0,11,0,1e-09,0.0,
libautech-shoppable-ugc,Libautech Shoppable Videos UGC,store-design-images-and-media-video-and-livestream,3,5.0,0,49,0,1e-09,0.0,
linnworks,Linnworks,store-management-operations-workflow-automation,3,4.1,0,55,0,1e-09,0.0,
little-registry,Little Registry: Gift Registry,marketing-and-conversion-customer-loyalty-wishlists,3,5.0,0,41,0,1e-09,0.0,
locale-flow,LocaleFlow,store-design-internationalization-currency-and-translation,3,5.0,0,46,0,1e-09,0.0,
location-finder,Store Seek Store Locator Map,sales-channels-selling-in-person-store-locator,3,5.0,0,23,0,1e-09,0.0,
logivery,Logivery,orders-and-shipping-shipping-solutions-third-party-logistics-3pl,3,5.0,0,53,0,1e-09,0.0,
lookbook-video-image-gallery,Lookbook: Video Image Gallery,store-design-images-and-media-image-gallery,3,5.0,0,86,0,1e-09,0.0,
lucid-bot,Lucid Bot,orders-and-shipping-orders-order-tracking,3,1.6,0,34,0,1e-09,0.0,
m2e-cloud-otto-importer,OTTO Market by M2E,sales-channels-selling-online-store-data-importer,3,4.3,0,65,0,1e-09,0.0,
mailo,Mailo | AI Email Support,store-management-support-helpdesk,3,4.3,0,62,0,1e-09,0.0,
make-up-magic-mirror-html5-widget,TWIWT Cosmetics Try‑On,store-design-product-display-product-comparison,3,5.0,0,74,0,1e-09,0.0,
mark-as-delivered,Mark As Delivered,store-management-operations-workflow-automation,3,5.0,0,87,0,1e-09,0.0,
messagebird-connector,"Bird: Email, SMS, WhatsApp",marketing-and-conversion-marketing-sms-marketing,3,1.4,0,58,0,1e-09,0.0,
metafields-translator,VT Labs: AI Market Translate,store-design-internationalization-currency-and-translation,3,4.7,0,66,0,1e-09,0.0,
moonprofit-2026,MoonProfit,store-management-finances-accounting,3,5.0,0,83,0,1e-09,0.0,
ms-direct,MS Direct Fulfillment,orders-and-shipping-shipping-solutions-third-party-logistics-3pl,3,5.0,0,23,0,1e-09,0.0,
multiple-email-recipients,MultiMail,store-management-operations-staff-notifications,3,5.0,0,12,0,1e-09,0.0,
navlungo-returns,ParkPalet Returns,orders-and-shipping-returns-and-warranty-returns-and-exchanges,3,5.0,0,59,0,1e-09,0.0,
nexora-preorder-back-in-stock,Nexora Preorder Back in Stock,marketing-and-conversion-upsell-and-bundles-pre-orders,3,5.0,0,31,0,1e-09,0.0,
nft-gate,NFT Gate: Tokengated Discounts,selling-products-digital-goods-and-services-nfts-and-tokengating,3,5.0,0,4,0,1e-09,0.0,
nti-prod,Parcel Protect,orders-and-shipping-returns-and-warranty-warranties-and-insurance,3,5.0,0,32,0,1e-09,0.0,
opening-hours,Opening Hours,sales-channels-selling-in-person-store-locator,3,5.0,0,21,0,1e-09,0.0,
order-bulk-delete-cleanup-pro,Bulk Delete Orders CleanUp Pro,orders-and-shipping-orders-order-editing,3,4.6,0,50,0,1e-09,0.0,
order-editing-plus,Order Editing Plus,orders-and-shipping-orders-order-editing,3,5.0,0,44,0,1e-09,0.0,
order-merging,Order Merging ‑ Combine Orders,store-management-operations-workflow-automation,3,4.1,0,32,0,1e-09,0.0,
orderline-custom-orders,Orderline Custom Order Manager,orders-and-shipping-orders-order-editing,3,5.0,0,27,0,1e-09,0.0,
orin-ai-universal-chatbot,ChatGPT: Chatbot & AI Writer,store-design-content-product-content,3,3.0,0,12,0,1e-09,0.0,
outranked,Outranked: Auto OOS Sorter,store-design-product-display-collections,3,5.0,0,23,0,1e-09,0.0,
packflow-returns-tracking,PackFlow ‑ Returns | Exchange,orders-and-shipping-orders-order-tracking,3,5.0,0,61,0,1e-09,0.0,
parcelx,ParcelX,orders-and-shipping-shipping-solutions-third-party-logistics-3pl,3,3.0,0,46,0,1e-09,0.0,
password-protect-login-lock,Password Protect & Login Lock,store-management-security-accounts-and-login,3,5.0,0,30,0,1e-09,0.0,
patron-round-up-donations,Patron: Round Up Donations,marketing-and-conversion-customer-loyalty-donations,3,5.0,0,16,0,1e-09,0.0,
paycod-cod-upfront-payment,PayCOD | COD Upfront Payment,selling-products-payments-pay-later,3,1.7,0,54,0,1e-09,0.0,
pimberly-enterprise-pim-dam,Pimberly Enterprise PIM/DAM,sales-channels-selling-online-store-data-importer,3,5.0,0,60,0,1e-09,0.0,
platmart-size-charts,PL Size Chart & Size Guide,store-design-product-display-product-comparison,3,3.9,0,69,0,1e-09,0.0,
pos-custom-fields,ShopFields: POS Custom Fields,sales-channels-selling-in-person-retail,3,5.0,0,35,0,1e-09,0.0,
predictive-search,Advanced Predictive Search,store-design-search-and-navigation-search-and-filters,3,5.0,0,53,0,1e-09,0.0,
pricebeat,ShopMCP — Claude Connector,store-management-operations-bulk-editor,3,5.0,0,36,0,1e-09,0.0,
pricing-intelligence-2,Price AI ‑ Dynamic Pricing,selling-products-pricing-pricing-optimization,3,5.0,0,67,0,1e-09,0.0,
pricing-schedule,Revnous Bulk Price Editor,store-management-operations-bulk-editor,3,5.0,0,77,0,1e-09,0.0,
prod-b2b-app,Eshop Guide B2B Europe,selling-products-pricing-pricing-quotes,3,4.1,0,82,0,1e-09,0.0,
product-wishlist,Webkul Product Wishlist,marketing-and-conversion-customer-loyalty-wishlists,3,5.0,0,78,0,1e-09,0.0,
promosync,PromoSync,sales-channels-selling-online-product-feeds,3,5.0,0,45,0,1e-09,0.0,
protectify-shipping-protectio,Protectify Shipping Protection,orders-and-shipping-returns-and-warranty-warranties-and-insurance,3,5.0,0,9,0,1e-09,0.0,
pulse-countdown-timer-bar,Countdown timer + BUY 1 GET 1,marketing-and-conversion-upsell-and-bundles-countdown-timer,3,5.0,0,25,0,1e-09,0.0,
quiqup-connector,Quiqup: Fulfilment & Delivery,orders-and-shipping-shipping-solutions-third-party-logistics-3pl,3,5.0,0,14,0,1e-09,0.0,
rankify-smart-collection-sort,Rank Smart Collections,store-design-product-display-collections,3,5.0,0,38,0,1e-09,0.0,
rapidshyp,RapidShyp ‑ eCommerce Shipping,orders-and-shipping-shipping-solutions-third-party-logistics-3pl,3,3.0,0,24,0,1e-09,0.0,
recent-product-collections,Recent Product by Saio,store-design-product-display-collections,3,3.2,0,39,0,1e-09,0.0,
reclaim-app,Reclaim: Chargeback Recovery,store-management-security-fraud,3,5.0,0,28,0,1e-09,0.0,
registration-form-builder,TGL Registration Form Builder,store-management-security-accounts-and-login,3,1.4,0,75,0,1e-09,0.0,
relay-slack-notifications,Relay: Slack Notifications,store-management-operations-staff-notifications,3,4.7,0,33,0,1e-09,0.0,
respek-nature,ReSpek Nature,marketing-and-conversion-customer-loyalty-donations,3,5.0,0,51,0,1e-09,0.0,
responsive-cookie-consent-by-appifycommerce,Cookiefy ‑ Privacy Policy,store-design-internationalization-cookie-consent,3,3.7,0,25,0,1e-09,0.0,
returndotai,ReturnDotai: Return & Exchange,orders-and-shipping-returns-and-warranty-returns-and-exchanges,3,5.0,0,64,0,1e-09,0.0,
reviewers-com,Reviewers.com ‑ Video Reviews,store-design-images-and-media-video-and-livestream,3,5.0,0,41,0,1e-09,0.0,
reviewz,Reviewz: Collect More Reviews,marketing-and-conversion-social-trust-product-reviews,3,5.0,0,86,0,1e-09,0.0,
roku-ads,Roku Ads,marketing-and-conversion-advertising-ads,3,5.0,0,76,0,1e-09,0.0,
ruffruff-author-profiles,RuffRuff Author Profiles,store-design-content-blogs,3,5.0,0,66,0,1e-09,0.0,
salesup-slider,SalesUp Slider: Video Reels,store-design-images-and-media-video-and-livestream,3,5.0,0,81,0,1e-09,0.0,
scroll-to-the-top,SealGlobal Scroll to Top,store-design-search-and-navigation-navigation-and-menus,3,4.5,0,62,0,1e-09,0.0,
sct-scroll-to-top-1,Scroll to Top,store-design-search-and-navigation-navigation-and-menus,3,5.0,0,24,0,1e-09,0.0,
section-monster,SectionMonster: Theme Sections,store-design-storefronts-page-builder,3,5.0,0,32,0,1e-09,0.0,
sedestral,AI SEO Agents: More Traffic,store-design-content-blogs,3,5.0,0,23,0,1e-09,0.0,
seers-cookie-consent,Seers AI GDPR Cookie Banner,store-design-internationalization-cookie-consent,3,4.4,0,26,0,1e-09,0.0,
selmo,Selmo ‑ social commerce system,store-design-images-and-media-video-and-livestream,3,5.0,0,74,0,1e-09,0.0,
sendcore,Sendcore,marketing-and-conversion-marketing-email-marketing,3,5.0,0,75,0,1e-09,0.0,
sendpulse-email-sms-pop-ups,"SendPulse Email, SMS & Pop‑ups",marketing-and-conversion-marketing-sms-marketing,3,4.5,0,36,0,1e-09,0.0,
sgtlab-bulk-watermark,Bulk Watermark SGTLab,store-management-security-anti-theft,3,5.0,0,29,0,1e-09,0.0,
shieldify,Shieldify ‑ Store Protection,store-management-security-anti-theft,3,5.0,0,22,0,1e-09,0.0,
shopreels-shoppable-videos,ShopReels ‑ Shoppable Videos,store-design-images-and-media-video-and-livestream,3,5.0,0,73,0,1e-09,0.0,
si-new-arrivals-tag-collection,SI Auto Tag to New Arrivals,store-management-operations-workflow-automation,3,5.0,0,86,0,1e-09,0.0,
simple-wordpress-post-feed,Simple WordPress Blog Feed,store-design-content-blogs,3,4.0,0,65,0,1e-09,0.0,
simplevat,SimpleVAT,store-management-finances-taxes,3,1.8,0,48,0,1e-09,0.0,
sizekick-size-advisor,Sizekick: AI Size Advisor,store-design-product-display-product-comparison,3,5.0,0,42,0,1e-09,0.0,
smart-ai-chat,Chatbot ‑ Smart AI Assistant,store-management-support-faq,3,5.0,0,34,0,1e-09,0.0,
smart-breadcrumbs,Smart Breadcrumbs ‑ SEO & Nav,store-design-site-optimization-seo,3,5.0,0,10,0,1e-09,0.0,
sms-alert,SMS Alert,store-management-security-accounts-and-login,3,2.8,0,66,0,1e-09,0.0,
snakecom-promotion-popup,Zify Promotion Popups,marketing-and-conversion-upsell-and-bundles-countdown-timer,3,5.0,0,59,0,1e-09,0.0,
snapwear-pro,Snapwear: Print‑On‑Demand,finding-products-sourcing-options-print-on-demand-pod,3,5.0,0,55,0,1e-09,0.0,
snow-flakes,Snowify,store-design-design-elements-animation-and-effects,3,5.0,0,25,0,1e-09,0.0,
so-ai-product-images,SO: AI Product Images,store-design-images-and-media-image-editor,3,5.0,0,45,0,1e-09,0.0,
soply-virtual-inventory,Raw Materials Inventory,orders-and-shipping-inventory-inventory-optimization,3,3.3,0,56,0,1e-09,0.0,
spark-feed,Spark Product Shopping Feed,sales-channels-selling-online-product-feeds,3,5.0,0,70,0,1e-09,0.0,
splitit-on-site-messaging,Splitit On‑Site Messaging,store-design-notifications-banners,3,3.0,0,84,0,1e-09,0.0,
stockninja-show-stock-timer,Stockninja: Show Stock & timer,marketing-and-conversion-upsell-and-bundles-countdown-timer,3,5.0,0,21,0,1e-09,0.0,
store-credit-5,Store Credit,selling-products-payments-payment-experience,3,5.0,0,24,0,1e-09,0.0,
store-locator-by-byte-apps,Store Locator by Byte Apps,sales-channels-selling-in-person-store-locator,3,5.0,0,42,0,1e-09,0.0,
subrise-subscriptions,Subrise Subscriptions,selling-products-payments-subscriptions,3,5.0,0,73,0,1e-09,0.0,
superfrete,SuperFrete,orders-and-shipping-shipping-solutions-shipping-rates,3,2.4,0,73,0,1e-09,0.0,
supplier-portal,SupplySync Split Orders,store-management-operations-workflow-automation,3,5.0,0,85,0,1e-09,0.0,
supreme-theme-scheduler,Supreme Theme Scheduler,store-management-operations-workflow-automation,3,5.0,0,88,0,1e-09,0.0,
swift-mobile-self-checkout,Mobile Self‑Checkout With QRs,sales-channels-selling-in-person-retail,3,3.4,0,58,0,1e-09,0.0,
swiftxr-viewer,SwiftXR (3D/AR/VR) Viewer,store-design-images-and-media-3d-ar-vr,3,5.0,0,43,0,1e-09,0.0,
swipereel,SwipeReel: Shoppable Video UGC,store-design-images-and-media-video-and-livestream,3,5.0,0,52,0,1e-09,0.0,
tagtiles-blog-search-filter,Bloggo: Blog Search Bar,store-design-content-blogs,3,5.0,0,69,0,1e-09,0.0,
teleping,TelePing: Store Alerts,store-management-operations-staff-notifications,3,4.1,0,13,0,1e-09,0.0,
tgl-ai-rewriter,AI SEO Content Rewriter by TGL,store-design-content-blogs,3,5.0,0,38,0,1e-09,0.0,
theme-publisher-prod,Alfred Launch Scheduler,store-management-operations-bulk-editor,3,5.0,0,92,0,1e-09,0.0,
touchtry-virtual-try-on,Touchtry Virtual Try On,store-design-images-and-media-3d-ar-vr,3,5.0,0,38,0,1e-09,0.0,
transdirect-shipping,Transdirect Shipping,orders-and-shipping-shipping-solutions-shipping-rates,3,1.0,0,94,0,1e-09,0.0,
treepoints-1,Treepoints,marketing-and-conversion-customer-loyalty-donations,3,5.0,0,40,0,1e-09,0.0,
trendyol-e-fatura-entegreturk,Trendyol E‑Fatura‑EntegreTürk,orders-and-shipping-orders-invoices-and-receipts,3,4.6,0,54,0,1e-09,0.0,
trustmate,TrustMate.io Reviews & Photos,marketing-and-conversion-social-trust-product-reviews,3,4.3,0,92,0,1e-09,0.0,
twist-stock-take,Twist: Stock Take,orders-and-shipping-inventory-inventory-optimization,3,4.3,0,71,0,1e-09,0.0,
uncap-discovery,Uncap Parts Diagram,store-design-search-and-navigation-search-and-filters,3,4.7,0,49,0,1e-09,0.0,
upsolite-bulk-invite-and-login,UpSolite: Bulk Invite & Login,store-management-security-accounts-and-login,3,5.0,0,38,0,1e-09,0.0,
verdict-product-reviews-app,Verdict ‑ Product Reviews App,marketing-and-conversion-social-trust-product-reviews,3,3.3,0,85,0,1e-09,0.0,
verify-age-and-terms-checkbox,PassCheck: Age & Terms Box,store-management-security-legal,3,5.0,0,86,0,1e-09,0.0,
vibe-listing,VibeListing: AI Product SEO,store-design-content-product-content,3,5.0,0,28,0,1e-09,0.0,
visualize-ai,Visualize AI Virtual Try‑On,store-design-images-and-media-3d-ar-vr,3,5.0,0,62,0,1e-09,0.0,
vox-limit-orders-per-day,VOX Limit Orders Per Day,marketing-and-conversion-checkout-order-limits,3,5.0,0,51,0,1e-09,0.0,
vto,Bulky Bulk AI Image Editor,store-design-images-and-media-image-editor,3,5.0,0,54,0,1e-09,0.0,
wakilni,Wakilni,orders-and-shipping-shipping-solutions-delivery-and-pickup,3,5.0,0,94,0,1e-09,0.0,
watchdog,FAST Shield: Store Protection,store-management-security-anti-theft,3,2.6,0,40,0,1e-09,0.0,
webceo-einvoice,WebCEO E‑Invoice Malaysia,orders-and-shipping-orders-invoices-and-receipts,3,5.0,0,67,0,1e-09,0.0,
weclapp-1,weclapp,orders-and-shipping-inventory-erp,3,5.0,0,36,0,1e-09,0.0,
wezy-wholesale-pricing,Wezy Wholesale & Volume B2B,finding-products-sourcing-options-wholesale,3,5.0,0,86,0,1e-09,0.0,
what3words-address-field,what3words Address Field,orders-and-shipping-orders-order-tracking,3,5.0,0,68,0,1e-09,0.0,
whatomatic-whatsapp-automation-1,Whatomatic‑Whatsapp Automation,store-management-operations-workflow-automation,3,3.7,0,57,0,1e-09,0.0,
wishlist-38,UR: Smart Product Wishlist,marketing-and-conversion-customer-loyalty-wishlists,3,2.1,0,74,0,1e-09,0.0,
withfriends,Withfriends,selling-products-payments-subscriptions,3,5.0,0,56,0,1e-09,0.0,
yengec,Yengec,orders-and-shipping-orders-invoices-and-receipts,3,1.7,0,71,0,1e-09,0.0,
yep-ai-chatbot,Yep AI: Your AI Employee Team,store-management-support-faq,3,3.5,0,25,0,1e-09,0.0,
zoho-sync,Zohra | Sales Sync to Zoho,orders-and-shipping-inventory-inventory-sync,3,5.0,0,80,0,1e-09,0.0,
zotek-cod,Ⓩ COD Form Bundles & Upsells,selling-products-payments-pay-later,3,5.0,0,20,0,1e-09,0.0,
2auth-credit-debit-card,2Credit/Debit Card‑UseePay,selling-products-payments-payment-experience,2,2.5,0,15,0,1e-09,0.0,
301-redirect-fix-broken-link,301 Redirect | Fix 404 Links,store-design-site-optimization-seo,2,5.0,0,87,0,1e-09,0.0,
3d-christmas-snow-halloween,3D Halloween|Sale|BFCM Effects,store-design-design-elements-animation-and-effects,2,5.0,0,34,0,1e-09,0.0,
aa-virtual-tryon,A&A Virtual Try‑On,store-design-images-and-media-3d-ar-vr,2,4.9,0,57,0,1e-09,0.0,
accessify-ada-audit,Accessibility Audit ‑ ADA WCAG,store-design-site-optimization-accessibility,2,5.0,0,24,0,1e-09,0.0,
accordion-by-widgetic,Widgetic (Accordion Gallery),store-design-search-and-navigation-navigation-and-menus,2,1.0,0,67,0,1e-09,0.0,
accountone,AccountOne ‑ Ecommerce2Datev,store-management-operations-analytics,2,2.2,0,20,0,1e-09,0.0,
adsmurai-feed-generator,Adsmurai Feed Generator,sales-channels-selling-online-product-feeds,2,5.0,0,84,0,1e-09,0.0,
ai-intent-popup-by-stream,Stream: Email & SMS Marketing,store-design-notifications-pop-ups,2,5.0,0,53,0,1e-09,0.0,
aiframe-virtual-tryon,AI Frame Try On & Size Chart,store-design-product-display-product-comparison,2,5.0,0,27,0,1e-09,0.0,
aircall,Aircall,store-management-operations-workflow-automation,2,1.0,0,67,0,1e-09,0.0,
airwallex-fraud-prevention,Airwallex Fraud Protection,store-management-security-fraud,2,3.2,0,23,0,1e-09,0.0,
alcemi,Alcemi Shopping Agent,store-design-product-display-product-comparison,2,5.0,0,71,0,1e-09,0.0,
animate-button-cart,Animated Button Cart ‑ B&S,store-design-design-elements-animation-and-effects,2,5.0,0,27,0,1e-09,0.0,
anyasset,AnyAsset ‑ Digital Downloads,selling-products-digital-goods-and-services-digital-products,2,5.0,0,56,0,1e-09,0.0,
appfounder,AppFounder‑ Mobile App Builder,store-design-storefronts-mobile-app-builder,2,5.0,0,51,0,1e-09,0.0,
appora,Appora ‑ Mobile App Builder,store-design-storefronts-mobile-app-builder,2,5.0,0,59,0,1e-09,0.0,
approveit,Approveit,selling-products-custom-products-custom-file-upload,2,5.0,0,55,0,1e-09,0.0,
atomictax,AtomicTax Sales Tax Automation,store-management-finances-taxes,2,5.0,0,68,0,1e-09,0.0,
auctionplus,Auction+ | Automatic Payouts,selling-products-pricing-pricing-quotes,2,5.0,0,49,0,1e-09,0.0,
audio-player-by-powr,POWR: Background Music Player,store-design-design-elements-animation-and-effects,2,5.0,0,28,0,1e-09,0.0,
autoblog-ai-easy-blogging,AutoBlog AI | SEO & AutoPilot,store-design-content-blogs,2,5.0,0,30,0,1e-09,0.0,
autopictura,Autopictura AI designs for POD,selling-products-custom-products-custom-file-upload,2,5.0,0,47,0,1e-09,0.0,
autotrack-1,AutoTrack ‑ Order Tracking,orders-and-shipping-orders-order-tracking,2,5.0,0,56,0,1e-09,0.0,
badger-product-badges,BADGER Animated Product Badges,store-design-design-elements-badges-and-icons,2,5.0,0,77,0,1e-09,0.0,
bigseller,BigSeller,orders-and-shipping-inventory-erp,2,5.0,0,12,0,1e-09,0.0,
billit,Billit,store-management-finances-accounting,2,3.4,0,77,0,1e-09,0.0,
bind-erp-mexico,Bind ERP Mexico Integration,orders-and-shipping-inventory-erp,2,1.0,0,43,0,1e-09,0.0,
blog-posts-likes,Ahoi Apps: Blog Posts Likes,store-design-content-blogs,2,5.0,0,46,0,1e-09,0.0,
blog-writer-1,AI Blog Writer | Autopilot,store-design-content-blogs,2,5.0,0,52,0,1e-09,0.0,
blogconnect,BlogConnect: Comment Manager,store-design-content-blogs,2,4.0,0,33,0,1e-09,0.0,
bluedoba,BlueDoba:Print On Demand,finding-products-sourcing-options-print-on-demand-pod,2,5.0,0,80,0,1e-09,0.0,
boost-commerce-1,CRM for monday.com,store-management-operations-workflow-automation,2,5.0,0,65,0,1e-09,0.0,
brandwise,Brandwise: AI Customer Service,store-management-support-helpdesk,2,2.2,0,43,0,1e-09,0.0,
browsify-fraud-filter-blocker,Browsify: Fraud Filter Blocker,store-management-security-fraud,2,3.4,0,45,0,1e-09,0.0,
bt-wholesale-suite,BTB: B2B Quick Order Form,finding-products-sourcing-options-wholesale,2,5.0,0,80,0,1e-09,0.0,
bulk-discount-register-form,Haptech B2B Wholesale Pricing,finding-products-sourcing-options-wholesale,2,5.0,0,79,0,1e-09,0.0,
bulk-tracking-number-update,AOD‑ Order Tracking No. Update,orders-and-shipping-orders-order-tracking,2,5.0,0,54,0,1e-09,0.0,
bulk-transporter,Bulk Transporter | Migrate,store-design-product-display-collections,2,2.7,0,58,0,1e-09,0.0,
bundles-inventory,Bundles Inventory: Sets & Kits,orders-and-shipping-inventory-inventory-optimization,2,5.0,0,88,0,1e-09,0.0,
buust,Buust: AI UGC Product Videos,store-design-images-and-media-video-and-livestream,2,5.0,0,50,0,1e-09,0.0,
byteinfy-cod-partial-pay,"COD Partial Payment, Fee & OTP",selling-products-payments-pay-later,2,5.0,0,26,0,1e-09,0.0,
candle-builders,Candle Builders POD Dropship,finding-products-sourcing-options-print-on-demand-pod,2,5.0,0,69,0,1e-09,0.0,
carma-treeapp,Plant Trees with the Carma App,marketing-and-conversion-customer-loyalty-donations,2,5.0,0,23,0,1e-09,0.0,
cart2quote,Cart2Quote: B2B Quote PDF,orders-and-shipping-orders-invoices-and-receipts,2,5.0,0,82,0,1e-09,0.0,
cartexel-ai,Cartexel AI Product Enrichment,store-design-content-product-content,2,5.0,0,44,0,1e-09,0.0,
change-author,Custom Authors,store-design-content-blogs,2,5.0,0,78,0,1e-09,0.0,
channel-bay,ChannelBay: Inventory Manager,orders-and-shipping-inventory-inventory-sync,2,5.0,0,87,0,1e-09,0.0,
channelbuddy,idealo Connect,sales-channels-selling-online-product-feeds,2,5.0,0,51,0,1e-09,0.0,
chargly,Chargly ‑ Collect POS Fees,sales-channels-selling-in-person-retail,2,3.5,0,31,0,1e-09,0.0,
chat-mitra-whatsapp-marketing-1,Chat Mitra WhatsApp Marketing,marketing-and-conversion-marketing-abandoned-cart,2,5.0,0,74,0,1e-09,0.0,
checkout-rules-builder,PW ‑ Order Limits Quantity,marketing-and-conversion-checkout-order-limits,2,2.6,0,49,0,1e-09,0.0,
christmas-snow,Easy Christmas Snow,store-design-design-elements-animation-and-effects,2,5.0,0,52,0,1e-09,0.0,
ci-low-stock-counter,CI Low Stock Counter,marketing-and-conversion-upsell-and-bundles-stock-alerts,2,5.0,0,53,0,1e-09,0.0,
clonely,Clonely ‑ Copy Products,sales-channels-selling-online-store-data-importer,2,3.7,0,59,0,1e-09,0.0,
cmp-insert-code,CMP Insert Code,store-design-content-product-content,2,1.0,0,21,0,1e-09,0.0,
cod-ivr-order-verifier,Moose: COD IVR Order Verifier,selling-products-payments-pay-later,2,5.0,0,51,0,1e-09,0.0,
codify-1,Codify COD Form Upsell Fraud,store-design-notifications-forms,2,5.0,0,30,0,1e-09,0.0,
collections-import-export,Meet Collections Import Export,store-design-product-display-collections,2,1.0,0,67,0,1e-09,0.0,
coming-soon-products-presale,"Coming Soon Products, PreOrder",store-design-design-elements-badges-and-icons,2,5.0,0,28,0,1e-09,0.0,
commentify-1,Commentify Blog Comment Reply,store-design-content-blogs,2,4.5,0,42,0,1e-09,0.0,
complaint-guru,Complaint Guru,store-management-support-helpdesk,2,2.5,0,65,0,1e-09,0.0,
concierge-2,Concierge: AI Sales Associate,store-design-search-and-navigation-search-and-filters,2,5.0,0,22,0,1e-09,0.0,
conexion-bsale,Conexión en línea con Bsale,orders-and-shipping-inventory-erp,2,5.0,0,20,0,1e-09,0.0,
contact-form-to-any-api,IPS – Contact Form To Any API,store-design-notifications-forms,2,4.0,0,53,0,1e-09,0.0,
conversios-microsoft-app,Conversios for Microsoft Ads,sales-channels-selling-online-product-feeds,2,5.0,0,56,0,1e-09,0.0,
cro-sections,Baseline: CRO Theme Sections,store-design-search-and-navigation-navigation-and-menus,2,5.0,0,68,0,1e-09,0.0,
currency-wiki,Currency Converter + Auto GEO,store-design-internationalization-currency-and-translation,2,5.0,0,41,0,1e-09,0.0,
custom-fonts-google-fonts,Fonty ‑ Adobe & Custom Fonts,store-design-storefronts-page-builder,2,2.5,0,81,0,1e-09,0.0,
customer-photo-uploader,GWA: Customer Photo Uploader,store-design-images-and-media-image-gallery,2,5.0,0,61,0,1e-09,0.0,
daisycon,Daisycon Performance Marketing,marketing-and-conversion-advertising-affiliate-programs,2,3.0,0,56,0,1e-09,0.0,
data-feed-creator,Data Feed Experts Feed Creator,sales-channels-selling-online-product-feeds,2,5.0,0,65,0,1e-09,0.0,
datora-multi-discounts,Datora | Multi Discounts,selling-products-pricing-pricing-optimization,2,5.0,0,72,0,1e-09,0.0,
dc-image-slideshow-slider,DC: Image Slideshow Slider,store-design-images-and-media-image-gallery,2,1.7,0,47,0,1e-09,0.0,
describely,Describely: Catalog AI SEO+GEO,store-design-content-product-content,2,5.0,0,48,0,1e-09,0.0,
discord-tools,Discord Tools ‑ Boohead,store-management-operations-staff-notifications,2,5.0,0,21,0,1e-09,0.0,
discounthero,Fraud Protection DiscountHero,store-management-security-fraud,2,5.0,0,59,0,1e-09,0.0,
donate-now,Donate Now: Donation & Charity,marketing-and-conversion-customer-loyalty-donations,2,5.0,0,18,0,1e-09,0.0,
doordash,DoorDash,sales-channels-selling-online-marketplaces,2,5.0,0,52,0,1e-09,0.0,
dreamprint-print-on-demand,DreamPrint: Print on Demand,finding-products-sourcing-options-print-on-demand-pod,2,5.0,0,47,0,1e-09,0.0,
dresso-smart-sorting,Dresso ‑ smart sorting,store-design-product-display-collections,2,5.0,0,37,0,1e-09,0.0,
dtf-auto-build,DTF Auto Build,selling-products-custom-products-custom-file-upload,2,5.0,0,36,0,1e-09,0.0,
duplicup-1,Duplicup ‑ Duplicate SKU Sync,orders-and-shipping-inventory-inventory-optimization,2,5.0,0,53,0,1e-09,0.0,
dynamic-pricing-optimization,SpurIT Dynamic Pricing,selling-products-pricing-pricing-quotes,2,5.0,0,84,0,1e-09,0.0,
e-racuni-hr,E‑racuni ERP Hrvatska,orders-and-shipping-inventory-erp,2,2.8,0,27,0,1e-09,0.0,
ea-free-shipping-bar,EA• Free Shipping Bar & Upsell,store-design-notifications-banners,2,5.0,0,54,0,1e-09,0.0,
ease-joy-ai,Ease‑joy Ai,store-design-internationalization-currency-and-translation,2,5.0,0,57,0,1e-09,0.0,
easy-native-mobile-app,QeApps ‑ Mobile App Builder,store-design-storefronts-mobile-app-builder,2,5.0,0,52,0,1e-09,0.0,
easy-stock-buffer,Easy Stock Buffer,orders-and-shipping-inventory-inventory-optimization,2,5.0,0,66,0,1e-09,0.0,
easyfaq-product-faq-builder,EasyFAQ ‑ Product FAQ Builder,store-management-support-faq,2,5.0,0,13,0,1e-09,0.0,
easyresponsive-responsive-video-and-maps,Easy Responsive Videos & Maps,sales-channels-selling-in-person-store-locator,2,5.0,0,54,0,1e-09,0.0,
easytranslate-1,EasyTranslate,store-design-internationalization-currency-and-translation,2,5.0,0,72,0,1e-09,0.0,
ecomai-product-page-builder,eComAI Product Page Builder,store-design-content-product-content,2,5.0,0,56,0,1e-09,0.0,
ecomail,Ecomail: Email Marketing & SMS,marketing-and-conversion-marketing-email-marketing,2,5.0,0,66,0,1e-09,0.0,
ecommapp-oficial,EcommApp,store-design-storefronts-mobile-app-builder,2,5.0,0,47,0,1e-09,0.0,
ecomsolo,Ecomsolo Multi‑Store,store-management-finances-accounting,2,5.0,0,91,0,1e-09,0.0,
efaq-ai-questions-answers,eFAQ: AI Questions & Answers,store-management-support-faq,2,5.0,0,30,0,1e-09,0.0,
ehero-1,eHero,orders-and-shipping-inventory-erp,2,5.0,0,33,0,1e-09,0.0,
eiz-fulfillment,EIZ Fulfillment Technology,store-management-operations-workflow-automation,2,5.0,0,64,0,1e-09,0.0,
ekasa,NineDigit eKasa,sales-channels-selling-in-person-retail,2,5.0,0,44,0,1e-09,0.0,
elfsight-background-music,ES Background Music Player,store-design-design-elements-animation-and-effects,2,5.0,0,41,0,1e-09,0.0,
elfsight-tripadvisor-reviews,Elfsight Tripadvisor Reviews,store-management-support-surveys,2,5.0,0,60,0,1e-09,0.0,
em-collection-sorting,Sortify – Collection Manager,store-design-product-display-collections,2,5.0,0,43,0,1e-09,0.0,
emissarysku,EmissarySKU Label Creator,sales-channels-selling-in-person-retail,2,5.0,0,48,0,1e-09,0.0,
emitio,Emitio,store-management-finances-accounting,2,5.0,0,67,0,1e-09,0.0,
encomm-subscriptions,enComm Subscription & Recovery,selling-products-payments-subscriptions,2,5.0,0,68,0,1e-09,0.0,
erd-sms,ERDSMS ‑ SMS PAZARLAMA,marketing-and-conversion-marketing-sms-marketing,2,1.7,0,61,0,1e-09,0.0,
esolver-otp-bangladesh,eSolver OTP Bangladesh,store-management-security-fraud,2,5.0,0,58,0,1e-09,0.0,
eu-cancellation-button,EU Withdrawal Form,store-management-security-legal,2,5.0,0,35,0,1e-09,0.0,
eu-vat-tax-exemption,EU VAT Tax Exemption By DApps,store-management-finances-taxes,2,5.0,0,42,0,1e-09,0.0,
eu-withdrawal-button-2,Zentric EU Withdrawal Button,orders-and-shipping-returns-and-warranty-returns-and-exchanges,2,5.0,0,54,0,1e-09,0.0,
export-to-trovaprezzi,Prestalia TrovaPrezzi export,sales-channels-selling-online-product-feeds,2,3.7,0,85,0,1e-09,0.0,
extended-profile-fields,Extended Profile Fields,store-design-notifications-forms,2,5.0,0,29,0,1e-09,0.0,
ez-digital-downloads,EZ Digital Downloads | Ebooks,selling-products-digital-goods-and-services-digital-products,2,5.0,0,24,0,1e-09,0.0,
f-vat-exempt-europe-b2b,EU VAT TAX EXEMPTION AUTOMATE,store-management-finances-taxes,2,5.0,0,47,0,1e-09,0.0,
f2-calendly-book-appointment,F2 Calendly Book Appointment,selling-products-digital-goods-and-services-event-booking,2,5.0,0,35,0,1e-09,0.0,
fab-feedback-button,Fab Feedback Button,store-management-support-surveys,2,5.0,0,55,0,1e-09,0.0,
faqfy-faq-by-ai,FAQfy: FAQ by AI,store-management-support-faq,2,3.6,0,41,0,1e-09,0.0,
feedbackbuddy-surveys,FeedbackBuddy Purchase Surveys,store-management-support-surveys,2,4.5,0,68,0,1e-09,0.0,
feedoptimise,Feedoptimise Products Exporter,sales-channels-selling-online-product-feeds,2,5.0,0,44,0,1e-09,0.0,
ffn-connect,FFN Connect,orders-and-shipping-shipping-solutions-third-party-logistics-3pl,2,5.0,0,32,0,1e-09,0.0,
fira-ai-video-to-3d-model,Fira: Easy 3D & AR Products,store-design-images-and-media-3d-ar-vr,2,5.0,0,59,0,1e-09,0.0,
fitiq,FitIQ ‑ Try it On,store-design-images-and-media-3d-ar-vr,2,1.0,0,50,0,1e-09,0.0,
flash-announcement-bar,Flash Announcement Bar,store-design-notifications-banners,2,5.0,0,48,0,1e-09,0.0,
flash-auction1,Flash Auction,selling-products-pricing-pricing-optimization,2,5.0,0,65,0,1e-09,0.0,
flett,Flett: Fiken‑integrasjon,store-management-finances-accounting,2,5.0,0,52,0,1e-09,0.0,
flowpo-by-parex,FlowPO Purchase Orders,orders-and-shipping-inventory-inventory-optimization,2,5.0,0,58,0,1e-09,0.0,
fluenceur,Fluenceur Affiliate Marketing,marketing-and-conversion-advertising-affiliate-programs,2,5.0,0,54,0,1e-09,0.0,
forthcast,Forthcast Inventory Management,marketing-and-conversion-upsell-and-bundles-stock-alerts,2,5.0,0,70,0,1e-09,0.0,
g-size-chart-size-guide,G: Size Chart & Size Guide,selling-products-custom-products-product-variants,2,5.0,0,22,0,1e-09,0.0,
ga-audio-player,GA: Sticky Audio Player,store-design-design-elements-animation-and-effects,2,5.0,0,33,0,1e-09,0.0,
generative-search,Parallel ‑ Agentic Storefronts,store-design-search-and-navigation-search-and-filters,2,5.0,0,61,0,1e-09,0.0,
getresponse-forms-integration,Newsletter pop up+GetResponse,store-design-notifications-forms,2,5.0,0,69,0,1e-09,0.0,
gift-card-fulfillr,#GiftCardFulfiller,marketing-and-conversion-gifts-gift-cards,2,5.0,0,26,0,1e-09,0.0,
gift-registry-guru,Gift Registry Guru,marketing-and-conversion-customer-loyalty-wishlists,2,5.0,0,31,0,1e-09,0.0,
giftcardreminders,GiftCardReminders,marketing-and-conversion-gifts-gift-cards,2,5.0,0,28,0,1e-09,0.0,
gifted,#gifted,marketing-and-conversion-advertising-ads,2,5.0,0,66,0,1e-09,0.0,
glideteck,GlideTeck ‑ Verify COD Orders,selling-products-payments-pay-later,2,5.0,0,50,0,1e-09,0.0,
global-blue,Global Blue Tax Free by DT,store-management-finances-taxes,2,1.0,0,44,0,1e-09,0.0,
gm-delete-bulk-delete-products,GM Delete Bulk Delete Products,store-management-operations-bulk-editor,2,5.0,0,89,0,1e-09,0.0,
google-tag-manager-ga4,Google Tag Manager GA4,store-management-operations-analytics,2,3.5,0,86,0,1e-09,0.0,
gorespond-whatsapp-automation,GoRespond: WhatsApp Automation,orders-and-shipping-orders-order-tracking,2,5.0,0,44,0,1e-09,0.0,
handy-mini-apps,Wholesale • Handy,marketing-and-conversion-upsell-and-bundles-pre-orders,2,5.0,0,71,0,1e-09,0.0,
haulmer-boleta-y-factura,Haulmer: Boleta y Factura,orders-and-shipping-orders-invoices-and-receipts,2,5.0,0,79,0,1e-09,0.0,
helpify24,Helpify24,store-management-support-helpdesk,2,5.0,0,66,0,1e-09,0.0,
homevisioner-visualizer,HomeVisioner: AI Visualizer,store-design-images-and-media-3d-ar-vr,2,5.0,0,16,0,1e-09,0.0,
hotshop-product-image-hotspot,Hotshop: Product Image Hotspot,store-design-images-and-media-image-gallery,2,2.9,0,62,0,1e-09,0.0,
icemajesty-1,IceMajesty,store-design-design-elements-animation-and-effects,2,5.0,0,31,0,1e-09,0.0,
iex,IEX,store-management-finances-accounting,2,4.9,0,71,0,1e-09,0.0,
ifg-eu-returns,IFG Returns & Withdrawals,store-management-security-legal,2,5.0,0,41,0,1e-09,0.0,
igly-image,Igly AI #1 SEO Product Image,store-design-images-and-media-image-editor,2,5.0,0,41,0,1e-09,0.0,
image-uploader,Bulk Image Upload by SyncFlow,store-management-operations-workflow-automation,2,5.0,0,71,0,1e-09,0.0,
imagearmor,Image Armor ‑ Bulk Watermark,store-management-security-anti-theft,2,3.0,0,21,0,1e-09,0.0,
inboxserve,InboxServe,store-management-support-helpdesk,2,5.0,0,30,0,1e-09,0.0,
incredible-countdown-timer,Oxify Countdown Timer Bar,marketing-and-conversion-upsell-and-bundles-countdown-timer,2,5.0,0,56,0,1e-09,0.0,
insta-cod,Insta COD & Partial Payment,selling-products-payments-pay-later,2,5.0,0,37,0,1e-09,0.0,
insyra,Fidras,marketing-and-conversion-marketing-email-marketing,2,5.0,0,52,0,1e-09,0.0,
iwand-ai-stylist-assistant,iWAND: AI Stylist & Try‑On,store-design-product-display-product-comparison,2,5.0,0,46,0,1e-09,0.0,
jeeliz-live-virtual-try-on,Jeeliz Live Virtual Try‑On,store-design-images-and-media-3d-ar-vr,2,5.0,0,39,0,1e-09,0.0,
k-terms-and-conditions-box,K: Terms and Conditions Box,store-management-security-legal,2,5.0,0,85,0,1e-09,0.0,
k-vacation-mode,K: Vacation Mode,store-design-notifications-banners,2,5.0,0,70,0,1e-09,0.0,
keyshop,Keyshop,selling-products-digital-goods-and-services-digital-products,2,5.0,0,50,0,1e-09,0.0,
kiriminaja,KiriminAja Multi Courier & COD,orders-and-shipping-shipping-solutions-shipping-rates,2,5.0,0,82,0,1e-09,0.0,
koi-disable-right-click,KOI NoSpy: Disable Right Click,store-management-security-anti-theft,2,4.2,0,37,0,1e-09,0.0,
labl-protect,LABL Guarantee,orders-and-shipping-returns-and-warranty-warranties-and-insurance,2,1.7,0,42,0,1e-09,0.0,
leiding-technology,SANYU Dropshipping,finding-products-sourcing-options-dropshipping,2,5.0,0,85,0,1e-09,0.0,
lift-crowdfunding-presales,Lift: Crowdfunding Presales,marketing-and-conversion-upsell-and-bundles-pre-orders,2,5.0,0,36,0,1e-09,0.0,
lighthouse-smart-slack-alerts,Lighthouse: Slack Alerts,store-management-operations-staff-notifications,2,5.0,0,37,0,1e-09,0.0,
locatestore,Store Locator from Sheets,sales-channels-selling-in-person-store-locator,2,5.0,0,24,0,1e-09,0.0,
lockify,Lockify,store-management-security-accounts-and-login,2,5.0,0,44,0,1e-09,0.0,
logomagic,LogoMagic,store-management-operations-bulk-editor,2,5.0,0,85,0,1e-09,0.0,
lzdropshipping-much-faster,LZdropshipping,finding-products-sourcing-options-dropshipping,2,5.0,0,79,0,1e-09,0.0,
m360-whatsapp-marketing-chat,M360 Whatsapp Automation+Chat,marketing-and-conversion-marketing-abandoned-cart,2,5.0,0,67,0,1e-09,0.0,
marktplaats-admarkt,Marktplaats Pro | NoStress Ads,sales-channels-selling-online-product-feeds,2,5.0,0,83,0,1e-09,0.0,
mega-content-protector,Mega Content Protector,store-management-security-anti-theft,2,5.0,0,30,0,1e-09,0.0,
megasend,MegaSend: WhatsApp & More,marketing-and-conversion-marketing-sms-marketing,2,5.0,0,59,0,1e-09,0.0,
menuqol,MenuQoL ‑ Hide & Copy Menu,store-design-search-and-navigation-navigation-and-menus,2,5.0,0,37,0,1e-09,0.0,
mercado-pago-banner,Mercado Pago Banner,store-design-notifications-banners,2,4.0,0,60,0,1e-09,0.0,
minty,Minty,selling-products-digital-goods-and-services-nfts-and-tokengating,2,5.0,0,3,0,1e-09,0.0,
mirrarly-makeup,MirrARly Makeup & Cosmetics,store-design-images-and-media-3d-ar-vr,2,5.0,0,54,0,1e-09,0.0,
mix-and-match-products,Packer: Mix and Match Products,marketing-and-conversion-checkout-order-limits,2,4.7,0,50,0,1e-09,0.0,
mixam,Mixam: Print On Demand,finding-products-sourcing-options-print-on-demand-pod,2,1.0,0,67,0,1e-09,0.0,
moq-manager,MOQ Manager,marketing-and-conversion-checkout-order-limits,2,5.0,0,52,0,1e-09,0.0,
moshocart-mobile-app-builder,Moshocart ‑ Mobile App Builder,store-design-storefronts-mobile-app-builder,2,5.0,0,49,0,1e-09,0.0,
msg91,MSG91,marketing-and-conversion-marketing-abandoned-cart,2,4.5,0,62,0,1e-09,0.0,
multiple-bar-by-zooomy,Sticky Add to Cart Bar Ace,store-design-notifications-banners,2,5.0,0,83,0,1e-09,0.0,
my-search-app,FILSER AI Search & Filter,store-design-search-and-navigation-search-and-filters,2,5.0,0,69,0,1e-09,0.0,
mz-size-charts,DEVNZO Size Chart & Size Guide,store-design-product-display-product-comparison,2,5.0,0,36,0,1e-09,0.0,
nexbyte-app,NexByte ‑ Mobile App Builder,store-design-storefronts-mobile-app-builder,2,5.0,0,53,0,1e-09,0.0,
nfteapot,NFTeapot,selling-products-digital-goods-and-services-nfts-and-tokengating,2,3.0,0,5,0,1e-09,0.0,
nightjar,Nightjar: AI Product Photos,store-design-images-and-media-image-editor,2,4.9,0,67,0,1e-09,0.0,
octilo-3d-product-configurator,Octilo 3D Product Configurator,store-design-images-and-media-3d-ar-vr,2,5.0,0,35,0,1e-09,0.0,
omnibus-compliant-price,Omnibus ‑ EU Compliant Price,selling-products-pricing-pricing-optimization,2,5.0,0,59,0,1e-09,0.0,
omnibus-price-on-autopilot,Omnibus Price On Autopilot,selling-products-pricing-pricing-optimization,2,4.9,0,82,0,1e-09,0.0,
orangeconnex,OrangeConnex,orders-and-shipping-orders-order-tracking,2,3.0,0,73,0,1e-09,0.0,
order-editing-1,Drilly: Order Editing & Upsell,orders-and-shipping-orders-order-editing,2,5.0,0,47,0,1e-09,0.0,
order-related-documents,OrderDocs Pro Print & Email,selling-products-digital-goods-and-services-digital-products,2,5.0,0,47,0,1e-09,0.0,
orderrules-limit-sales,OrderRules ‑ Limits & Delivery,marketing-and-conversion-checkout-order-limits,2,5.0,0,28,0,1e-09,0.0,
osom-post-purchase-surveys,OSOM Post Purchase Surveys,store-management-support-surveys,2,2.7,0,66,0,1e-09,0.0,
pa-product-collection-sort,PA: Product & Collection sort,store-design-product-display-collections,2,5.0,0,66,0,1e-09,0.0,
parcel-track-order-tracking,Parcel Track ‑ Order Tracking,orders-and-shipping-orders-order-tracking,2,5.0,0,47,0,1e-09,0.0,
parkour-snapchat-pixel,Parkour: Snapchat Pixel & API,marketing-and-conversion-advertising-ads,2,5.0,0,67,0,1e-09,0.0,
passonext,PassoNext: DPP for EU,store-design-content-product-content,2,5.0,0,37,0,1e-09,0.0,
paydrop,PayDrop,selling-products-digital-goods-and-services-digital-products,2,5.0,0,57,0,1e-09,0.0,
paypal-palsync,PalSync ‑ PayPal Tracking Sync,orders-and-shipping-orders-order-tracking,2,5.0,0,66,0,1e-09,0.0,
payu-commercepro-checkout,PayU CommercePro Checkout,store-management-security-accounts-and-login,2,3.0,0,33,0,1e-09,0.0,
peak-pim,Peak PIM ‑ Catalog Manager,store-management-operations-bulk-editor,2,5.0,0,43,0,1e-09,0.0,
pennylane-order-invoicer,Connecteur factures Pennylane,orders-and-shipping-orders-invoices-and-receipts,2,5.0,0,73,0,1e-09,0.0,
photo-frame-customizer,Photo Frame Customizer – Live,selling-products-custom-products-custom-file-upload,2,5.0,0,41,0,1e-09,0.0,
pictifyai,PictifyAI,store-design-images-and-media-image-editor,2,5.0,0,85,0,1e-09,0.0,
planera,Planera: Merchandising App,store-design-product-display-collections,2,5.0,0,60,0,1e-09,0.0,
plastic-pledge-by-oceanworks,PlasticPledge by Oceanworks,marketing-and-conversion-customer-loyalty-donations,2,5.0,0,50,0,1e-09,0.0,
pond-threads,Merch Farm ‑ Premium Apparel,finding-products-sourcing-options-print-on-demand-pod,2,5.0,0,78,0,1e-09,0.0,
posmodule,POS Module RKSV,sales-channels-selling-in-person-retail,2,4.0,0,64,0,1e-09,0.0,
powr-weather,POWR: Live Weather Forecast,store-design-design-elements-animation-and-effects,2,5.0,0,45,0,1e-09,0.0,
preloaderx-keep-them-engaged,PreloaderX: Keep Them Engaged,store-design-design-elements-animation-and-effects,2,3.1,0,43,0,1e-09,0.0,
pricing-a-b-experiment,Pricing A/B Testing,selling-products-pricing-pricing-optimization,2,5.0,0,81,0,1e-09,0.0,
printeers,Printeers: Print on Demand,finding-products-sourcing-options-print-on-demand-pod,2,5.0,0,81,0,1e-09,0.0,
printumo-art-print-on-demand,Printumo: Print on Demand Art,finding-products-sourcing-options-dropshipping,2,5.0,0,39,0,1e-09,0.0,
prodofoto,Prodofoto: AI Product Photos,store-design-images-and-media-image-editor,2,5.0,0,55,0,1e-09,0.0,
product-countdown-pro,Product Countdown Pro,marketing-and-conversion-upsell-and-bundles-countdown-timer,2,3.0,0,62,0,1e-09,0.0,
product-faq-3,"FAQ Expert: Page, Product FAQs",store-management-support-faq,2,5.0,0,18,0,1e-09,0.0,
product-feeds-generator-by-amasty,FeedFusion: Product Feed Sync,sales-channels-selling-online-product-feeds,2,5.0,0,35,0,1e-09,0.0,
product-timer,Smart Product Timer,marketing-and-conversion-upsell-and-bundles-countdown-timer,2,4.0,0,64,0,1e-09,0.0,
protect-package-protection,Get Plus ‑ AI Commerce OS,orders-and-shipping-returns-and-warranty-warranties-and-insurance,2,5.0,0,35,0,1e-09,0.0,
proxifind,ProxiFind — Store Locator,sales-channels-selling-in-person-store-locator,2,5.0,0,62,0,1e-09,0.0,
pumper-ai-slide-cart-drawer,Pumper AI Slide Cart Drawer,marketing-and-conversion-checkout-cart-customization,2,5.0,0,82,0,1e-09,0.0,
push-down-oos,Redsun: Out of Stock Manager,store-design-product-display-collections,2,5.0,0,31,0,1e-09,0.0,
pwc-customer-pages-wishlist,PWC: New Customer Accounts,marketing-and-conversion-customer-loyalty-wishlists,2,5.0,0,73,0,1e-09,0.0,
qallix-app,Qallix,orders-and-shipping-inventory-erp,2,5.0,0,39,0,1e-09,0.0,
qksource,Qksource: Winning Source,finding-products-sourcing-options-print-on-demand-pod,2,1.0,0,71,0,1e-09,0.0,
qorix-popup,Qorix Popup & Spin Wheel,store-design-notifications-pop-ups,2,5.0,0,41,0,1e-09,0.0,
quantitylock,QuantityLock ‑ Product Limits,marketing-and-conversion-checkout-order-limits,2,5.0,0,34,0,1e-09,0.0,
quick-draft,Quick Draft,orders-and-shipping-orders-order-editing,2,5.0,0,34,0,1e-09,0.0,
rank-eease,ReturnHQ,orders-and-shipping-returns-and-warranty-returns-and-exchanges,2,5.0,0,53,0,1e-09,0.0,
ranktail-ai-seo-and-geo,Ranktail: AI SEO & Monitoring,store-design-product-display-collections,2,5.0,0,26,0,1e-09,0.0,
recently-added-product-collections,Talon Recent Collections,store-design-product-display-collections,2,3.0,0,68,0,1e-09,0.0,
refactor-wishlist,R+ Wishlist | Save for later,marketing-and-conversion-customer-loyalty-wishlists,2,5.0,0,40,0,1e-09,0.0,
reframe,ReframeHQ,store-design-images-and-media-image-editor,2,3.6,0,66,0,1e-09,0.0,
rekitr-subscription-app,Rekitr Subscriptions App,selling-products-payments-subscriptions,2,5.0,0,72,0,1e-09,0.0,
remind-stock-notification,Back in Stock Alert | RN,marketing-and-conversion-upsell-and-bundles-pre-orders,2,5.0,0,37,0,1e-09,0.0,
reorbit-1,REORBIT,marketing-and-conversion-marketing-email-marketing,2,5.0,0,48,0,1e-09,0.0,
retail-labels,Retail Labels and Validation,sales-channels-selling-in-person-retail,2,5.0,0,40,0,1e-09,0.0,
retaillink,RetailLink ‑ Store Attribution,sales-channels-selling-in-person-store-locator,2,5.0,0,55,0,1e-09,0.0,
retroorder,RetroOrder: Order Editing,orders-and-shipping-orders-order-editing,2,5.0,0,24,0,1e-09,0.0,
reveni,Reveni Returns & Exchanges,orders-and-shipping-returns-and-warranty-returns-and-exchanges,2,5.0,0,47,0,1e-09,0.0,
reverto,Reverto : Return & Exchange,orders-and-shipping-returns-and-warranty-returns-and-exchanges,2,4.4,0,81,0,1e-09,0.0,
routific-route-planning,Routific ‑ Route Planning,orders-and-shipping-shipping-solutions-delivery-and-pickup,2,5.0,0,87,0,1e-09,0.0,
ruffruff-selling-periods,RuffRuff Selling Periods,marketing-and-conversion-upsell-and-bundles-countdown-timer,2,5.0,0,28,0,1e-09,0.0,
sac-by-catapp,Sticky Add to Cart Bar,store-design-notifications-banners,2,5.0,0,78,0,1e-09,0.0,
scanowl,ScanOwl ‑ QR Code Generator,sales-channels-selling-in-person-retail,2,1.0,0,57,0,1e-09,0.0,
scope,Scope: Post Purchase Survey AI,store-management-support-surveys,2,4.1,0,59,0,1e-09,0.0,
sdspod,PeaPrint: Print on Demand,finding-products-sourcing-options-print-on-demand-pod,2,4.0,0,45,0,1e-09,0.0,
search-hider,Search Veil,store-design-search-and-navigation-search-and-filters,2,5.0,0,72,0,1e-09,0.0,
seasonal-effects,Qe: Seasonal Effects & Decor,store-design-design-elements-animation-and-effects,2,5.0,0,46,0,1e-09,0.0,
sema-api,SEMA Data Plugin,store-design-search-and-navigation-navigation-and-menus,2,1.0,0,63,0,1e-09,0.0,
sendbyte,SendByte: AI Cart Recovery,marketing-and-conversion-marketing-email-marketing,2,5.0,0,62,0,1e-09,0.0,
sense-privacy,Sense Privacy,store-design-internationalization-cookie-consent,2,3.0,0,14,0,1e-09,0.0,
seo-ai-metagenius,AI SEO Meta Tags Generator,store-design-content-product-content,2,5.0,0,58,0,1e-09,0.0,
seo45-ai,SEO45 AI SEO & Auto Blog,store-design-content-blogs,2,5.0,0,74,0,1e-09,0.0,
sequenzy,"Sequenzy: Email Marketing, SMS",marketing-and-conversion-marketing-email-marketing,2,5.0,0,54,0,1e-09,0.0,
serializeit,SerializeIt ‑ Serial Numbering,orders-and-shipping-returns-and-warranty-warranties-and-insurance,2,5.0,0,46,0,1e-09,0.0,
setpilot,Setpilot • AI Profit Analytics,store-management-finances-accounting,2,5.0,0,75,0,1e-09,0.0,
shield,Shield Shipping Protection,orders-and-shipping-returns-and-warranty-warranties-and-insurance,2,5.0,0,47,0,1e-09,0.0,
shieldkit,ShieldKit: Google Merchant Fix,store-management-security-legal,2,3.5,0,72,0,1e-09,0.0,
shindig,Shindig: Fundraising Events,store-design-search-and-navigation-navigation-and-menus,2,5.0,0,66,0,1e-09,0.0,
shop-and-support,Shop & Support by Little Phil,marketing-and-conversion-customer-loyalty-donations,2,5.0,0,39,0,1e-09,0.0,
shop-shield,Shop Shield Pro,store-management-security-anti-theft,2,5.0,0,17,0,1e-09,0.0,
shop-story,ShopStory | IG Shoppable Reels,store-design-images-and-media-video-and-livestream,2,5.0,0,70,0,1e-09,0.0,
shoppable-posts,Shoppable Posts ‑ blog to bag,store-design-content-blogs,2,5.0,0,53,0,1e-09,0.0,
shoppy-store-locator,Shoppy Store Locator,sales-channels-selling-in-person-store-locator,2,5.0,0,53,0,1e-09,0.0,
shopspot-store-locator,ShopSpot Store Locator,sales-channels-selling-in-person-store-locator,2,5.0,0,43,0,1e-09,0.0,
signal-house,Signal House,marketing-and-conversion-marketing-sms-marketing,2,5.0,0,62,0,1e-09,0.0,
site-search-360,360 product search and filters,store-design-search-and-navigation-navigation-and-menus,2,3.7,0,65,0,1e-09,0.0,
smart-store-locator,Smart Store Locator,sales-channels-selling-in-person-store-locator,2,1.0,0,50,0,1e-09,0.0,
smart-subscriptions,SMART Subscriptions App,selling-products-payments-subscriptions,2,0.0,0,62,0,1e-09,0.0,
smoothse,SmoothSe,orders-and-shipping-inventory-erp,2,5.0,0,28,0,1e-09,0.0,
smsa-express,SMSA Shipping App. (official),orders-and-shipping-orders-order-tracking,2,1.6,0,55,0,1e-09,0.0,
soply-purchase-limits,Soply Purchase Limits Quantity,marketing-and-conversion-checkout-order-limits,2,5.0,0,30,0,1e-09,0.0,
sp-login-as-customer,SP Login As Customer,store-management-security-accounts-and-login,2,5.0,0,34,0,1e-09,0.0,
spectre-form-builder,Spectre: Contact Form Builder,store-design-notifications-forms,2,5.0,0,44,0,1e-09,0.0,
spexy,Specification Table ‑ Spexy,store-design-product-display-product-comparison,2,4.0,0,54,0,1e-09,0.0,
spl-split-orders,SPL‑ Split Orders,orders-and-shipping-orders-order-editing,2,5.0,0,57,0,1e-09,0.0,
standard-parts-toolkit,SPT: Auto Parts Fitment,store-design-search-and-navigation-search-and-filters,2,5.0,0,42,0,1e-09,0.0,
stockinstore-store-locator,stockinstore Store Locator,sales-channels-selling-in-person-store-locator,2,5.0,0,28,0,1e-09,0.0,
store-locator-store-finders,CBmap Store Locator & Stockist,sales-channels-selling-in-person-store-locator,2,3.2,0,49,0,1e-09,0.0,
storemapdirectory,Locateify Store Map Directory,sales-channels-selling-in-person-store-locator,2,5.0,0,32,0,1e-09,0.0,
subscription-app-3,Product Subscriptions App,selling-products-payments-subscriptions,2,5.0,0,35,0,1e-09,0.0,
superpops,Superpop: Spin to Win Popup,store-design-notifications-pop-ups,2,5.0,0,96,0,1e-09,0.0,
supremo,Inventory Management Supremo,orders-and-shipping-inventory-inventory-optimization,2,5.0,0,80,0,1e-09,0.0,
surepath-protection,SurePath Protection,orders-and-shipping-returns-and-warranty-warranties-and-insurance,2,5.0,0,34,0,1e-09,0.0,
survey-2,Zoww Post Purchase Survey NPS,store-management-support-surveys,2,5.0,0,35,0,1e-09,0.0,
svzconnector,SVZ FULFILLMENT CONNECTOR,orders-and-shipping-inventory-erp,2,5.0,0,42,0,1e-09,0.0,
taggrs-server-side-tracking,TAGGRS ‑ Server Side Tracking,marketing-and-conversion-advertising-ads,2,5.0,0,83,0,1e-09,0.0,
tagify-customer-orders-tag,Tagify ‑ Customer & Orders Tag,orders-and-shipping-orders-order-editing,2,5.0,0,55,0,1e-09,0.0,
tax-exempt-checkout-1,DIY Tax Exempt Checkout,store-management-finances-taxes,2,3.5,0,59,0,1e-09,0.0,
tax-invoice,Indisnw: Tax Invoice,orders-and-shipping-orders-invoices-and-receipts,2,5.0,0,88,0,1e-09,0.0,
telegram-notifier,EasyGo13 Telegram Stream,store-management-operations-staff-notifications,2,4.0,0,29,0,1e-09,0.0,
termguard-terms-conditions,TermGuard ‑ Terms & Conditions,store-management-security-legal,2,5.0,0,67,0,1e-09,0.0,
textme-sms,TextMe: SMS Marketing,marketing-and-conversion-marketing-sms-marketing,2,5.0,0,48,0,1e-09,0.0,
tiktimonial,Embed TikTok Videos,store-design-images-and-media-video-and-livestream,2,5.0,0,69,0,1e-09,0.0,
tinify-image-optimization,Tinify ‑ Image Optimization,store-design-images-and-media-image-editor,2,1.0,0,59,0,1e-09,0.0,
tixator-sell-event-tickets,Tixator ‑ Sell Event Tickets,selling-products-digital-goods-and-services-event-booking,2,5.0,0,30,0,1e-09,0.0,
toolstr-inventric,Inventric: Location Inventory,marketing-and-conversion-upsell-and-bundles-stock-alerts,2,5.0,0,79,0,1e-09,0.0,
trackable-order-status,Trackable ‑ Order Tracking,orders-and-shipping-orders-order-tracking,2,5.0,0,61,0,1e-09,0.0,
trello-tools,Trello Tools,orders-and-shipping-inventory-erp,2,5.0,0,31,0,1e-09,0.0,
trimly-dtf,Trimly ‑ DTF,selling-products-custom-products-custom-file-upload,2,5.0,0,66,0,1e-09,0.0,
trueview,TrueView AI: Product Reviews,marketing-and-conversion-social-trust-product-reviews,2,5.0,0,78,0,1e-09,0.0,
trust-badges-icons,Octilo Trust Badges & Alerts,store-design-notifications-banners,2,5.0,0,90,0,1e-09,0.0,
tryonaishopfy,TryOnAI Virtual Fitting Room,store-design-images-and-media-3d-ar-vr,2,5.0,0,49,0,1e-09,0.0,
tryonme-virtual-try-on,TryOnMe Glasses Virtual Try On,store-design-images-and-media-3d-ar-vr,2,5.0,0,33,0,1e-09,0.0,
tryyou,Try You : AI Virtual Try On,store-design-images-and-media-3d-ar-vr,2,5.0,0,34,0,1e-09,0.0,
twig-announcement-bar,Twig: Urgency Announcement Bar,store-design-notifications-banners,2,5.0,0,67,0,1e-09,0.0,
upsellfly-order-limit-quantity,UpsellFly:Order Limit Quantity,marketing-and-conversion-checkout-order-limits,2,1.0,0,59,0,1e-09,0.0,
upsify,Upsify: Shipping Insurance,orders-and-shipping-returns-and-warranty-warranties-and-insurance,2,5.0,0,44,0,1e-09,0.0,
uttik-ai-faq-aeo,Store FAQs :Support Automation,store-management-support-faq,2,5.0,0,29,0,1e-09,0.0,
vbrite,Vbrite,selling-products-digital-goods-and-services-event-booking,2,1.5,0,57,0,1e-09,0.0,
vdo-product-video-feed,VDO Product Video Feed,sales-channels-selling-online-product-feeds,2,5.0,0,82,0,1e-09,0.0,
vencru,Vencru,store-management-finances-accounting,2,5.0,0,80,0,1e-09,0.0,
video-player-by-bplugins,Video Player by bPlugins,store-design-design-elements-animation-and-effects,2,5.0,0,20,0,1e-09,0.0,
videomagic,VideoMagic: AI Product Videos,store-design-images-and-media-video-and-livestream,2,5.0,0,46,0,1e-09,0.0,
vidhash,Vidhash Shoppable Video & CDP,store-design-images-and-media-video-and-livestream,2,5.0,0,83,0,1e-09,0.0,
vipps-companion,Vipps/MobilePay Companion,store-design-design-elements-badges-and-icons,2,2.5,0,84,0,1e-09,0.0,
virtual-try-on-1,Nivera Virtual Try On,store-design-images-and-media-3d-ar-vr,2,5.0,0,51,0,1e-09,0.0,
voyado-engage,Voyado: AI Marketing & Loyalty,marketing-and-conversion-marketing-email-marketing,2,4.0,0,78,0,1e-09,0.0,
wavexp-playlist-music-player,WavExp: Playlist Music Player,store-design-design-elements-animation-and-effects,2,5.0,0,16,0,1e-09,0.0,
webgains-affiliate-marketing,Webgains Affiliate Marketing,marketing-and-conversion-advertising-affiliate-programs,2,1.2,0,61,0,1e-09,0.0,
webkul-live-commerce,Webkul Live Commerce,store-design-images-and-media-video-and-livestream,2,5.0,0,77,0,1e-09,0.0,
weblly,Weblly Vibe Coding AI Builder,store-design-storefronts-page-builder,2,5.0,0,76,0,1e-09,0.0,
weyify-pos-by-weight,Weyify POS by Weight,sales-channels-selling-in-person-retail,2,3.7,0,66,0,1e-09,0.0,
whatsapp-click-to-chat,WhatsApp Chat ‑ Click2Chat,store-management-support-chat,2,5.0,0,57,0,1e-09,0.0,
whatsellsai,WhatAI: WhatsApp Chat & AI,store-management-support-chat,2,5.0,0,58,0,1e-09,0.0,
widerruf-app,EasyWi ‑ EU Withdrawal Button,store-management-security-legal,2,5.0,0,50,0,1e-09,0.0,
wishkeeper,wishkeeper,marketing-and-conversion-customer-loyalty-wishlists,2,5.0,0,54,0,1e-09,0.0,
wishlist-36,Basic Wishlist,marketing-and-conversion-customer-loyalty-wishlists,2,2.0,0,65,0,1e-09,0.0,
wishlist-flow,Wishlist Flow By Xavier,marketing-and-conversion-customer-loyalty-wishlists,2,5.0,0,43,0,1e-09,0.0,
wishlist-webmavens,Simple Wishlist,marketing-and-conversion-customer-loyalty-wishlists,2,3.0,0,68,0,1e-09,0.0,
wishmate,WishMate ‑ Wishlist Pro,marketing-and-conversion-customer-loyalty-wishlists,2,5.0,0,48,0,1e-09,0.0,
workfeed,Workfeed,store-management-operations-staff-notifications,2,5.0,0,10,0,1e-09,0.0,
ws-vidcart,WS Vidcart – Shoppable Videos,store-design-images-and-media-video-and-livestream,2,5.0,0,61,0,1e-09,0.0,
zatca-connector,QuiXcel ZATCA connector,store-management-finances-taxes,2,5.0,0,54,0,1e-09,0.0,
zentra-announcement-bar,Zentra Announcement Bar,store-design-notifications-banners,2,5.0,0,89,0,1e-09,0.0,
zonvi-low-stock-counter,Zonvi: Low Stock Counter,marketing-and-conversion-upsell-and-bundles-stock-alerts,2,5.0,0,83,0,1e-09,0.0,
17returns,17RETURNS Returns & Exchanges,orders-and-shipping-returns-and-warranty-returns-and-exchanges,1,5.0,0,36,0,1e-09,0.0,
2boys-wholesale-b2b-suite,2Boys: Wholesale B2B Suite,selling-products-pricing-pricing-quotes,1,5.0,0,71,0,1e-09,0.0,
3d-store,3D XR Store,store-design-images-and-media-3d-ar-vr,1,5.0,0,61,0,1e-09,0.0,
60min-app-mobile-app-builder,60min.app ‑ Mobile App Builder,store-design-storefronts-mobile-app-builder,1,5.0,0,46,0,1e-09,0.0,
accessirank,AccessiRank ADA WCAG EAA,store-design-site-optimization-accessibility,1,5.0,0,38,0,1e-09,0.0,
accurate-logistics,Accurate Logistics,orders-and-shipping-shipping-solutions-delivery-and-pickup,1,5.0,0,76,0,1e-09,0.0,
acumatica-cloud-erp,Acumatica Cloud ERP,orders-and-shipping-inventory-erp,1,5.0,0,26,0,1e-09,0.0,
addify-order-status,COS : Custom Order Status,orders-and-shipping-orders-order-tracking,1,4.0,0,75,0,1e-09,0.0,
adtraction-partner-marketing,Adtraction ‑ Partner Marketing,marketing-and-conversion-advertising-affiliate-programs,1,1.0,0,46,0,1e-09,0.0,
advanced-collection-sort,AC: Sold Out Push Down & Hide,store-design-product-display-collections,1,5.0,0,63,0,1e-09,0.0,
adyko-product-ai-image-editor,AI Image Editor,store-design-images-and-media-image-editor,1,5.0,0,81,0,1e-09,0.0,
agentic-attribute-ai,Agentic Attribute AI,store-management-operations-bulk-editor,1,5.0,0,81,0,1e-09,0.0,
ai-code-fixer,Ai theme Code Editor,store-design-storefronts-page-builder,1,5.0,0,74,0,1e-09,0.0,
ai-instafeed,Ecom : AI Instafeed Expert,store-design-images-and-media-image-gallery,1,5.0,0,55,0,1e-09,0.0,
ai-product-descriptions,ChatGPT AI Product Description,store-design-content-product-content,1,2.0,0,60,0,1e-09,0.0,
aims360,AIMS 360 Fashion Business ERP,orders-and-shipping-inventory-erp,1,5.0,0,47,0,1e-09,0.0,
ainfluencer,Ainfluencer: Affiliate Program,marketing-and-conversion-advertising-affiliate-programs,1,1.0,0,52,0,1e-09,0.0,
air-estimated-delivery-date,Avada Estimated Delivery Date,orders-and-shipping-shipping-solutions-delivery-and-pickup,1,5.0,0,51,0,1e-09,0.0,
ait-estimated-delivery,AIT Estimated Delivery Date,marketing-and-conversion-upsell-and-bundles-countdown-timer,1,5.0,0,61,0,1e-09,0.0,
aitaca-digital-ring-sizing,AI Ring Sizer & Size Guide,store-design-product-display-product-comparison,1,5.0,0,48,0,1e-09,0.0,
akeneo-pim-app,Akeneo PIM App,sales-channels-selling-online-store-data-importer,1,5.0,0,77,0,1e-09,0.0,
alertly,Alertly ‑ Store Monitoring,store-management-operations-staff-notifications,1,5.0,0,34,0,1e-09,0.0,
alphasprouts-nft-promos,AlphaSprouts NFT Power‑Ups,selling-products-digital-goods-and-services-nfts-and-tokengating,1,5.0,0,7,0,1e-09,0.0,
alt-magic-pro,Alt Magic ‑ AI Alt Text,store-design-site-optimization-accessibility,1,4.0,0,34,0,1e-09,0.0,
amazon-mcf-by-m2e,Amazon MCF/ Walmart MCS by M2E,orders-and-shipping-shipping-solutions-third-party-logistics-3pl,1,5.0,0,40,0,1e-09,0.0,
amojo-product-image-translator,Amojo Product Image Translator,store-design-internationalization-currency-and-translation,1,5.0,0,49,0,1e-09,0.0,
amoni-subscriptions,Amoni Subscriptions,selling-products-payments-subscriptions,1,5.0,0,67,0,1e-09,0.0,
ample,Ample ‑ Sustainable Impact,marketing-and-conversion-customer-loyalty-donations,1,5.0,0,36,0,1e-09,0.0,
animated-store-effects,ASE Animated Store Effects,store-design-design-elements-animation-and-effects,1,5.0,0,21,0,1e-09,0.0,
antikatavoli-cod-fee,Codllect COD Fee‑Antikatavoli,selling-products-payments-pay-later,1,5.0,0,52,0,1e-09,0.0,
anty-spy,"Anti Spy ‑ Filter, Blocker",store-management-security-anti-theft,1,5.0,0,34,0,1e-09,0.0,
anyfication,Anyfication,store-management-operations-staff-notifications,1,5.0,0,35,0,1e-09,0.0,
appify-it,Appify.it ‑ Mobile App Builder,store-design-storefronts-mobile-app-builder,1,5.0,0,55,0,1e-09,0.0,
appify-survey-honey,Appify: Survey & Poll Builder,store-management-support-surveys,1,5.0,0,31,0,1e-09,0.0,
aptbook-appointment-booking,Appointment Booking Aptbook,store-design-images-and-media-video-and-livestream,1,5.0,0,37,0,1e-09,0.0,
arborday,Arbor Day Foundation,marketing-and-conversion-customer-loyalty-donations,1,5.0,0,43,0,1e-09,0.0,
au-post-returns-production,Returns Plus ‑ Australia Post,orders-and-shipping-returns-and-warranty-returns-and-exchanges,1,1.0,0,80,0,1e-09,0.0,
auto-alt-text-by-pixc,Pixc: AI Auto Alt Text,store-design-site-optimization-accessibility,1,5.0,0,35,0,1e-09,0.0,
auto-packing-slip,AMNYA: Auto Packing Slip,store-management-operations-staff-notifications,1,5.0,0,27,0,1e-09,0.0,
autofinder-uk,AutoFinder UK,store-design-search-and-navigation-search-and-filters,1,5.0,0,71,0,1e-09,0.0,
autoshippingbar,autoShip | Free Shipping Bar,store-design-notifications-banners,1,5.0,0,88,0,1e-09,0.0,
b2b-customer-impersonation,B2B Order Agent,orders-and-shipping-orders-order-editing,1,4.0,0,63,0,1e-09,0.0,
b2b-onboard-production,B2B Onboard,store-design-notifications-forms,1,5.0,0,40,0,1e-09,0.0,
batchcard,BatchCard: Bulk Gift Cards,marketing-and-conversion-gifts-gift-cards,1,5.0,0,14,0,1e-09,0.0,
batchly,Batchly: Lot & Expiry Tracking,orders-and-shipping-inventory-inventory-optimization,1,5.0,0,61,0,1e-09,0.0,
bestrank-sales-sorting,Best Seller Sync ‑ Auto Update,store-design-product-display-collections,1,5.0,0,56,0,1e-09,0.0,
bidit,Bidit,selling-products-pricing-pricing-optimization,1,5.0,0,63,0,1e-09,0.0,
bl-content-protection,BL Content Protection,store-management-security-anti-theft,1,5.0,0,28,0,1e-09,0.0,
blockify-shipping-protection,Blockify: Shipping Protection,orders-and-shipping-returns-and-warranty-warranties-and-insurance,1,5.0,0,23,0,1e-09,0.0,
boo-omnibus-price-history,BOO Omnibus Price History,store-management-security-legal,1,5.0,0,76,0,1e-09,0.0,
bookd,Book'd,selling-products-digital-goods-and-services-event-booking,1,5.0,0,36,0,1e-09,0.0,
bookique-production-allow,Appointment Booking Bookique,selling-products-digital-goods-and-services-event-booking,1,5.0,0,45,0,1e-09,0.0,
brainmix-promo-effects,BrainMix Promo Effects,store-design-design-elements-animation-and-effects,1,5.0,0,42,0,1e-09,0.0,
brilliant,Brilliant: AI Sales Expert,store-design-search-and-navigation-search-and-filters,1,5.0,0,34,0,1e-09,0.0,
bs-faqs,BS FAQs,store-management-support-faq,1,5.0,0,35,0,1e-09,0.0,
bs-quick-view,Quick View,store-design-notifications-pop-ups,1,3.0,0,91,0,1e-09,0.0,
bspk-clienteling,BSPK Clienteling and CRM,sales-channels-selling-in-person-retail,1,5.0,0,59,0,1e-09,0.0,
buchhaltungsbutler-api,BuchhaltungsButler Integration,store-management-finances-accounting,1,3.0,0,78,0,1e-09,0.0,
bulk-ai-crop-and-edit-photos,Crop.photo Bulk Image Resizer,store-design-images-and-media-image-editor,1,5.0,0,52,0,1e-09,0.0,
bulk-ai-product-merge,MergeMaster ‑ AI Product Merge,store-management-operations-bulk-editor,1,5.0,0,72,0,1e-09,0.0,
bulk-order-pickup-manager,Gizmo: Bulk Pickup Manager,orders-and-shipping-orders-order-editing,1,5.0,0,49,0,1e-09,0.0,
bulktranslate,BulkTranslate,store-design-internationalization-currency-and-translation,1,4.0,0,69,0,1e-09,0.0,
busy-meter,Busy Meter,marketing-and-conversion-upsell-and-bundles-countdown-timer,1,5.0,0,65,0,1e-09,0.0,
buttonizer,Buttonizer: Buttons & Widgets,store-design-design-elements-badges-and-icons,1,5.0,0,76,0,1e-09,0.0,
callback-button,CallbackRequest,store-design-notifications-forms,1,5.0,0,75,0,1e-09,0.0,
callexa-feedback,Callexa NPS Feedback,store-management-support-surveys,1,5.0,0,51,0,1e-09,0.0,
cartshare-3,CartShare ‑ Easy Cart Sharing,marketing-and-conversion-customer-loyalty-wishlists,1,1.0,0,70,0,1e-09,0.0,
cash-on-delivery-cod,Amai COD ‑ Cash on Delivery,selling-products-payments-pay-later,1,1.0,0,53,0,1e-09,0.0,
cashfree-smartsell,Cashfree BNPL Plus,selling-products-payments-payment-experience,1,5.0,0,14,0,1e-09,0.0,
cashod,Cashod,sales-channels-selling-online-store-data-importer,1,5.0,0,86,0,1e-09,0.0,
channeldock,ChannelDock,orders-and-shipping-inventory-inventory-sync,1,5.0,0,75,0,1e-09,0.0,
chapters,Chapters LMS,selling-products-digital-goods-and-services-digital-products,1,5.0,0,38,0,1e-09,0.0,
chargeblock,ChargeBlock: Stop Chargebacks,store-management-security-fraud,1,5.0,0,63,0,1e-09,0.0,
chatbuster-app,ChatBuster AI Live Chatbot,store-management-support-faq,1,5.0,0,33,0,1e-09,0.0,
christmas-snowflake,Christmas Snowflake,store-design-design-elements-animation-and-effects,1,5.0,0,50,0,1e-09,0.0,
ci-product-designer,Custom Product Personalizer,selling-products-custom-products-custom-file-upload,1,5.0,0,64,0,1e-09,0.0,
ci-vat-dual-price,CI VAT Dual Price,store-management-finances-taxes,1,5.0,0,49,0,1e-09,0.0,
circuly-rental-subscriptions,circuly Rental & Subscriptions,selling-products-payments-subscriptions,1,5.0,0,50,0,1e-09,0.0,
cleanhub,CleanHub,marketing-and-conversion-customer-loyalty-donations,1,5.0,0,38,0,1e-09,0.0,
clearstock,ClearStock,selling-products-pricing-pricing-optimization,1,5.0,0,69,0,1e-09,0.0,
climategames,Restore nature @ Climategames,marketing-and-conversion-customer-loyalty-donations,1,5.0,0,53,0,1e-09,0.0,
cod-order-form,Leadify ‑ COD Order Form,selling-products-payments-pay-later,1,5.0,0,49,0,1e-09,0.0,
cod-order-sms-verifier-master,COD Order SMS Verifier Master,selling-products-payments-pay-later,1,5.0,0,47,0,1e-09,0.0,
codem-cart-restriction,Codem: Cart Limiter,marketing-and-conversion-checkout-order-limits,1,1.0,0,60,0,1e-09,0.0,
codfacile,CODFacile,orders-and-shipping-shipping-solutions-third-party-logistics-3pl,1,5.0,0,22,0,1e-09,0.0,
codfee-set-codfee,CODfee ‑ Set COD fee,selling-products-payments-pay-later,1,5.0,0,27,0,1e-09,0.0,
codverify-1,CodVerify ‑ COD Order Verify,store-management-security-fraud,1,5.0,0,52,0,1e-09,0.0,
collection-slider,Qe Slider ‑ Carousel Slider,store-design-product-display-collections,1,5.0,0,54,0,1e-09,0.0,
collection-toolkit,Collection Toolkit,store-management-operations-bulk-editor,1,5.0,0,91,0,1e-09,0.0,
commited,cOmmited,marketing-and-conversion-customer-loyalty-donations,1,5.0,0,47,0,1e-09,0.0,
comparison-tables,CN Comparison Tables,store-design-product-display-product-comparison,1,5.0,0,70,0,1e-09,0.0,
completeful,Completeful: Print on Demand,finding-products-sourcing-options-print-on-demand-pod,1,5.0,0,59,0,1e-09,0.0,
contact-button-widgets,Contact Button ‑ Widget Apps,store-design-notifications-forms,1,5.0,0,68,0,1e-09,0.0,
content-protection,Content Protection by Webyze,store-management-security-anti-theft,1,4.0,0,33,0,1e-09,0.0,
contona-studio,Contona ‑ AI Creative Studio,store-design-images-and-media-image-editor,1,5.0,0,82,0,1e-09,0.0,
conveythis-ai-store-translator,Convey: AI & Human Translate,store-design-internationalization-currency-and-translation,1,5.0,0,43,0,1e-09,0.0,
cookiepal,"CookiePal: GDPR, LGPD & CCPA",store-design-internationalization-cookie-consent,1,5.0,0,29,0,1e-09,0.0,
cordial,Cordial,marketing-and-conversion-marketing-sms-marketing,1,5.0,0,71,0,1e-09,0.0,
cotiza,Cotiza ‑ Quote Generator,selling-products-pricing-pricing-quotes,1,5.0,0,70,0,1e-09,0.0,
countdown-by-widgetic,Widgetic (Countdown Timer),marketing-and-conversion-upsell-and-bundles-countdown-timer,1,1.0,0,50,0,1e-09,0.0,
countdown-timer-13,Urgency Countdown Timer Bar,store-design-notifications-banners,1,5.0,0,29,0,1e-09,0.0,
countdown-timer-bar-3,Pulse: Countdown Timer Bar,marketing-and-conversion-upsell-and-bundles-countdown-timer,1,5.0,0,58,0,1e-09,0.0,
countdown-timer-bar-5,WebMobX Countdown Timer Bar,store-design-notifications-banners,1,5.0,0,34,0,1e-09,0.0,
countdown-timer-builder,Focal Countdown Timer Builder,marketing-and-conversion-upsell-and-bundles-countdown-timer,1,2.0,0,46,0,1e-09,0.0,
cr-countdown-timer-bar,CR – Countdown Timer Bar,marketing-and-conversion-upsell-and-bundles-countdown-timer,1,5.0,0,54,0,1e-09,0.0,
crbon-free,CrbonFree: AI Carbon Checkout,marketing-and-conversion-customer-loyalty-donations,1,5.0,0,48,0,1e-09,0.0,
creative-scroll,Novo: Smooth Scroll,store-design-design-elements-animation-and-effects,1,5.0,0,35,0,1e-09,0.0,
credit-card-3,Cartão de Crédito ‑ Asaas,selling-products-payments-payment-experience,1,2.0,0,21,0,1e-09,0.0,
credit-key-on-site-messaging,Credit Key B2B BNPL Messaging,selling-products-payments-payment-experience,1,5.0,0,28,0,1e-09,0.0,
crowdhandler-waiting-room,CrowdHandler Waiting Room,store-management-security-fraud,1,5.0,0,57,0,1e-09,0.0,
crowdin,Crowdin,store-design-internationalization-currency-and-translation,1,1.0,0,70,0,1e-09,0.0,
cursor-chaser-pro,Curse Your Cursor,store-design-design-elements-animation-and-effects,1,5.0,0,49,0,1e-09,0.0,
customer-approval-app,ES Customer Approval,store-design-notifications-forms,1,1.0,0,67,0,1e-09,0.0,
cybertargeter-pixel,CyberTargeter,marketing-and-conversion-advertising-ads,1,5.0,0,92,0,1e-09,0.0,
d2c-dashboard,StoreOps | Store Management,store-management-support-helpdesk,1,5.0,0,54,0,1e-09,0.0,
dadao-ai-tools,Deepflow photo AI editor,store-design-images-and-media-image-editor,1,5.0,0,84,0,1e-09,0.0,
daily-pos,Daily POS: Retail Targets,sales-channels-selling-in-person-retail,1,5.0,0,37,0,1e-09,0.0,
delete-products-bulk,Bulkify | Bulk Delete Products,store-management-operations-bulk-editor,1,5.0,0,66,0,1e-09,0.0,
deliverymatch,DeliveryMatch,orders-and-shipping-shipping-solutions-shipping-rates,1,4.0,0,92,0,1e-09,0.0,
detrics,Detrics Google Sheets & Looker,sales-channels-selling-online-store-data-importer,1,5.0,0,73,0,1e-09,0.0,
devnzo-cod,Devnzo Advance COD,selling-products-payments-pay-later,1,5.0,0,39,0,1e-09,0.0,
dhl-polska,DHL eCommerce (Poland),orders-and-shipping-shipping-solutions-shipping-rates,1,5.0,0,84,0,1e-09,0.0,
disable-shopify-best-sellers-remove-the-bestselling-products-sorting-function,Appsyl's Bestseller Sorting,store-design-search-and-navigation-navigation-and-menus,1,4.0,0,70,0,1e-09,0.0,
discoverai-visual-search,DiscoverAI: Visual Search,store-design-search-and-navigation-search-and-filters,1,4.0,0,44,0,1e-09,0.0,
dropship-protect,Dropship Protect ‑ Spy Protect,store-management-security-anti-theft,1,5.0,0,41,0,1e-09,0.0,
dtguk,DTGUK ‑ Print on Demand,finding-products-sourcing-options-print-on-demand-pod,1,1.0,0,77,0,1e-09,0.0,
dummydata,Dummy Data | Sample Data,store-design-content-product-content,1,4.0,0,67,0,1e-09,0.0,
dupli-products,Dupli Products,store-management-operations-bulk-editor,1,5.0,0,87,0,1e-09,0.0,
duply-duplicate-store,Duply ‑ Duplicate Store & Copy,sales-channels-selling-online-store-data-importer,1,5.0,0,47,0,1e-09,0.0,
dynamic-size-chart,Quick Size Chart & Size Guide,store-design-content-product-content,1,2.0,0,68,0,1e-09,0.0,
easy-product-badge-watermark,Easy Product Badge & Watermark,store-design-images-and-media-image-editor,1,5.0,0,71,0,1e-09,0.0,
easy-quote-1,Easy Quote | カート画面から見積書作成,selling-products-pricing-pricing-quotes,1,5.0,0,81,0,1e-09,0.0,
easy-variant-images-automator,Easy Variant Images Automator,store-design-images-and-media-image-gallery,1,5.0,0,76,0,1e-09,0.0,
easyymm-year-make-model,EasyYMM ‑ Year Make Model,store-design-search-and-navigation-search-and-filters,1,3.0,0,73,0,1e-09,0.0,
eazy-preorders,Eazy Preorders & Back in Stock,marketing-and-conversion-upsell-and-bundles-pre-orders,1,5.0,0,63,0,1e-09,0.0,
ecom-optimizer-1,Ecom optimizer,store-design-content-blogs,1,5.0,0,49,0,1e-09,0.0,
ecom-robo-ai,Ecom Robo AI,orders-and-shipping-orders-order-tracking,1,5.0,0,59,0,1e-09,0.0,
ecommerce-hulk-countdown-timer,EH: Countdown Timer Bar Upsell,marketing-and-conversion-upsell-and-bundles-countdown-timer,1,5.0,0,57,0,1e-09,0.0,
elfsight-weather,Live Weather Forecast by ES,store-design-design-elements-animation-and-effects,1,5.0,0,39,0,1e-09,0.0,
elite-ekart-lite,Elite (Ekart Lite),orders-and-shipping-shipping-solutions-shipping,1,5.0,0,91,0,1e-09,0.0,
ello,Ello Virtual Try‑On,store-design-images-and-media-3d-ar-vr,1,5.0,0,64,0,1e-09,0.0,
elta-courier,ELTA Courier,orders-and-shipping-orders-order-tracking,1,5.0,0,70,0,1e-09,0.0,
email-blocker,SC ‑ Email Blocker,store-management-security-fraud,1,5.0,0,50,0,1e-09,0.0,
embitel-store-locator,Embitel : Store Locator,sales-channels-selling-in-person-store-locator,1,5.0,0,64,0,1e-09,0.0,
emissary,Emissary,orders-and-shipping-shipping-solutions-third-party-logistics-3pl,1,5.0,0,54,0,1e-09,0.0,
emra,"EMRA: Stock Alerts, POs, Tasks",store-management-operations-staff-notifications,1,5.0,0,18,0,1e-09,0.0,
engagement-ring-filter,Jewelry Filter & Search,store-design-search-and-navigation-search-and-filters,1,4.0,0,54,0,1e-09,0.0,
enterprise-pre-order-manager,Enterprise Pre‑Order Manager,marketing-and-conversion-upsell-and-bundles-pre-orders,1,1.0,0,74,0,1e-09,0.0,
envios-da-olist,Envios da Olist,orders-and-shipping-shipping-solutions-shipping-rates,1,5.0,0,79,0,1e-09,0.0,
envision,Envision AI Virtual Try On,store-design-images-and-media-3d-ar-vr,1,5.0,0,63,0,1e-09,0.0,
enwany,Enwany: Saudi National Address,orders-and-shipping-orders-order-editing,1,5.0,0,39,0,1e-09,0.0,
epicapp-ai-videos,Shoppable Videos and UGC Reels,store-design-images-and-media-video-and-livestream,1,5.0,0,49,0,1e-09,0.0,
epp-adult-dropshipping,EPP: Adult Dropshipping,finding-products-sourcing-options-wholesale,1,5.0,0,69,0,1e-09,0.0,
essential-search-optimization,Essential Search Redirects,store-design-search-and-navigation-search-and-filters,1,5.0,0,50,0,1e-09,0.0,
eu-withdrawal,Lifetime: EU Withdrawal Button,store-management-security-legal,1,5.0,0,60,0,1e-09,0.0,
eu-withdrawal-button-3,EU Withdrawal Button Form Pro,orders-and-shipping-returns-and-warranty-returns-and-exchanges,1,5.0,0,73,0,1e-09,0.0,
eu-withdrawal-button-made-easy,EU Withdrawal Button Made Easy,orders-and-shipping-returns-and-warranty-returns-and-exchanges,1,1.0,0,83,0,1e-09,0.0,
event-management-myappgurus,Event Management‑MyAppGurus,selling-products-digital-goods-and-services-event-booking,1,4.0,0,46,0,1e-09,0.0,
eventabee,eventabee Tracking & Consent,store-design-internationalization-cookie-consent,1,5.0,0,27,0,1e-09,0.0,
expressfly-logistics,EXPRESSFLY LOGISTICS,orders-and-shipping-shipping-solutions-third-party-logistics-3pl,1,5.0,0,15,0,1e-09,0.0,
extendons-animated-login,Extendons Animated Login,store-design-design-elements-animation-and-effects,1,5.0,0,53,0,1e-09,0.0,
extra-verification-by-fera-ai,Verifly ID Verification & KYC,store-management-security-fraud,1,5.0,0,69,0,1e-09,0.0,
ez-affiliate-referral,EZ Affiliate & Referral,marketing-and-conversion-customer-loyalty-loyalty-and-rewards,1,5.0,0,41,0,1e-09,0.0,
f-sell-by-weight-for-pos,F: POS Sell by Weight,sales-channels-selling-in-person-retail,1,5.0,0,52,0,1e-09,0.0,
fa-split-partial-deposit-pay,FA: Split Partial Deposit Pay,marketing-and-conversion-upsell-and-bundles-pre-orders,1,1.0,0,75,0,1e-09,0.0,
facturadirecta,FacturaDirecta,store-management-finances-taxes,1,1.0,0,46,0,1e-09,0.0,
faq-14,ET Help Center & FAQ Page,store-management-support-faq,1,5.0,0,45,0,1e-09,0.0,
faq-ai-lobstter,AI FAQ for ChatGPT & GEO,store-management-support-faq,1,5.0,0,36,0,1e-09,0.0,
faq-anywhere-2,FAQ Anywhere ‑ BuildPrompt,store-management-support-faq,1,5.0,0,44,0,1e-09,0.0,
faqq,Qe FAQ Page & Product FAQs,store-management-support-faq,1,5.0,0,43,0,1e-09,0.0,
fastifyai-landing-page-builder,FastifyAI: Landing Page & Blog,store-design-content-blogs,1,5.0,0,77,0,1e-09,0.0,
favo-wishlist,Favo Wishlist,marketing-and-conversion-customer-loyalty-wishlists,1,5.0,0,39,0,1e-09,0.0,
feedfly,Feedfly ‑ Product Feed,sales-channels-selling-online-product-feeds,1,5.0,0,75,0,1e-09,0.0,
feedgrid,FeedGrid ‑ Instagram & TikTok,store-design-images-and-media-image-gallery,1,5.0,0,50,0,1e-09,0.0,
file-upload-field,ThanhBT: File Upload,store-design-notifications-forms,1,5.0,0,37,0,1e-09,0.0,
file-uploder-pro,Upload PRO by Neural Matrix,selling-products-custom-products-custom-file-upload,1,5.0,0,52,0,1e-09,0.0,
firmwater-lms,Firmwater LMS Connect,selling-products-digital-goods-and-services-digital-products,1,5.0,0,55,0,1e-09,0.0,
first-wish,First Wish ‑ Wishlist & Boards,marketing-and-conversion-customer-loyalty-wishlists,1,1.0,0,71,0,1e-09,0.0,
flowsend,FlowSend ‑ Flow Mail App,marketing-and-conversion-marketing-email-marketing,1,5.0,0,28,0,1e-09,0.0,
fly-to-cart-pro,Fly to Cart Pro,store-design-design-elements-animation-and-effects,1,5.0,0,36,0,1e-09,0.0,
formboost,FormBoost COD Form & Upsells,selling-products-payments-pay-later,1,5.0,0,31,0,1e-09,0.0,
formiva,Formiva AI Custom Form Builder,store-design-notifications-forms,1,5.0,0,60,0,1e-09,0.0,
formpify,Formpify ‑ Visual Form Builder,store-design-notifications-forms,1,1.0,0,49,0,1e-09,0.0,
formsentry,FormSentry spam blocker,store-management-security-fraud,1,1.0,0,62,0,1e-09,0.0,
forthroute,Forthroute Returns Portal,orders-and-shipping-returns-and-warranty-returns-and-exchanges,1,5.0,0,63,0,1e-09,0.0,
fov-walmart-fulfillment-sync,Walmart MCS & WFS Sync ‑ FOV,orders-and-shipping-shipping-solutions-third-party-logistics-3pl,1,5.0,0,55,0,1e-09,0.0,
friends2a-google-forms,Friends2a Google Forms,store-design-notifications-forms,1,5.0,0,66,0,1e-09,0.0,
fs-countdown-timer-1,Pumper Countdown Timer Bar,marketing-and-conversion-upsell-and-bundles-countdown-timer,1,5.0,0,60,0,1e-09,0.0,
fulfillempire,Fulfillempire,orders-and-shipping-shipping-solutions-third-party-logistics-3pl,1,5.0,0,44,0,1e-09,0.0,
fulfilmentchina,FulfilmentChina,orders-and-shipping-shipping-solutions-third-party-logistics-3pl,1,5.0,0,48,0,1e-09,0.0,
fydez,Fydez Mobile App Builder,store-design-storefronts-mobile-app-builder,1,5.0,0,60,0,1e-09,0.0,
gemfind-jewelry-wishlist,GemFind Jewelry WishlistⓇ,marketing-and-conversion-customer-loyalty-wishlists,1,5.0,0,76,0,1e-09,0.0,
genie-booking-appointment,Genie Appointment Booking App,selling-products-digital-goods-and-services-event-booking,1,5.0,0,47,0,1e-09,0.0,
givex-connect,GiveX Connect,marketing-and-conversion-gifts-gift-cards,1,5.0,0,27,0,1e-09,0.0,
gm-snow-effect,GM Snow Effect,store-design-design-elements-animation-and-effects,1,5.0,0,38,0,1e-09,0.0,
goodcang,GoodCang,orders-and-shipping-shipping-solutions-third-party-logistics-3pl,1,1.0,0,51,0,1e-09,0.0,
google-customer-reviews-appio,Google Customer Reviews Appio,store-management-support-surveys,1,5.0,0,56,0,1e-09,0.0,
google-manufacturer-center,Simprosys Manufacturer Feed,sales-channels-selling-online-product-feeds,1,5.0,0,53,0,1e-09,0.0,
gooru-sync,Gooru Sync,orders-and-shipping-inventory-erp,1,5.0,0,46,0,1e-09,0.0,
gro-platform,Gro: Marketing & Subscriptions,selling-products-payments-subscriptions,1,5.0,0,63,0,1e-09,0.0,
gs-uploader,GS Uploader,selling-products-custom-products-custom-file-upload,1,5.0,0,67,0,1e-09,0.0,
gstsuite-centralized-app,GanitSy,store-management-finances-taxes,1,5.0,0,60,0,1e-09,0.0,
gutschein-pro,Gutschein Pro,marketing-and-conversion-gifts-gift-cards,1,5.0,0,25,0,1e-09,0.0,
helpdesk-software,HelpDesk for Ecommerce support,store-management-support-helpdesk,1,1.0,0,58,0,1e-09,0.0,
helpmate-faq-help-center,HelpMate ‑ FAQ & Help Center,store-management-support-faq,1,5.0,0,32,0,1e-09,0.0,
heymarket-sms-1,Heymarket SMS,marketing-and-conversion-marketing-sms-marketing,1,1.0,0,57,0,1e-09,0.0,
hide-price-request-for-quote,MIT Request Quote & Hide Price,selling-products-pricing-pricing-quotes,1,5.0,0,58,0,1e-09,0.0,
hiko-ultimate-social-login,HIKO Social Login Plus,store-management-security-accounts-and-login,1,5.0,0,51,0,1e-09,0.0,
holded-erp,Holded,orders-and-shipping-orders-invoices-and-receipts,1,1.0,0,66,0,1e-09,0.0,
hoppy-delivery-dates,Hoppy Delivery Date App,orders-and-shipping-shipping-solutions-shipping-rates,1,5.0,0,72,0,1e-09,0.0,
hsdsfulfill,FlowBorder,finding-products-sourcing-options-dropshipping,1,5.0,0,61,0,1e-09,0.0,
hubspot-form-integration,HubSpot Forms Integration,store-design-notifications-forms,1,5.0,0,46,0,1e-09,0.0,
humantouch,HumanTouch: Helpdesk & Chat,store-management-support-helpdesk,1,5.0,0,50,0,1e-09,0.0,
huskify-appointment-booking,Huskify ‑ Appointment Booking,selling-products-digital-goods-and-services-event-booking,1,5.0,0,50,0,1e-09,0.0,
iconic-product-comparison,Iconic Product Comparison,store-design-product-display-product-comparison,1,5.0,0,41,0,1e-09,0.0,
iconic-trust-badges,Iconic: Trust Badges & Icons,store-design-design-elements-badges-and-icons,1,5.0,0,72,0,1e-09,0.0,
idenfy-id-verification,iDenfy ID Verification,store-management-security-fraud,1,5.0,0,44,0,1e-09,0.0,
ieps-oms,IEPS OMS | Courier & Logistics,orders-and-shipping-shipping-solutions-third-party-logistics-3pl,1,1.0,0,42,0,1e-09,0.0,
india-post-tracking,India Post Tracking,orders-and-shipping-orders-order-tracking,1,5.0,0,74,0,1e-09,0.0,
indiagstsuite,India GST Suite,store-management-finances-taxes,1,1.0,0,61,0,1e-09,0.0,
influencer-form,Seed: Influencer Gift Form,marketing-and-conversion-social-trust-social-proof,1,5.0,0,33,0,1e-09,0.0,
inovo-product-options,"Inovo Product Options, Variant",selling-products-custom-products-custom-file-upload,1,5.0,0,43,0,1e-09,0.0,
insure-booster,InsureBooster Order Protection,orders-and-shipping-returns-and-warranty-warranties-and-insurance,1,5.0,0,49,0,1e-09,0.0,
insureparcel,InsureParcel Shipping Protect,orders-and-shipping-returns-and-warranty-warranties-and-insurance,1,5.0,0,43,0,1e-09,0.0,
interac-widget-by-clik2pay,Interac Widget by Clik2pay,selling-products-payments-payment-experience,1,2.0,0,31,0,1e-09,0.0,
ip-moat,IP Moat ‑ Counterfeit Defence,store-management-security-anti-theft,1,5.0,0,32,0,1e-09,0.0,
iyosa-announcement-bar-1,iyosa ‑ Announcement Bar,store-design-notifications-banners,1,5.0,0,92,0,1e-09,0.0,
j-t-egypt-1,J&T Egypt,orders-and-shipping-shipping-solutions-delivery-and-pickup,1,1.0,0,91,0,1e-09,0.0,
jazz-branded-sms-pakistan,Jazz ‑ Branded SMS Pakistan,marketing-and-conversion-marketing-sms-marketing,1,5.0,0,43,0,1e-09,0.0,
jewlrway,JewlrWay: Print On Demand,finding-products-sourcing-options-print-on-demand-pod,1,5.0,0,72,0,1e-09,0.0,
job-portal,JobFly Career Page Builder,selling-products-digital-goods-and-services-event-booking,1,1.0,0,53,0,1e-09,0.0,
joor-retailer-product-sync,JOOR: Retailer Product Sync,store-design-content-product-content,1,5.0,0,27,0,1e-09,0.0,
justt-lite,Justt ‑ Win More Chargebacks,store-management-security-fraud,1,5.0,0,61,0,1e-09,0.0,
k-floating-buttons,K: Floating Buttons,store-design-design-elements-badges-and-icons,1,5.0,0,83,0,1e-09,0.0,
k-gdpr-cookie-consent,K: GDPR Cookie Consent Banner,store-design-internationalization-cookie-consent,1,5.0,0,15,0,1e-09,0.0,
k-warnings,K: Warning Popups & Alerts,store-management-security-legal,1,5.0,0,91,0,1e-09,0.0,
k1-file-uploads-1,K1 Photo Upload File Manager,selling-products-custom-products-custom-file-upload,1,5.0,0,48,0,1e-09,0.0,
kakao-alimtalk-notifications,Kakao Alimtalk Notifications,orders-and-shipping-orders-order-tracking,1,5.0,0,65,0,1e-09,0.0,
kapida-odeme-wp-otomasyon,Kapıda Ödeme + WP Otomasyon,selling-products-payments-pay-later,1,5.0,0,46,0,1e-09,0.0,
karix-notification-app,Karix SMS and WhatsApp Notify,marketing-and-conversion-marketing-sms-marketing,1,5.0,0,60,0,1e-09,0.0,
keeping,Keeping ‑ Helpdesk for Gmail,store-management-support-helpdesk,1,5.0,0,48,0,1e-09,0.0,
kernvel-gateiq,Kernvel GateIQ,store-management-security-accounts-and-login,1,5.0,0,61,0,1e-09,0.0,
kernvel-listiq,Kernvel ListIQ,marketing-and-conversion-customer-loyalty-wishlists,1,5.0,0,64,0,1e-09,0.0,
kode-unik-order,Unique Transactions Code,store-management-operations-staff-notifications,1,5.0,0,36,0,1e-09,0.0,
krown-product-blocks,Krown Product Blocks,store-design-design-elements-badges-and-icons,1,5.0,0,52,0,1e-09,0.0,
kurumsal-fatura,Kurumsal Fatura Bilgileri,orders-and-shipping-orders-order-editing,1,5.0,0,41,0,1e-09,0.0,
kvkk,KVKK,store-management-security-anti-theft,1,5.0,0,35,0,1e-09,0.0,
lalamove-web-order-management,Lalamove E‑Commerce Connector,orders-and-shipping-shipping-solutions-delivery-and-pickup,1,5.0,0,89,0,1e-09,0.0,
leaf-ledger-tree-planting,Leafledger Tree Planting,marketing-and-conversion-customer-loyalty-donations,1,5.0,0,49,0,1e-09,0.0,
levanta,Levanta,marketing-and-conversion-advertising-affiliate-programs,1,5.0,0,24,0,1e-09,0.0,
lianlianpay-extention,LianLian Extention,store-management-operations-workflow-automation,1,5.0,0,48,0,1e-09,0.0,
limit-once-1,Limit Once,marketing-and-conversion-checkout-order-limits,1,5.0,0,32,0,1e-09,0.0,
linguise,Linguise AI Translation,store-design-internationalization-currency-and-translation,1,5.0,0,50,0,1e-09,0.0,
link-it-sell-secret-url,LinkIT ‑ Sell Digital Products,selling-products-digital-goods-and-services-digital-products,1,5.0,0,53,0,1e-09,0.0,
lioren-enterprises-1,Lioren Enterprises,orders-and-shipping-orders-invoices-and-receipts,1,5.0,0,56,0,1e-09,0.0,
lister-ai-bulk-products,Lister AI Bulk Product Listing,store-design-content-product-content,1,5.0,0,40,0,1e-09,0.0,
live-chat-slack,Social Intents AI Live Chat,store-management-support-helpdesk,1,5.0,0,59,0,1e-09,0.0,
locateus,LocateUs ‑ Store Locator Map,sales-channels-selling-in-person-store-locator,1,5.0,0,37,0,1e-09,0.0,
logic-erp-integration,Logic ERP Integration,orders-and-shipping-inventory-erp,1,1.0,0,44,0,1e-09,0.0,
luma,Luma,store-management-support-helpdesk,1,5.0,0,53,0,1e-09,0.0,
lumaprints,Lumaprints Fulfillment,finding-products-sourcing-options-dropshipping,1,5.0,0,83,0,1e-09,0.0,
lumi-ai-seo-alt-text,Lumi: Alt Text & SEO,store-design-site-optimization-accessibility,1,5.0,0,36,0,1e-09,0.0,
lumora,Lumora: AI product images,store-design-images-and-media-image-editor,1,5.0,0,83,0,1e-09,0.0,
lupper,"Lupper: Email, SMS & Pop‑ups",marketing-and-conversion-marketing-email-marketing,1,5.0,0,77,0,1e-09,0.0,
lyst,Lyst ‑ Wishlist & Favorites,marketing-and-conversion-customer-loyalty-wishlists,1,5.0,0,33,0,1e-09,0.0,
marginmate-1,MarginMate,selling-products-pricing-pricing-optimization,1,5.0,0,84,0,1e-09,0.0,
matat-otech-erp,Matat Otech ERP,orders-and-shipping-inventory-erp,1,5.0,0,49,0,1e-09,0.0,
mate,Mate,finding-products-sourcing-options-dropshipping,1,5.0,0,81,0,1e-09,0.0,
mbe-e-link,MBE eShip plugin,orders-and-shipping-shipping-solutions-shipping-rates,1,1.0,0,93,0,1e-09,0.0,
mc-whatsapp-notifications-chat,MC WhatsApp Order Notification,selling-products-payments-pay-later,1,5.0,0,36,0,1e-09,0.0,
mce-wholesale-pricing,Wholesale Pricing B2B Discount,finding-products-sourcing-options-wholesale,1,5.0,0,82,0,1e-09,0.0,
mdpositions,MDPositions ‑ Sort Collections,store-design-product-display-collections,1,5.0,0,34,0,1e-09,0.0,
mecaparts-pro,Mecaparts PRO,store-design-search-and-navigation-search-and-filters,1,1.0,0,52,0,1e-09,0.0,
mega-highlights-menu,Mega Highlights Menu,store-design-search-and-navigation-navigation-and-menus,1,5.0,0,57,0,1e-09,0.0,
mesh-ai-search-discovery,M:AI User‑Friendly Site Search,store-design-search-and-navigation-search-and-filters,1,5.0,0,59,0,1e-09,0.0,
meshtix,MeshTix Tickets & Events,selling-products-digital-goods-and-services-event-booking,1,5.0,0,32,0,1e-09,0.0,
mify-fieldb2b,Mify FieldB2B,sales-channels-selling-in-person-retail,1,5.0,0,45,0,1e-09,0.0,
mini-wishlist,Mini Wishlist,marketing-and-conversion-customer-loyalty-wishlists,1,5.0,0,49,0,1e-09,0.0,
minimum-order-quantity-manager,MOQ Manager and Order Limits,marketing-and-conversion-checkout-order-limits,1,5.0,0,58,0,1e-09,0.0,
mobidrag,Mobidrag – Mobile App Builder,store-design-storefronts-mobile-app-builder,1,5.0,0,44,0,1e-09,0.0,
mobile-app-store,Mobile App Builder,store-design-storefronts-mobile-app-builder,1,5.0,0,41,0,1e-09,0.0,
mobimint,Mobile App Builder ‑ Mobimint,store-design-storefronts-mobile-app-builder,1,5.0,0,45,0,1e-09,0.0,
montapacking,Monta,orders-and-shipping-shipping-solutions-third-party-logistics-3pl,1,5.0,0,21,0,1e-09,0.0,
motion-hero,Motion Hero ‑ GSAP Animations,store-design-design-elements-animation-and-effects,1,5.0,0,13,0,1e-09,0.0,
multi-user-customer-account,Webkul Multi User Account,store-management-security-accounts-and-login,1,5.0,0,76,0,1e-09,0.0,
multimap-location,Multimaps store locator,sales-channels-selling-in-person-store-locator,1,5.0,0,56,0,1e-09,0.0,
mystorefunding,MyStoreFunding,marketing-and-conversion-upsell-and-bundles-pre-orders,1,5.0,0,68,0,1e-09,0.0,
navidium-product-warranty,Navidium Product Warranty,orders-and-shipping-returns-and-warranty-warranties-and-insurance,1,5.0,0,29,0,1e-09,0.0,
new-app-39,Subsciptions Flow AI,selling-products-payments-subscriptions,1,5.0,0,47,0,1e-09,0.0,
new-in,New In | Products Tag Manager,store-design-product-display-collections,1,3.0,0,69,0,1e-09,0.0,
newsbreak-advertising,NewsBreak,marketing-and-conversion-advertising-ads,1,2.0,0,60,0,1e-09,0.0,
niftybridge,Overflo,selling-products-digital-goods-and-services-nfts-and-tokengating,1,5.0,0,6,0,1e-09,0.0,
no-brainer-sale-compare-at,No Brainer: Sale & Compare‑At,selling-products-pricing-pricing-optimization,1,5.0,0,44,0,1e-09,0.0,
norton-shopping-guarantee,Norton Shopping Guarantee,orders-and-shipping-returns-and-warranty-warranties-and-insurance,1,5.0,0,45,0,1e-09,0.0,
nova-vision,Nova Vision: Try‑On & Chat,store-design-images-and-media-3d-ar-vr,1,5.0,0,58,0,1e-09,0.0,
nur-islam,Nur: Ramadan & Eid Trust Kit,marketing-and-conversion-customer-loyalty-donations,1,5.0,0,34,0,1e-09,0.0,
octilo-3d-ar-viewer,Octilo 3D AR Viewer,store-design-images-and-media-3d-ar-vr,1,5.0,0,47,0,1e-09,0.0,
odemly,Odemly: POD Car Air Fresheners,finding-products-sourcing-options-print-on-demand-pod,1,5.0,0,57,0,1e-09,0.0,
offerwise,Offerwise,selling-products-pricing-pricing-quotes,1,5.0,0,77,0,1e-09,0.0,
oneassist-extended-warranty,OneAssist Protection,orders-and-shipping-returns-and-warranty-warranties-and-insurance,1,1.0,0,53,0,1e-09,0.0,
oo-eu-tax-exemption-plus,OO ‑ EU Tax Exemption Checkout,store-management-finances-taxes,1,5.0,0,64,0,1e-09,0.0,
orbits-events-calendar-widget,Orbits: Events Calendar Widget,selling-products-digital-goods-and-services-event-booking,1,5.0,0,31,0,1e-09,0.0,
order-attribute-change,AttriBolt ‑ Order Attributes,orders-and-shipping-orders-order-editing,1,5.0,0,64,0,1e-09,0.0,
order-buster,Order Buster,store-management-security-fraud,1,5.0,0,70,0,1e-09,0.0,
order-limit-1,Order Limits Quantity Breaks,finding-products-sourcing-options-wholesale,1,5.0,0,42,0,1e-09,0.0,
oshi-handling,Deshi Fulfillment,orders-and-shipping-orders-order-editing,1,5.0,0,19,0,1e-09,0.0,
pai-ai-blog-aeo,PAI: AI Blog & AEO,store-design-content-blogs,1,5.0,0,22,0,1e-09,0.0,
palley-unique-code-sales,Palley: Sell Digital Codes,selling-products-digital-goods-and-services-digital-products,1,5.0,0,51,0,1e-09,0.0,
panagora-raffle,Panagora Raffle,marketing-and-conversion-upsell-and-bundles-pre-orders,1,5.0,0,39,0,1e-09,0.0,
paperday,PaperDay ‑ Simple Team Notes,store-management-operations-staff-notifications,1,5.0,0,38,0,1e-09,0.0,
parcelis,Parcelis Shipping Protection,orders-and-shipping-returns-and-warranty-warranties-and-insurance,1,5.0,0,41,0,1e-09,0.0,
parlata,Parlata AI,store-management-support-surveys,1,5.0,0,62,0,1e-09,0.0,
partnerboost-affiliate,PartnerBoost: Affiliate,marketing-and-conversion-advertising-affiliate-programs,1,5.0,0,37,0,1e-09,0.0,
partnero-affiliate-management,Partnero Affiliate Management,marketing-and-conversion-advertising-affiliate-programs,1,5.0,0,51,0,1e-09,0.0,
partykit-uploads,PartyKit Uploads,selling-products-custom-products-custom-file-upload,1,5.0,0,53,0,1e-09,0.0,
pattern-creators,Pattern Creators,marketing-and-conversion-advertising-affiliate-programs,1,1.0,0,65,0,1e-09,0.0,
payment-customisation-breeze,Payment Customisation ‑ Breeze,selling-products-payments-pay-later,1,5.0,0,34,0,1e-09,0.0,
payment-rules-manager,Payment Manager,selling-products-payments-pay-later,1,5.0,0,40,0,1e-09,0.0,
paypager-app,PayPager: Failed Payment Alert,store-management-operations-staff-notifications,1,5.0,0,31,0,1e-09,0.0,
paytweak-hide-payment-methods,Hide & Sort Payment Methods,selling-products-payments-payment-experience,1,5.0,0,19,0,1e-09,0.0,
pdf-products-pro,PDF Products Pro,selling-products-digital-goods-and-services-digital-products,1,5.0,0,39,0,1e-09,0.0,
peasy-1,Peasy,orders-and-shipping-inventory-inventory-optimization,1,5.0,0,84,0,1e-09,0.0,
performad,GDPR Consent Banner,store-design-internationalization-cookie-consent,1,5.0,0,30,0,1e-09,0.0,
pify-google-shopping-feed,Pify Google Shopping Feed,sales-channels-selling-online-product-feeds,1,5.0,0,69,0,1e-09,0.0,
pinch-ai-manage-fraud-abuse,Pinch AI: Fraud & Return Abuse,store-management-security-fraud,1,5.0,0,42,0,1e-09,0.0,
pixcustom-product-customizer,PixCustom: Product Customizer,selling-products-custom-products-custom-file-upload,1,5.0,0,50,0,1e-09,0.0,
plant-for-the-planet,Plant‑for‑the‑Planet,marketing-and-conversion-customer-loyalty-donations,1,4.0,0,52,0,1e-09,0.0,
playbook,Playbook,store-management-operations-staff-notifications,1,5.0,0,26,0,1e-09,0.0,
polyglot-translate,Polyglot Translate,store-design-internationalization-currency-and-translation,1,4.0,0,65,0,1e-09,0.0,
pos-b2b-and-catalogs-pricing,POS ‑ B2B Catalogs & Pricing,sales-channels-selling-in-person-retail,1,5.0,0,51,0,1e-09,0.0,
postpo-1,Recura Shipping Protection,orders-and-shipping-returns-and-warranty-warranties-and-insurance,1,5.0,0,50,0,1e-09,0.0,
practical-fees-and-surcharges,Practical Fees & Surcharges,marketing-and-conversion-checkout-cart-customization,1,5.0,0,96,0,1e-09,0.0,
premium-store-locator,LocatePro by Digital Landmark,sales-channels-selling-in-person-store-locator,1,5.0,0,61,0,1e-09,0.0,
prevent-content-copying,Protection Shield,store-management-security-anti-theft,1,1.0,0,45,0,1e-09,0.0,
price-hider,Price Hider: Quote to Order,selling-products-pricing-pricing-quotes,1,5.0,0,83,0,1e-09,0.0,
price-history-like-amazon,Price History Like Amazon,selling-products-pricing-pricing-optimization,1,5.0,0,74,0,1e-09,0.0,
printlab,PrintLab: Product Designer,selling-products-custom-products-custom-file-upload,1,5.0,0,56,0,1e-09,0.0,
printlet-print-on-demand,Printlet: Print on Demand,finding-products-sourcing-options-print-on-demand-pod,1,5.0,0,73,0,1e-09,0.0,
priority-countdown-timer-1,AdScaled.io,marketing-and-conversion-upsell-and-bundles-countdown-timer,1,1.0,0,38,0,1e-09,0.0,
product-carousel,SKAPE ‑ Slider & Carousel,store-design-images-and-media-image-gallery,1,5.0,0,71,0,1e-09,0.0,
product-options-pasilobus,Pasilobus Product Options,selling-products-custom-products-custom-file-upload,1,1.0,0,63,0,1e-09,0.0,
productpoll,ProductPoll: Validate Demand,store-management-support-surveys,1,5.0,0,33,0,1e-09,0.0,
progus-subscriptions,Progus Subscriptions,selling-products-payments-subscriptions,1,5.0,0,55,0,1e-09,0.0,
proofstage,ProofStage | Design Approval,orders-and-shipping-orders-order-tracking,1,5.0,0,62,0,1e-09,0.0,
propel-product-registration,Warranty Registration ‑ Propel,orders-and-shipping-returns-and-warranty-warranties-and-insurance,1,5.0,0,39,0,1e-09,0.0,
push-lap-growth,Referly Affiliate Marketing,marketing-and-conversion-advertising-affiliate-programs,1,5.0,0,57,0,1e-09,0.0,
push-to-orio,Push to Orio,orders-and-shipping-shipping-solutions-delivery-and-pickup,1,5.0,0,73,0,1e-09,0.0,
pushouse,Pushouse: WhatsApp Marketing,marketing-and-conversion-marketing-sms-marketing,1,5.0,0,46,0,1e-09,0.0,
pw-store-locator,PW Store Locator,sales-channels-selling-in-person-store-locator,1,2.0,0,60,0,1e-09,0.0,
pwc-order-editor,PWC : Order & Checkout Editor,orders-and-shipping-orders-order-editing,1,5.0,0,59,0,1e-09,0.0,
qikify-b2b-solution,Duos B2B Self‑service,selling-products-pricing-pricing-quotes,1,5.0,0,57,0,1e-09,0.0,
qp-market-network,QPMN Print‑on‑Demand POD App,finding-products-sourcing-options-print-on-demand-pod,1,5.0,0,50,0,1e-09,0.0,
qservus-lite,QServus,store-management-support-surveys,1,1.0,0,65,0,1e-09,0.0,
quickchat-ai,Quickchat AI: Chatbot & Sales,store-management-support-helpdesk,1,5.0,0,45,0,1e-09,0.0,
quickpages,QuickPages AI Page Builder,store-design-storefronts-page-builder,1,5.0,0,79,0,1e-09,0.0,
quizcraft-smart-product-finder,QuizCraft:Smart Product Finder,store-design-product-display-product-comparison,1,5.0,0,61,0,1e-09,0.0,
quotezic,Quotezic – Request a Quote,selling-products-pricing-pricing-quotes,1,5.0,0,59,0,1e-09,0.0,
quotway-b2b-quote-negotiation,QuotWay: B2B Quote‑Negotiation,selling-products-pricing-pricing-quotes,1,5.0,0,53,0,1e-09,0.0,
rankira,Rankira: AI SEO & Blog Posts,store-design-content-blogs,1,5.0,0,46,0,1e-09,0.0,
rebill-subscription-app,Rebill Subscription App,selling-products-payments-subscriptions,1,1.0,0,75,0,1e-09,0.0,
recoverly-ai,Recoverly: Abandoned Cart AI,marketing-and-conversion-marketing-abandoned-cart,1,5.0,0,80,0,1e-09,0.0,
redirector,Redirector,store-design-internationalization-currency-and-translation,1,5.0,0,60,0,1e-09,0.0,
redo-recover,Redo Recover,marketing-and-conversion-marketing-abandoned-cart,1,5.0,0,81,0,1e-09,0.0,
reelify,TikTok Feed by Reelify,store-design-images-and-media-image-gallery,1,5.0,0,70,0,1e-09,0.0,
refero,Refero,marketing-and-conversion-advertising-affiliate-programs,1,5.0,0,67,0,1e-09,0.0,
refup-loyalty-rewards-refferal-store-credits,UP Refer a friend Store Credit,marketing-and-conversion-customer-loyalty-loyalty-and-rewards,1,5.0,0,89,0,1e-09,0.0,
reloflex-collection-automation,Reloflex Collection Generation,store-design-product-display-collections,1,5.0,0,50,0,1e-09,0.0,
rendered-fits-virtual-try-on,Rendered Fits Virtual Try On,store-design-images-and-media-3d-ar-vr,1,5.0,0,52,0,1e-09,0.0,
reorderly-lists,ReOrderly ‑ B2B Reorder Lists,marketing-and-conversion-customer-loyalty-wishlists,1,5.0,0,63,0,1e-09,0.0,
request-quote,InstantQuote,selling-products-pricing-pricing-quotes,1,5.0,0,86,0,1e-09,0.0,
resellerkit,ResellerKit: B2B Wholesale,finding-products-sourcing-options-wholesale,1,5.0,0,83,0,1e-09,0.0,
respondize,Respondize | AI Email Support,store-management-support-helpdesk,1,5.0,0,64,0,1e-09,0.0,
restock-alerts-storebeep,Storebeep Restock Alerts,marketing-and-conversion-upsell-and-bundles-stock-alerts,1,5.0,0,81,0,1e-09,0.0,
restokly-preorder-back-in-stock,Restokly | Pre‑order & Restock,marketing-and-conversion-upsell-and-bundles-pre-orders,1,5.0,0,55,0,1e-09,0.0,
retailers-map-app,Store Locator by TGL,sales-channels-selling-in-person-store-locator,1,5.0,0,46,0,1e-09,0.0,
reterior-line-icon-app,LINE誘導ボタンらくらく設置｜リテリア LINE誘導,store-management-support-surveys,1,4.0,0,63,0,1e-09,0.0,
retrics-geolocation-redirects,Retrics Geo Redirect & Locator,sales-channels-selling-in-person-store-locator,1,5.0,0,30,0,1e-09,0.0,
returnpro,ReturnPro Returns Portal,orders-and-shipping-returns-and-warranty-returns-and-exchanges,1,5.0,0,77,0,1e-09,0.0,
reversso,Reversso,orders-and-shipping-returns-and-warranty-returns-and-exchanges,1,5.0,0,52,0,1e-09,0.0,
reviso-order-editor,Reviso: Order editing & Upsell,orders-and-shipping-returns-and-warranty-returns-and-exchanges,1,5.0,0,60,0,1e-09,0.0,
rewarx-ai-product-photography,Rewarx AI Product Photography,store-design-images-and-media-image-editor,1,5.0,0,73,0,1e-09,0.0,
rex-feedback,Rex Feedback,store-management-support-surveys,1,5.0,0,70,0,1e-09,0.0,
right-click-disable,Disable Right Click Master,store-management-security-anti-theft,1,5.0,0,39,0,1e-09,0.0,
rightreviews,RightReviews,marketing-and-conversion-social-trust-product-reviews,1,5.0,0,94,0,1e-09,0.0,
riten-ai,RITEN AI,store-design-content-blogs,1,5.0,0,68,0,1e-09,0.0,
rq-request-a-quote-hide-price,"RQ Request a Quote, Hide Price",selling-products-pricing-pricing-quotes,1,5.0,0,68,0,1e-09,0.0,
ryx-wishlist,RYX Wishlist｜かんたんお気に入り機能,marketing-and-conversion-customer-loyalty-wishlists,1,5.0,0,58,0,1e-09,0.0,
salesdish-content-protection,Salesdish Content Protection,store-management-security-anti-theft,1,5.0,0,36,0,1e-09,0.0,
sapiex-store-locator,Sapiex Store Locator,sales-channels-selling-in-person-store-locator,1,5.0,0,45,0,1e-09,0.0,
sbit-store-backup-restore,Sbit: Store Backup & Restore,sales-channels-selling-online-store-data-importer,1,5.0,0,58,0,1e-09,0.0,
scala-escassez-urgencia,Scala Urgency Countdown Timer,marketing-and-conversion-upsell-and-bundles-countdown-timer,1,5.0,0,52,0,1e-09,0.0,
scalorder-cod-form,ScalOrder COD Form & Upsells,selling-products-payments-pay-later,1,5.0,0,25,0,1e-09,0.0,
scrolly-telling,Scrolly Telling,store-design-search-and-navigation-navigation-and-menus,1,5.0,0,69,0,1e-09,0.0,
scurix-background-remover,Scurix Background Remover,store-design-images-and-media-image-editor,1,5.0,0,75,0,1e-09,0.0,
section-shop,Section Shop: Theme Sections,store-design-storefronts-page-builder,1,5.0,0,47,0,1e-09,0.0,
sectionboost,SectionBoost,store-design-storefronts-page-builder,1,5.0,0,89,0,1e-09,0.0,
sectionkit,Section Kit: Theme Sections,store-design-storefronts-page-builder,1,5.0,0,75,0,1e-09,0.0,
securecommerce-1,SecurEcommerce Shop Protection,store-management-security-anti-theft,1,5.0,0,38,0,1e-09,0.0,
selloship-v2-1,SELLOSHIP,orders-and-shipping-shipping-solutions-delivery-and-pickup,1,5.0,0,84,0,1e-09,0.0,
sellwise-ai-store-assistant,Claude: AI Store Assistant,store-design-content-product-content,1,1.0,0,11,0,1e-09,0.0,
seo-auto-write-easy-blog,BlogGenAuto|AI SEO Blog Writer,store-design-content-blogs,1,5.0,0,62,0,1e-09,0.0,
servicebook,BookService: Reservas y Citas,selling-products-digital-goods-and-services-event-booking,1,5.0,0,54,0,1e-09,0.0,
sgtlab-accessibility,ADA WCAG Accessibility Widget,store-design-site-optimization-accessibility,1,5.0,0,39,0,1e-09,0.0,
shade-finder-virtual-try-on,Match My Makeup Shade Finder,store-design-images-and-media-3d-ar-vr,1,5.0,0,42,0,1e-09,0.0,
share-a-cart-for-your-store,Share‑A‑Cart for Your Store,sales-channels-selling-online-product-feeds,1,3.0,0,66,0,1e-09,0.0,
shield-insurance,Shield Insurance,orders-and-shipping-returns-and-warranty-warranties-and-insurance,1,5.0,0,51,0,1e-09,0.0,
shipaware,ShipAware,store-management-operations-staff-notifications,1,5.0,0,20,0,1e-09,0.0,
shipmaxx,ShipMaxx: Simplified Shipping,orders-and-shipping-shipping-solutions-third-party-logistics-3pl,1,1.0,0,41,0,1e-09,0.0,
shipping-cutoff,Super Shipping Cutoff,marketing-and-conversion-upsell-and-bundles-countdown-timer,1,1.0,0,47,0,1e-09,0.0,
shipping-delivery-estimate,Shipify Delivery Estimate,marketing-and-conversion-upsell-and-bundles-countdown-timer,1,1.0,0,63,0,1e-09,0.0,
shipsafely,Ship‑Safely: Parcel Protection,orders-and-shipping-returns-and-warranty-warranties-and-insurance,1,5.0,0,28,0,1e-09,0.0,
shopeo-shoppable-videos,Shopeo ‑ Shoppable Videos,store-design-images-and-media-video-and-livestream,1,5.0,0,68,0,1e-09,0.0,
shopflowtools-bulk-fulfill,Bulk Tracking Upload,orders-and-shipping-orders-order-editing,1,5.0,0,46,0,1e-09,0.0,
shopify-application-388,UR: Limited‑Time Sale Schedule,marketing-and-conversion-upsell-and-bundles-pre-orders,1,5.0,0,70,0,1e-09,0.0,
shopify-application-392,UR: Preorder｜Back in stock,marketing-and-conversion-upsell-and-bundles-pre-orders,1,5.0,0,60,0,1e-09,0.0,
shopify-application-433,UR: Limit 1 Item Per Customer,marketing-and-conversion-checkout-order-limits,1,5.0,0,44,0,1e-09,0.0,
shoplab-accessibility-check,shoplab ‑ Accessibility Check,store-design-site-optimization-accessibility,1,1.0,0,40,0,1e-09,0.0,
shopquestions,ShopQuestions,store-management-support-faq,1,5.0,0,40,0,1e-09,0.0,
shopsort,ShopSort,store-design-product-display-collections,1,5.0,0,46,0,1e-09,0.0,
shopwise-orderwise-sync,Shopwise ‑ Orderwise Connector,orders-and-shipping-inventory-erp,1,5.0,0,50,0,1e-09,0.0,
showform-contact-form-builder,ShowForm Contact Form & Popups,store-design-notifications-forms,1,5.0,0,48,0,1e-09,0.0,
shuffler,Shuffler,store-design-product-display-collections,1,5.0,0,40,0,1e-09,0.0,
simple-calendar,Twist: Simple Calendar,selling-products-digital-goods-and-services-event-booking,1,5.0,0,58,0,1e-09,0.0,
simple-image-upload,Guse ‑ Simple Image Upload,selling-products-custom-products-custom-file-upload,1,5.0,0,65,0,1e-09,0.0,
simple-nps-survey,Simple NPS Survey,store-management-support-surveys,1,5.0,0,64,0,1e-09,0.0,
simple-request-a-quote,Simple Request a Quote,selling-products-pricing-pricing-quotes,1,5.0,0,63,0,1e-09,0.0,
sirdata-cmp,Sirdata CMP,store-design-internationalization-cookie-consent,1,5.0,0,19,0,1e-09,0.0,
sitealerts,SiteAlerts Site Notifications,store-management-operations-staff-notifications,1,5.0,0,39,0,1e-09,0.0,
sizewise,Size Wise ‑ Size Chart & Guide,store-design-product-display-product-comparison,1,5.0,0,73,0,1e-09,0.0,
slicktext-v2,SlickText: SMS Marketing,marketing-and-conversion-marketing-sms-marketing,1,1.0,0,67,0,1e-09,0.0,
smart-comparison-widget,Smart Product Comparison,store-design-product-display-product-comparison,1,5.0,0,66,0,1e-09,0.0,
smartblog-seo-ai-analytics,Smart AI Blog: AI Blog Posting,store-design-content-blogs,1,5.0,0,57,0,1e-09,0.0,
smartnotify-for-slack,SmartNotify for Slack,store-management-operations-staff-notifications,1,5.0,0,15,0,1e-09,0.0,
smind-builder,Smind Landing Page Builder,store-design-storefronts-page-builder,1,3.0,0,88,0,1e-09,0.0,
snap-locator,Snap Locator: Store Finder,sales-channels-selling-in-person-store-locator,1,5.0,0,27,0,1e-09,0.0,
snowfall,Seasonly,store-design-design-elements-animation-and-effects,1,5.0,0,26,0,1e-09,0.0,
socialreplai,SocialReplAI,marketing-and-conversion-marketing-abandoned-cart,1,5.0,0,82,0,1e-09,0.0,
soonify-coming-soon,Soonify: Coming Soon,store-design-storefronts-page-builder,1,5.0,0,77,0,1e-09,0.0,
sorted-by-mvidev,Sorted by MVIDEV,store-design-product-display-collections,1,5.0,0,52,0,1e-09,0.0,
sortify-collection-sort,Sortify ‑ Collection Sort,store-design-product-display-collections,1,2.0,0,44,0,1e-09,0.0,
sortify-collection-sorting,Sortify – Collection Sorting,store-design-product-display-collections,1,5.0,0,65,0,1e-09,0.0,
sortly,Sortly ‑ Smart Product Sorting,store-design-product-display-collections,1,5.0,0,49,0,1e-09,0.0,
sparklayer-b2b-catalogs,SparkLayer B2B Catalogs,store-management-security-accounts-and-login,1,5.0,0,22,0,1e-09,0.0,
speakify,Speakify‑AI Voice for Products,store-design-content-product-content,1,5.0,0,64,0,1e-09,0.0,
specfit-eyewear-live-try-on,Specfit ‑ Eyewear Live Try‑On,store-design-images-and-media-3d-ar-vr,1,5.0,0,45,0,1e-09,0.0,
spx-express,SPX Express SG,orders-and-shipping-shipping-solutions-third-party-logistics-3pl,1,5.0,0,27,0,1e-09,0.0,
spx-express-ph,SPX Express PH,orders-and-shipping-shipping-solutions-third-party-logistics-3pl,1,5.0,0,35,0,1e-09,0.0,
staff-ping-notifications,Staff Ping Order Notifications,store-management-operations-staff-notifications,1,5.0,0,9,0,1e-09,0.0,
staxxer,Staxxer,store-management-finances-taxes,1,5.0,0,37,0,1e-09,0.0,
stella-wishlist,Stella Wishlist,marketing-and-conversion-customer-loyalty-wishlists,1,5.0,0,45,0,1e-09,0.0,
stock-meter,Stock Meter: Real‑Time Stock,marketing-and-conversion-upsell-and-bundles-stock-alerts,1,5.0,0,82,0,1e-09,0.0,
stockguard-alerts,StockGuard Alerts,orders-and-shipping-inventory-inventory-optimization,1,5.0,0,76,0,1e-09,0.0,
stockpile,Plenisher Inventory Management,orders-and-shipping-inventory-inventory-optimization,1,5.0,0,68,0,1e-09,0.0,
stocktag,StockTag,store-design-product-display-collections,1,5.0,0,55,0,1e-09,0.0,
store-credit-4,JD Store Credits Extra,marketing-and-conversion-gifts-gift-cards,1,5.0,0,30,0,1e-09,0.0,
store-fence,Store Fence: Country Blocker,store-management-security-anti-theft,1,1.0,0,46,0,1e-09,0.0,
store-locator-by-mp-1,Makkpress ‑ Store Locator,sales-channels-selling-in-person-store-locator,1,1.0,0,59,0,1e-09,0.0,
storelist,SL Store Locator Map,sales-channels-selling-in-person-store-locator,1,5.0,0,52,0,1e-09,0.0,
strikeright,StrikeRight Strikethrough,selling-products-pricing-pricing-optimization,1,5.0,0,79,0,1e-09,0.0,
subsell-subscriptions-app,Subsell Subscriptions App,selling-products-payments-subscriptions,1,5.0,0,69,0,1e-09,0.0,
suede-1,Suede,store-design-content-product-content,1,5.0,0,45,0,1e-09,0.0,
sun-age-verification-popup,Avada Age Verification Popup,store-design-notifications-pop-ups,1,5.0,0,65,0,1e-09,0.0,
super-payments-marketing,Super Payments Marketing,selling-products-payments-payment-experience,1,5.0,0,29,0,1e-09,0.0,
supermetrics,Supermetrics,store-management-operations-analytics,1,2.0,0,58,0,1e-09,0.0,
support-ticket,Ticketline: Support Tickets,store-management-support-helpdesk,1,5.0,0,51,0,1e-09,0.0,
supportpilotai,Support Pilot AI ‑ helpdesk,store-management-support-helpdesk,1,5.0,0,63,0,1e-09,0.0,
survser,Survser ‑ Surveys and Feedback,store-management-support-surveys,1,5.0,0,67,0,1e-09,0.0,
synchrony-marketing,Synchrony On‑Site Messaging,selling-products-payments-payment-experience,1,4.0,0,20,0,1e-09,0.0,
syncost-1,Syncost Profit Tracker & P&L,store-management-finances-accounting,1,5.0,0,92,0,1e-09,0.0,
synq-tcg-card-manager,Synq ‑ TCG Manager,store-design-content-product-content,1,1.0,0,53,0,1e-09,0.0,
tacey,Tacey: Order Edit & Validation,orders-and-shipping-orders-order-editing,1,5.0,0,53,0,1e-09,0.0,
tapfiliate,Tapfiliate Affiliate Marketing,marketing-and-conversion-advertising-affiliate-programs,1,5.0,0,53,0,1e-09,0.0,
tax-switcher-zonvi,Taxly: VAT Switcher,store-management-finances-taxes,1,5.0,0,65,0,1e-09,0.0,
taxually-ltd,Taxually,store-management-finances-taxes,1,1.0,0,30,0,1e-09,0.0,
team-stores-1,Team Stores | Private Stores,store-design-storefronts-page-builder,1,2.0,0,82,0,1e-09,0.0,
telenor-branded-sms-pakistan,Telenor ‑ Branded SMS Pakistan,marketing-and-conversion-marketing-sms-marketing,1,5.0,0,63,0,1e-09,0.0,
thank-you-page-extendons,EXT Thank You Page & Surveys,store-management-support-surveys,1,5.0,0,69,0,1e-09,0.0,
thankify-smart-thank-you-page,Thankify: Smart Thank You Page,store-management-support-surveys,1,5.0,0,42,0,1e-09,0.0,
theme-add-ons,Tence Add‑Ons,selling-products-payments-payment-experience,1,5.0,0,35,0,1e-09,0.0,
theme-changer,Launchify,store-design-design-elements-animation-and-effects,1,1.0,0,51,0,1e-09,0.0,
thingtesting,Thingtesting,store-management-support-surveys,1,5.0,0,41,0,1e-09,0.0,
thob-3d-studio,thob 3d studio,store-design-images-and-media-3d-ar-vr,1,5.0,0,60,0,1e-09,0.0,
timer-plus,Timer Plus ‑ Countdown,marketing-and-conversion-upsell-and-bundles-countdown-timer,1,5.0,0,66,0,1e-09,0.0,
timetable,My Timetable,selling-products-digital-goods-and-services-event-booking,1,5.0,0,55,0,1e-09,0.0,
torod,Torod ‑ Shipping Management,orders-and-shipping-returns-and-warranty-returns-and-exchanges,1,5.0,0,74,0,1e-09,0.0,
trackingmania,TrackingMania Dropship Tracker,orders-and-shipping-orders-order-tracking,1,5.0,0,80,0,1e-09,0.0,
trivara-logistics-1,Trivara logistics,orders-and-shipping-shipping-solutions-third-party-logistics-3pl,1,5.0,0,36,0,1e-09,0.0,
troquecommerce,Troquecommerce,orders-and-shipping-returns-and-warranty-returns-and-exchanges,1,5.0,0,45,0,1e-09,0.0,
truecod-cod-fraud-protection,TrueCOD: Reduce RTO & Fraud,store-management-security-fraud,1,5.0,0,66,0,1e-09,0.0,
truegradient,TrueGradient Inventory Planner,selling-products-pricing-pricing-optimization,1,5.0,0,83,0,1e-09,0.0,
trustio-sync-track,Trustio PayPal Tracking Sync,orders-and-shipping-orders-order-tracking,1,5.0,0,48,0,1e-09,0.0,
trustway-protection,Trustway: Package Protection,orders-and-shipping-returns-and-warranty-warranties-and-insurance,1,5.0,0,52,0,1e-09,0.0,
tryon-app,LookSee,store-design-images-and-media-3d-ar-vr,1,5.0,0,53,0,1e-09,0.0,
tubereview,Embed YouTube Videos,store-design-images-and-media-video-and-livestream,1,5.0,0,54,0,1e-09,0.0,
tusk,Tusk ‑ Custom Checkout Fields,store-management-security-legal,1,5.0,0,79,0,1e-09,0.0,
txted-conv-commerce,Txted AI: Price Alert,store-management-support-helpdesk,1,5.0,0,61,0,1e-09,0.0,
unitee-print-on-demand,Unitee ‑ Print on Demand India,finding-products-sourcing-options-print-on-demand-pod,1,5.0,0,63,0,1e-09,0.0,
uplinkly-courses,Courses By Uplinkly,selling-products-digital-goods-and-services-digital-products,1,5.0,0,43,0,1e-09,0.0,
uploadfly,Uploadfly ‑ File Upload,selling-products-custom-products-custom-file-upload,1,5.0,0,54,0,1e-09,0.0,
usecreative,UseCreative: Product Photos,store-design-images-and-media-image-editor,1,5.0,0,77,0,1e-09,0.0,
vaarden-1,Vaarden,store-management-support-helpdesk,1,5.0,0,52,0,1e-09,0.0,
vahapos,VahaPOS: Sell By Weight & QR,sales-channels-selling-in-person-retail,1,5.0,0,55,0,1e-09,0.0,
valuefirst-for-whatsapp,ValueFirst WhatsApp App,marketing-and-conversion-marketing-sms-marketing,1,1.0,0,74,0,1e-09,0.0,
variant2product,Variant2Product,sales-channels-selling-online-product-feeds,1,5.0,0,64,0,1e-09,0.0,
vendorhub,VendorHub,store-management-operations-staff-notifications,1,5.0,0,32,0,1e-09,0.0,
vendornotify,Vendor Notify ‑ Order Export,store-management-operations-staff-notifications,1,5.0,0,25,0,1e-09,0.0,
vensa-ai-virtual-try-on,Vensa: AI Virtual Try On,store-design-images-and-media-3d-ar-vr,1,5.0,0,44,0,1e-09,0.0,
verifactu-connect,Veri*Factu Connect,store-management-finances-taxes,1,5.0,0,56,0,1e-09,0.0,
verifyid-mitid-aldersbekraeft,VerifyID ‑ Age Verification,store-management-security-legal,1,5.0,0,77,0,1e-09,0.0,
videoreel,Video Reel YouTube Gallery,store-design-images-and-media-video-and-livestream,1,5.0,0,76,0,1e-09,0.0,
vidify-1,Vidify ‑ Video Banner,store-design-notifications-banners,1,5.0,0,55,0,1e-09,0.0,
viewforge-ymm-search-filter,ViewForge: YMM Search & Filter,store-design-search-and-navigation-navigation-and-menus,1,5.0,0,48,0,1e-09,0.0,
viformy,Viformy Form Builder & Survey,store-design-notifications-forms,1,5.0,0,43,0,1e-09,0.0,
visionbrain-visual-search,Smart Visual Search,store-design-search-and-navigation-search-and-filters,1,1.0,0,70,0,1e-09,0.0,
vista-order-editing,Vista Order Editing & Upsell,orders-and-shipping-orders-order-editing,1,5.0,0,51,0,1e-09,0.0,
voltr,Voltr,marketing-and-conversion-advertising-affiliate-programs,1,5.0,0,66,0,1e-09,0.0,
voria,Voria: AI‑Powered Helpdesk,store-management-support-helpdesk,1,5.0,0,67,0,1e-09,0.0,
wave-app,Gift & Paid Vouchers (QR code),sales-channels-selling-in-person-retail,1,5.0,0,49,0,1e-09,0.0,
wavebyte,Wave Byte,sales-channels-selling-online-store-data-importer,1,5.0,0,49,0,1e-09,0.0,
wcag-tool,WebComply ADA & WCAG,store-design-site-optimization-accessibility,1,5.0,0,37,0,1e-09,0.0,
wegetfinancing-sync,WeGetFinancing Messaging,selling-products-payments-payment-experience,1,5.0,0,34,0,1e-09,0.0,
weighpay,WeighPay – Sell by Weight,selling-products-pricing-pricing-optimization,1,5.0,0,66,0,1e-09,0.0,
wezy-request-quote-hide-price,"Wezy Request Quote, Hide Price",store-design-notifications-forms,1,5.0,0,65,0,1e-09,0.0,
whatflow-ai,WhatFlow AI Chatbot & LiveChat,store-management-support-chat,1,5.0,0,93,0,1e-09,0.0,
whatsapp-business-notification,WAlert: Business notifications,store-management-operations-staff-notifications,1,1.0,0,40,0,1e-09,0.0,
whatsapp-chat-14,MB WhatsApp Chat Button,store-management-support-chat,1,5.0,0,63,0,1e-09,0.0,
whatsapp-me-chat-widget,WaMe : Whatsapp Chat Button,store-design-design-elements-badges-and-icons,1,3.0,0,71,0,1e-09,0.0,
widerruf-button-eu-withdrawal,Widerruf Button EU Withdrawal,store-management-security-legal,1,5.0,0,40,0,1e-09,0.0,
widerruf-manager,Widerruf Manager,store-management-security-legal,1,5.0,0,88,0,1e-09,0.0,
widerruf-manager-de,Widerruf Manager,store-management-security-legal,1,5.0,0,55,0,1e-09,0.0,
widrop,WiDrop,finding-products-sourcing-options-dropshipping,1,5.0,0,78,0,1e-09,0.0,
wiederrufsbutton-pro-1,Withdrawal Manager Pro,store-management-support-helpdesk,1,5.0,0,57,0,1e-09,0.0,
wishfinity-universal-wishlist,+Wishfinity Social Wishlist,marketing-and-conversion-customer-loyalty-wishlists,1,3.0,0,69,0,1e-09,0.0,
wishlist-40,Wonder Wishlist,marketing-and-conversion-customer-loyalty-wishlists,1,5.0,0,77,0,1e-09,0.0,
wishlist-supply-list,Pasilobus Wishlists,marketing-and-conversion-customer-loyalty-wishlists,1,5.0,0,47,0,1e-09,0.0,
withdrawal-app,Compliantly ‑ EU Withdrawal,orders-and-shipping-returns-and-warranty-returns-and-exchanges,1,5.0,0,76,0,1e-09,0.0,
woflow-connector,Woflow Connector,sales-channels-selling-online-store-data-importer,1,5.0,0,68,0,1e-09,0.0,
workshop-by-bikebook,Workshop by Bikebook,orders-and-shipping-inventory-erp,1,5.0,0,32,0,1e-09,0.0,
wp-maps,WP Maps ‑ Store Locator App,sales-channels-selling-in-person-store-locator,1,4.0,0,63,0,1e-09,0.0,
wtpbiz-gallery-wall,Gallery Wall‑ Photo Collage,selling-products-custom-products-custom-file-upload,1,5.0,0,57,0,1e-09,0.0,
wxwerp,旺销王ERP,orders-and-shipping-inventory-erp,1,1.0,0,29,0,1e-09,0.0,
xml-exporter-for-pohoda,XML Exporter for Pohoda,store-design-product-display-collections,1,5.0,0,47,0,1e-09,0.0,
xo-tunnel,XO Tunnel ‑ Notion sync,store-design-content-blogs,1,5.0,0,67,0,1e-09,0.0,
xpreorder,XPreOrder: Pre order Manager,marketing-and-conversion-upsell-and-bundles-pre-orders,1,5.0,0,38,0,1e-09,0.0,
yashipe-cod-form-1,Yashipe COD Form,selling-products-payments-pay-later,1,5.0,0,33,0,1e-09,0.0,
ycloud-wa-chat,YCloud: WA Chat & Marketing,marketing-and-conversion-marketing-abandoned-cart,1,5.0,0,92,0,1e-09,0.0,
zapify-wishlist-lab,Zapify Wishlist Lab,marketing-and-conversion-customer-loyalty-wishlists,1,5.0,0,79,0,1e-09,0.0,
zenloop-surveys,zenloop: Product Reviews,store-management-support-surveys,1,5.0,0,58,0,1e-09,0.0,
zeno-ai-semantic-search,AI Search & Filter,store-design-search-and-navigation-search-and-filters,1,5.0,0,62,0,1e-09,0.0,
zeno-product-options,Zeno Custom Product Options,selling-products-custom-products-custom-file-upload,1,5.0,0,39,0,1e-09,0.0,
zs-b2b-gateway,ZS B2B Gateway,store-design-notifications-forms,1,5.0,0,71,0,1e-09,0.0,
zs-smart-content-ai,ZS Smart Content AI,store-design-content-product-content,1,5.0,0,63,0,1e-09,0.0,
zs-spin-view,ZS Spin View: AI 360° Generate,store-design-images-and-media-image-editor,1,5.0,0,24,0,1e-09,0.0,
zs-wishlist,ZS Wishlist,marketing-and-conversion-customer-loyalty-wishlists,1,5.0,0,61,0,1e-09,0.0,
